geo,time,natural_gas_proved_reserves_total
are,1980,2079720000
are,1981,2219220000
are,1982,2608830000
are,1983,2675520000
are,1984,2727270000
are,1985,2762370000
are,1986,4750920000
are,1987,4987710000
are,1988,4969260000
are,1989,4957830000
are,1990,4934160000
are,1991,5083380000
are,1992,5085090000
are,1993,5085090000
are,1994,5946840000
are,1995,5141250000
are,1996,5075460000
are,1997,5320260000
are,1998,5261490000
are,1999,5260590000
are,2000,5259780000
are,2001,5315850000
are,2002,5312340000
are,2003,5306220000
are,2004,5337810000
are,2005,5365890000
are,2006,5652000000
are,2007,5648490000
are,2008,5343930000
are,2009,5344830000
are,2010,5344830000
are,2011,5344830000
are,2012,5344830000
are,2013,5344830000
are,2014,5344830000
are,2015,5344830000
are,2016,5344830000
are,2017,5344830000
arg,1980,561033000
arg,1981,567162000
arg,1982,605673000
arg,1983,594297000
arg,1984,584667000
arg,1985,596043000
arg,1986,587295000
arg,1987,606546000
arg,1988,676566000
arg,1989,587295000
arg,1990,577665000
arg,1991,562788000
arg,1992,473508000
arg,1993,452502000
arg,1994,468261000
arg,1995,541782000
arg,1996,561915000
arg,1997,598671000
arg,1998,601299000
arg,1999,638055000
arg,2000,680949000
arg,2001,668691000
arg,2002,581166000
arg,2003,535653000
arg,2004,474390000
arg,2005,384237000
arg,2006,390366000
arg,2007,386838000
arg,2008,348813000
arg,2009,331443000
arg,2010,313965000
arg,2011,291033000
arg,2012,276147000
arg,2013,287307000
arg,2014,290772000
arg,2015,306765000
arg,2016,294669000
arg,2017,294669000
aus,1980,127206000
aus,1981,320742000
aus,1982,449982000
aus,1983,441558000
aus,1984,483678000
aus,1985,497718000
aus,1986,633204000
aus,1987,750438000
aus,1988,725166000
aus,1989,670410000
aus,1990,650754000
aus,1991,666900000
aus,1992,706212000
aus,1993,696384000
aus,1994,907020000
aus,1995,887328000
aus,1996,954720000
aus,1997,1048770000
aus,1998,1396260000
aus,1999,1396260000
aus,2000,1546470000
aus,2001,1872270000
aus,2002,1774620000
aus,2003,1671930000
aus,2004,1630440000
aus,2005,1652220000
aus,2006,1666800000
aus,2007,1609470000
aus,2008,2468970000
aus,2009,2478060000
aus,2010,2573730000
aus,2011,3270150000
aus,2012,3270150000
aus,2013,3270150000
aus,2014,3270150000
aus,2015,3270150000
aus,2016,3270150000
aus,2017,3270150000
aze,1997,590121000
aze,1998,590121000
aze,1999,891180000
aze,2000,891180000
aze,2001,891180000
aze,2002,891180000
aze,2003,891180000
aze,2004,891180000
aze,2005,891180000
aze,2006,891180000
aze,2007,898173000
aze,2008,949860000
aze,2009,915660000
aze,2010,918810000
aze,2011,918810000
aze,2012,918810000
aze,2013,907380000
aze,2014,1205280000
aze,2015,1186830000
aze,2016,1186830000
aze,2017,1186830000
bgd,1980,247743000
bgd,1981,274599000
bgd,1982,293661000
bgd,1983,269406000
bgd,1984,305784000
bgd,1985,305784000
bgd,1986,306657000
bgd,1987,306657000
bgd,1988,303183000
bgd,1989,628029000
bgd,1990,628029000
bgd,1991,623700000
bgd,1992,262476000
bgd,1993,257274000
bgd,1994,260739000
bgd,1995,235620000
bgd,1996,259875000
bgd,1997,257274000
bgd,1998,257274000
bgd,1999,279801000
bgd,2000,265068000
bgd,2001,294525000
bgd,2002,294525000
bgd,2003,375084000
bgd,2004,365553000
bgd,2005,352566000
bgd,2006,331776000
bgd,2007,323982000
bgd,2008,297990000
bgd,2009,315315000
bgd,2010,306657000
bgd,2011,302319000
bgd,2012,238842000
bgd,2013,219348000
bgd,2014,201105000
bgd,2015,177912000
bgd,2016,160101000
bgd,2017,160101000
bhr,1980,199215000
bhr,1981,192375000
bhr,1982,189810000
bhr,1983,186390000
bhr,1984,182970000
bhr,1985,178695000
bhr,1986,174420000
bhr,1987,169290000
bhr,1988,162450000
bhr,1989,156465000
bhr,1990,151335000
bhr,1991,147915000
bhr,1992,142785000
bhr,1993,135945000
bhr,1994,130815000
bhr,1995,125685000
bhr,1996,121410000
bhr,1997,121410000
bhr,1998,121410000
bhr,1999,100890000
bhr,2000,94050000
bhr,2001,94050000
bhr,2002,94050000
bhr,2003,78660000
bhr,2004,76950000
bhr,2005,76950000
bhr,2006,76950000
bhr,2007,72675000
bhr,2008,76950000
bhr,2009,198045000
bhr,2010,187200000
bhr,2011,187200000
bhr,2012,170424000
bhr,2013,162891000
bhr,2014,154980000
bhr,2015,147114000
bhr,2016,139392000
bhr,2017,139392000
bol,1980,105957000
bol,1981,133749000
bol,1982,126801000
bol,1983,116379000
bol,1984,108558000
bol,1985,112041000
bol,1986,118980000
bol,1987,123327000
bol,1988,127674000
bol,1989,100746000
bol,1990,98136000
bol,1991,100746000
bol,1992,104220000
bol,1993,102483000
bol,1994,93798000
bol,1995,110304000
bol,1996,93798000
bol,1997,102483000
bol,1998,130275000
bol,1999,449883000
bol,2000,586233000
bol,2001,673083000
bol,2002,706095000
bol,2003,679167000
bol,2004,657450000
bol,2005,656640000
bol,2006,642690000
bol,2007,616635000
bol,2008,616635000
bol,2009,244458000
bol,2010,244053000
bol,2011,244053000
bol,2012,275445000
bol,2013,258228000
bol,2014,243477000
bol,2015,243477000
bol,2016,243477000
bol,2017,243477000
bra,1980,49178700
bra,1981,55674000
bra,1982,66808800
bra,1983,76087800
bra,1984,77943600
bra,1985,86294700
bra,1986,89078400
bra,1987,97425000
bra,1988,101142000
bra,1989,107640000
bra,1990,106704000
bra,1991,115056000
bra,1992,123408000
bra,1993,127125000
bra,1994,135477000
bra,1995,142893000
bra,1996,146610000
bra,1997,211563000
bra,1998,209709000
bra,1999,214344000
bra,2000,205065000
bra,2001,203985000
bra,2002,226917000
bra,2003,227655000
bra,2004,302571000
bra,2005,284301000
bra,2006,322821000
bra,2007,338670000
bra,2008,337977000
bra,2009,340623000
bra,2010,392508000
bra,2011,426276000
bra,2012,426078000
bra,2013,425133000
bra,2014,437130000
bra,2015,398961000
bra,2016,350199000
bra,2017,342792000
brn,1980,181638000
brn,1981,186030000
brn,1982,193923000
brn,1983,191295000
brn,1984,208845000
brn,1985,208845000
brn,1986,298350000
brn,1987,290448000
brn,1988,282555000
brn,1989,278163000
brn,1990,290448000
brn,1991,347490000
brn,1992,351000000
brn,1993,351000000
brn,1994,351000000
brn,1995,351000000
brn,1996,351000000
brn,1997,343098000
brn,1998,335205000
brn,1999,328185000
brn,2000,321165000
brn,2001,312390000
brn,2002,307125000
brn,2003,302733000
brn,2004,300987000
brn,2005,298350000
brn,2006,290448000
brn,2007,300987000
brn,2008,281673000
brn,2009,271152000
brn,2010,264339000
brn,2011,252720000
brn,2012,252720000
brn,2013,242190000
brn,2014,242190000
brn,2015,242190000
brn,2016,242190000
brn,2017,242190000
can,1980,2136240000
can,1981,2197170000
can,1982,2221110000
can,1983,2240010000
can,1984,2408040000
can,1985,2386620000
can,1986,2354040000
can,1987,2308590000
can,1988,2289690000
can,1989,2341980000
can,1990,2336040000
can,1991,2323980000
can,1992,2290590000
can,1993,1913400000
can,1994,1627020000
can,1995,1653660000
can,1996,1664820000
can,1997,1550790000
can,1998,1498500000
can,1999,1473570000
can,2000,1442790000
can,2001,1452150000
can,2002,1426500000
can,2003,1374210000
can,2004,1371600000
can,2005,1399500000
can,2006,1405620000
can,2007,1400580000
can,2008,1503810000
can,2009,1480860000
can,2010,1694790000
can,2011,1646370000
can,2012,1714050000
can,2013,1738260000
can,2014,1703610000
can,2015,1861290000
can,2016,1796040000
can,2017,1694520000
chn,1980,637497000
chn,1981,634410000
chn,1982,779274000
chn,1983,791973000
chn,1984,807120000
chn,1985,790974000
chn,1986,784620000
chn,1987,810927000
chn,1988,836415000
chn,1989,927720000
chn,1990,906210000
chn,1991,908730000
chn,1992,1268910000
chn,1993,1515420000
chn,1994,1514520000
chn,1995,1514520000
chn,1996,1061640000
chn,1997,1052460000
chn,1998,1239930000
chn,1999,1239930000
chn,2000,1239930000
chn,2001,1240650000
chn,2002,1150200000
chn,2003,1211940000
chn,2004,1313550000
chn,2005,1391940000
chn,2006,1527030000
chn,2007,2045520000
chn,2008,2439540000
chn,2009,2581380000
chn,2010,2472390000
chn,2011,2636100000
chn,2012,2825910000
chn,2013,3037050000
chn,2014,3218760000
chn,2015,4211460000
chn,2016,4931370000
chn,2017,4931370000
col,1980,105687000
col,1981,105687000
col,1982,103950000
col,1983,97884000
col,1984,94419000
col,1985,92691000
col,1986,97884000
col,1987,84026700
col,1988,110016000
col,1989,94419000
col,1990,87491700
col,1991,85759200
col,1992,160254000
col,1993,182781000
col,1994,185373000
col,1995,187974000
col,1996,187974000
col,1997,169785000
col,1998,169785000
col,1999,162855000
col,2000,111744000
col,2001,110880000
col,2002,103950000
col,2003,98748000
col,2004,103086000
col,2005,97884000
col,2006,106551000
col,2007,108243000
col,2008,107541000
col,2009,116199000
col,2010,132579000
col,2011,134001000
col,2012,140481000
col,2013,135108000
col,2014,116739000
col,2015,106974000
col,2016,98703000
col,2017,98703000
deu,1980,209700000
deu,1981,196245000
deu,1982,190701000
deu,1983,253215000
deu,1984,242136000
deu,1985,234225000
deu,1986,302283000
deu,1987,297531000
deu,1988,287244000
deu,1989,277749000
deu,1990,171711000
deu,1991,154305000
deu,1992,156681000
deu,1993,156681000
deu,1994,175671000
deu,1995,190053000
deu,1996,193887000
deu,1997,181170000
deu,1998,180540000
deu,1999,213678000
deu,2000,208845000
deu,2001,201384000
deu,2002,190233000
deu,2003,171630000
deu,2004,159210000
deu,2005,147897000
deu,2006,128907000
deu,2007,117351000
deu,2008,99864000
deu,2009,77785200
deu,2010,69002100
deu,2011,62909100
deu,2012,56182500
deu,2013,49456800
deu,2014,40514400
deu,2015,36716400
deu,2016,33313500
deu,2017,29181600
dnk,1980,76936500
dnk,1981,76936500
dnk,1982,76936500
dnk,1983,91944000
dnk,1984,96642000
dnk,1985,85380300
dnk,1986,66616200
dnk,1987,65677500
dnk,1988,74122200
dnk,1989,101331000
dnk,1990,92889000
dnk,1991,94761000
dnk,1992,121032000
dnk,1993,118224000
dnk,1994,116343000
dnk,1995,112590000
dnk,1996,106965000
dnk,1997,104148000
dnk,1998,97578000
dnk,1999,133236000
dnk,2000,135108000
dnk,2001,132291000
dnk,2002,122472000
dnk,2003,128727000
dnk,2004,124407000
dnk,2005,114696000
dnk,2006,112446000
dnk,2007,64738800
dnk,2008,51460200
dnk,2009,59850000
dnk,2010,48627900
dnk,2011,40262400
dnk,2012,35615700
dnk,2013,34187400
dnk,2014,32790600
dnk,2015,15967800
dnk,2016,12210300
dnk,2017,12217500
dza,1980,3223350000
dza,1981,3186090000
dza,1982,3129750000
dza,1983,3058740000
dza,1984,2981610000
dza,1985,2901060000
dza,1986,2823120000
dza,1987,2739960000
dza,1988,2801430000
dza,1989,2815290000
dza,1990,2858580000
dza,1991,3141000000
dza,1992,3161790000
dza,1993,3205080000
dza,1994,2566710000
dza,1995,3196440000
dza,1996,3205080000
dza,1997,3531690000
dza,1998,3531690000
dza,1999,3915450000
dza,2000,3918060000
dza,2001,3918060000
dza,2002,3918060000
dza,2003,3937140000
dza,2004,3937140000
dza,2005,3901770000
dza,2006,3901770000
dza,2007,3901590000
dza,2008,3901590000
dza,2009,3901590000
dza,2010,3901590000
dza,2011,3901590000
dza,2012,3901500000
dza,2013,3901500000
dza,2014,3901590000
dza,2015,3901590000
dza,2016,3901590000
dza,2017,3901590000
egy,1980,72765000
egy,1981,71899200
egy,1982,175851000
egy,1983,173250000
egy,1984,203571000
egy,1985,220896000
egy,1986,251217000
egy,1987,265941000
egy,1988,284994000
egy,1989,304056000
egy,1990,328311000
egy,1991,343035000
egy,1992,377685000
egy,1993,515421000
egy,1994,546606000
egy,1995,558729000
egy,1996,735444000
egy,1997,803016000
egy,1998,883575000
egy,1999,1059390000
egy,2000,1241370000
egy,2001,1348740000
egy,2002,1435410000
egy,2003,1494090000
egy,2004,1619910000
egy,2005,1641510000
egy,2006,1773180000
egy,2007,1793160000
egy,2008,1862460000
egy,2009,1897110000
egy,2010,1914390000
egy,2011,1897110000
egy,2012,1767150000
egy,2013,1599300000
egy,2014,1599300000
egy,2015,1599300000
egy,2016,1599300000
egy,2017,1599300000
gbr,1980,661779000
gbr,1981,594612000
gbr,1982,566856000
gbr,1983,637596000
gbr,1984,649233000
gbr,1985,580284000
gbr,1986,567747000
gbr,1987,576702000
gbr,1988,528345000
gbr,1989,501480000
gbr,1990,488052000
gbr,1991,483570000
gbr,1992,546255000
gbr,1993,564165000
gbr,1994,591030000
gbr,1995,626850000
gbr,1996,680580000
gbr,1997,685053000
gbr,1998,676098000
gbr,1999,680580000
gbr,2000,658188000
gbr,2001,586548000
gbr,2002,564165000
gbr,2003,528345000
gbr,2004,475506000
gbr,2005,430731000
gbr,2006,368946000
gbr,2007,307152000
gbr,2008,261486000
gbr,2009,229248000
gbr,2010,226197000
gbr,2011,220320000
gbr,2012,218502000
gbr,2013,215811000
gbr,2014,184473000
gbr,2015,185364000
gbr,2016,165564000
gbr,2017,165564000
idn,1980,750897000
idn,1981,788967000
idn,1982,876960000
idn,1983,1086390000
idn,1984,1552050000
idn,1985,1810710000
idn,1986,2069100000
idn,1987,2162250000
idn,1988,2339100000
idn,1989,2331900000
idn,1990,2615940000
idn,1991,1680840000
idn,1992,1662570000
idn,1993,1662570000
idn,1994,1662570000
idn,1995,1781280000
idn,1996,1872630000
idn,1997,1965870000
idn,1998,1992330000
idn,1999,2393370000
idn,2000,2449980000
idn,2001,2377800000
idn,2002,2335860000
idn,2003,2335860000
idn,2004,2529450000
idn,2005,2263680000
idn,2006,2404350000
idn,2007,2742210000
idn,2008,2909340000
idn,2009,2804040000
idn,2010,2708550000
idn,2011,2708550000
idn,2012,2673360000
idn,2013,2626560000
idn,2014,2593440000
idn,2015,2534760000
idn,2016,2618280000
idn,2017,2622960000
ind,1980,297126000
ind,1981,356031000
ind,1982,363825000
ind,1983,400203000
ind,1984,414063000
ind,1985,415800000
ind,1986,468639000
ind,1987,478170000
ind,1988,519750000
ind,1989,594243000
ind,1990,606375000
ind,1991,632358000
ind,1992,636696000
ind,1993,621972000
ind,1994,608103000
ind,1995,585684000
ind,1996,555534000
ind,1997,599670000
ind,1998,584514000
ind,1999,561294000
ind,2000,658188000
ind,2001,660906000
ind,2002,650304000
ind,2003,739773000
ind,2004,799551000
ind,2005,953730000
ind,2006,931230000
ind,2007,913860000
ind,2008,944190000
ind,2009,966060000
ind,2010,994950000
ind,2011,1107090000
ind,2012,1152360000
ind,2013,1173600000
ind,2014,1236240000
ind,2015,1084410000
ind,2016,1063260000
ind,2017,1117260000
irn,1980,12500100000
irn,1981,12486600000
irn,1982,12472200000
irn,1983,12450600000
irn,1984,12425400000
irn,1985,12398400000
irn,1986,12371400000
irn,1987,12341700000
irn,1988,12588300000
irn,1989,15070500000
irn,1990,15073200000
irn,1991,17552700000
irn,1992,18350100000
irn,1993,18350100000
irn,1994,18407700000
irn,1995,17154000000
irn,1996,20389500000
irn,1997,20389500000
irn,1998,21365100000
irn,1999,22162500000
irn,2000,23049000000
irn,2001,23137200000
irn,2002,23661000000
irn,2003,24440400000
irn,2004,24378300000
irn,2005,24449400000
irn,2006,23802300000
irn,2007,24937200000
irn,2008,26249400000
irn,2009,26249400000
irn,2010,29334600000
irn,2011,29804400000
irn,2012,29945700000
irn,2013,30159000000
irn,2014,30159000000
irn,2015,29698200000
irn,2016,29893500000
irn,2017,29893500000
irq,1980,664677000
irq,1981,661041000
irq,1982,697365000
irq,1983,702126000
irq,1984,699390000
irq,1985,702126000
irq,1986,702117000
irq,1987,855000000
irq,1988,2299950000
irq,1989,2663280000
irq,1990,2656440000
irq,1991,2650500000
irq,1992,2650500000
irq,1993,2650500000
irq,1994,2663280000
irq,1995,2872800000
irq,1996,2872800000
irq,1997,2725740000
irq,1998,2725740000
irq,1999,2808630000
irq,2000,2658240000
irq,2001,2658240000
irq,2002,2727450000
irq,2003,2710350000
irq,2004,2710350000
irq,2005,2710350000
irq,2006,2710350000
irq,2007,2710350000
irq,2008,2710350000
irq,2009,2710350000
irq,2010,2711610000
irq,2011,3067560000
irq,2012,3067560000
irq,2013,3067560000
irq,2014,3158370000
irq,2015,3158370000
irq,2016,3158370000
irq,2017,3158370000
isr,1980,2592000
isr,1981,1728000
isr,1982,864000
isr,1983,864000
isr,1984,864000
isr,1985,864000
isr,1986,864000
isr,1987,864000
isr,1988,864000
isr,1989,864000
isr,1990,864000
isr,1991,864000
isr,1992,864000
isr,1993,864000
isr,1994,864000
isr,1995,864000
isr,1996,864000
isr,1997,864000
isr,1998,864000
isr,1999,1728000
isr,2000,38880000
isr,2001,38880000
isr,2002,38880000
isr,2003,40608000
isr,2004,40608000
isr,2005,38880000
isr,2006,38880000
isr,2007,38016000
isr,2008,38016000
isr,2009,77760000
isr,2010,174528000
isr,2011,174528000
isr,2012,174528000
isr,2013,168471000
isr,2014,164196000
isr,2015,156582000
isr,2016,149355000
isr,2017,410121000
ita,1980,138168000
ita,1981,154575000
ita,1982,155439000
ita,1983,203796000
ita,1984,215883000
ita,1985,224514000
ita,1986,228834000
ita,1987,259056000
ita,1988,282375000
ita,1989,284103000
ita,1990,278055000
ita,1991,317781000
ita,1992,259920000
ita,1993,252153000
ita,1994,257328000
ita,1995,256464000
ita,1996,240057000
ita,1997,236610000
ita,1998,228834000
ita,1999,179613000
ita,2000,171846000
ita,2001,158022000
ita,2002,148527000
ita,2003,116577000
ita,2004,107622000
ita,2005,100719000
ita,2006,81298800
ita,2007,72364500
ita,2008,60315300
ita,2009,54898200
ita,2010,57007800
ita,2011,53833500
ita,2012,51315300
ita,2013,48532500
ita,2014,46382400
ita,2015,42417900
ita,2016,32912100
ita,2017,38585700
kaz,1997,1312110000
kaz,1998,1312110000
kaz,1999,1286820000
kaz,2000,1286820000
kaz,2001,1286820000
kaz,2002,1328850000
kaz,2003,1328850000
kaz,2004,1328850000
kaz,2005,1328850000
kaz,2006,1335780000
kaz,2007,1363770000
kaz,2008,1363770000
kaz,2009,1363770000
kaz,2010,1361970000
kaz,2011,1231920000
kaz,2012,852723000
kaz,2013,973440000
kaz,2014,968040000
kaz,2015,995400000
kaz,2016,983880000
kaz,2017,1029510000
kwt,1980,901170000
kwt,1981,894330000
kwt,1982,889200000
kwt,1983,885780000
kwt,1984,887319000
kwt,1985,886203000
kwt,1986,997740000
kwt,1987,1030230000
kwt,1988,1178190000
kwt,1989,1197000000
kwt,1990,1297890000
kwt,1991,1291860000
kwt,1992,1278270000
kwt,1993,1275660000
kwt,1994,1281870000
kwt,1995,1277370000
kwt,1996,1273050000
kwt,1997,1273950000
kwt,1998,1267110000
kwt,1999,1267110000
kwt,2000,1331280000
kwt,2001,1331280000
kwt,2002,1331280000
kwt,2003,1344060000
kwt,2004,1344060000
kwt,2005,1344060000
kwt,2006,1521900000
kwt,2007,1525320000
kwt,2008,1525320000
kwt,2009,1525320000
kwt,2010,1525320000
kwt,2011,1525320000
kwt,2012,1525320000
kwt,2013,1525320000
kwt,2014,1525320000
kwt,2015,1525320000
kwt,2016,1525320000
kwt,2017,1525320000
lby,1980,585675000
lby,1981,568575000
lby,1982,558315000
lby,1983,547200000
lby,1984,536940000
lby,1985,535230000
lby,1986,622440000
lby,1987,621585000
lby,1988,707085000
lby,1989,1041390000
lby,1990,1032840000
lby,1991,1119150000
lby,1992,1110690000
lby,1993,1102140000
lby,1994,1120050000
lby,1995,1122570000
lby,1996,1120950000
lby,1997,1123470000
lby,1998,1124370000
lby,1999,1124370000
lby,2000,1123470000
lby,2001,1123470000
lby,2002,1285110000
lby,2003,1274850000
lby,2004,1274850000
lby,2005,1125180000
lby,2006,1214100000
lby,2007,1316700000
lby,2008,1316700000
lby,2009,1324350000
lby,2010,1278270000
lby,2011,1322730000
lby,2012,1324350000
lby,2013,1287630000
lby,2014,1286730000
lby,2015,1286730000
lby,2016,1286730000
lby,2017,1286730000
mex,1980,1627830000
mex,1981,1901430000
mex,1982,1901430000
mex,1983,1943280000
mex,1984,1935270000
mex,1985,1930770000
mex,1986,1912050000
mex,1987,1888020000
mex,1988,1851480000
mex,1989,1835460000
mex,1990,1804320000
mex,1991,1790010000
mex,1992,1766880000
mex,1993,1757970000
mex,1994,1725840000
mex,1995,1707120000
mex,1996,1612710000
mex,1997,1601100000
mex,1998,758241000
mex,1999,767151000
mex,2000,743985000
mex,2001,710127000
mex,2002,377784000
mex,2003,375111000
mex,2004,373329000
mex,2005,363528000
mex,2006,345672000
mex,2007,332343000
mex,2008,319869000
mex,2009,301905000
mex,2010,315234000
mex,2011,321273000
mex,2012,320760000
mex,2013,309645000
mex,2014,288819000
mex,2015,217224000
mex,2016,176211000
mex,2017,176211000
mmr,1980,82234800
mmr,1981,129105000
mmr,1982,129105000
mmr,1983,216639000
mmr,1984,229905000
mmr,1985,236979000
mmr,1986,236979000
mmr,1987,236979000
mmr,1988,236097000
mmr,1989,235206000
mmr,1990,234324000
mmr,1991,245826000
mmr,1992,245826000
mmr,1993,236979000
mmr,1994,236979000
mmr,1995,236979000
mmr,1996,249363000
mmr,1997,250245000
mmr,1998,252009000
mmr,1999,253782000
mmr,2000,253782000
mmr,2001,305064000
mmr,2002,393489000
mmr,2003,358119000
mmr,2004,428859000
mmr,2005,475731000
mmr,2006,475731000
mmr,2007,437184000
mmr,2008,305325000
mmr,2009,294210000
mmr,2010,195507000
mmr,2011,195507000
mmr,2012,250389000
mmr,2013,466479000
mmr,2014,467235000
mmr,2015,467235000
mmr,2016,1051290000
mmr,2017,1051290000
mys,1980,1022130000
mys,1981,1061370000
mys,1982,1180620000
mys,1983,1226700000
mys,1984,1192140000
mys,1985,1282860000
mys,1986,1299060000
mys,1987,1278720000
mys,1988,1265220000
mys,1989,1255140000
mys,1990,1396440000
mys,1991,1448460000
mys,1992,1663110000
mys,1993,1883880000
mys,1994,1979550000
mys,1995,2077650000
mys,1996,1967220000
mys,1997,1957410000
mys,1998,2134080000
mys,1999,2104650000
mys,2000,2023650000
mys,2001,2023650000
mys,2002,2141460000
mys,2003,2183130000
mys,2004,2134530000
mys,2005,2089710000
mys,2006,2157390000
mys,2007,2181240000
mys,2008,2158830000
mys,2009,2157840000
mys,2010,2172960000
mys,2011,2207340000
mys,2012,2259720000
mys,2013,2411730000
mys,2014,2469150000
mys,2015,2463120000
mys,2016,2463120000
mys,2017,2463120000
nga,1980,992790000
nga,1981,980640000
nga,1982,1184220000
nga,1983,1171350000
nga,1984,1158570000
nga,1985,1145700000
nga,1986,2052000000
nga,1987,2057940000
nga,1988,2116980000
nga,1989,2421360000
nga,1990,2428200000
nga,1991,2907000000
nga,1992,3177360000
nga,1993,3149010000
nga,1994,2949750000
nga,1995,2970270000
nga,1996,2971080000
nga,1997,2978010000
nga,1998,3002760000
nga,1999,3002760000
nga,2000,3510630000
nga,2001,3960990000
nga,2002,4272660000
nga,2003,4321980000
nga,2004,4470750000
nga,2005,4404780000
nga,2006,4452030000
nga,2007,4524660000
nga,2008,4524660000
nga,2009,4524660000
nga,2010,4426830000
nga,2011,4425120000
nga,2012,4376250000
nga,2013,4366530000
nga,2014,4552020000
nga,2015,4518090000
nga,2016,4681260000
nga,2017,4681260000
nld,1980,1790640000
nld,1981,1729440000
nld,1982,1684080000
nld,1983,1654650000
nld,1984,1618830000
nld,1985,1586250000
nld,1986,1555200000
nld,1987,1519380000
nld,1988,1493100000
nld,1989,1483560000
nld,1990,1680840000
nld,1991,1659420000
nld,1992,1639530000
nld,1993,1598940000
nld,1994,1588590000
nld,1995,1552770000
nld,1996,1535310000
nld,1997,1548810000
nld,1998,1505880000
nld,1999,1460520000
nld,2000,1413630000
nld,2001,1382580000
nld,2002,1343610000
nld,2003,1284750000
nld,2004,1250550000
nld,2005,1201230000
nld,2006,1144710000
nld,2007,1105740000
nld,2008,1069920000
nld,2009,1105740000
nld,2010,1037340000
nld,2011,978480000
nld,2012,759699000
nld,2013,713556000
nld,2014,635598000
nld,2015,656280000
nld,2016,588663000
nld,2017,588663000
nor,1980,346581000
nor,1981,332289000
nor,1982,308169000
nor,1983,363555000
nor,1984,339435000
nor,1985,487179000
nor,1986,404460000
nor,1987,1113750000
nor,1988,1547100000
nor,1989,1545300000
nor,1990,1500750000
nor,1991,1137690000
nor,1992,1233360000
nor,1993,1210140000
nor,1994,1202130000
nor,1995,1207890000
nor,1996,1322010000
nor,1997,1047780000
nor,1998,1046880000
nor,1999,1113840000
nor,2000,1124640000
nor,2001,1955340000
nor,2002,1890990000
nor,2003,2198250000
nor,2004,2131290000
nor,2005,2106270000
nor,2006,2056230000
nor,2007,2066130000
nor,2008,1978560000
nor,2009,1827630000
nor,2010,1824030000
nor,2011,1849050000
nor,2012,1866870000
nor,2013,1830240000
nor,2014,1716840000
nor,2015,1658700000
nor,2016,1575180000
nor,2017,1544580000
omn,1980,68708700
omn,1981,66163500
omn,1982,70404300
omn,1983,139959000
omn,1984,182376000
omn,1985,184923000
omn,1986,194247000
omn,1987,230724000
omn,1988,240057000
omn,1989,236664000
omn,1990,237510000
omn,1991,78886800
omn,1992,127242000
omn,1993,169650000
omn,1994,217152000
omn,1995,384255000
omn,1996,523368000
omn,1997,459747000
omn,1998,481806000
omn,1999,704052000
omn,2000,728649000
omn,2001,802449000
omn,2002,802449000
omn,2003,839772000
omn,2004,844011000
omn,2005,844011000
omn,2006,831285000
omn,2007,831285000
omn,2008,805842000
omn,2009,448929000
omn,2010,441243000
omn,2011,436671000
omn,2012,428031000
omn,2013,598329000
omn,2014,583677000
omn,2015,598014000
omn,2016,598014000
omn,2017,598014000
pak,1980,262161000
pak,1981,284733000
pak,1982,321885000
pak,1983,274320000
pak,1984,273618000
pak,1985,267372000
pak,1986,324666000
pak,1987,388908000
pak,1988,307683000
pak,1989,312516000
pak,1990,337671000
pak,1991,392373000
pak,1992,428166000
pak,1993,404712000
pak,1994,405360000
pak,1995,367290000
pak,1996,354087000
pak,1997,327852000
pak,1998,363708000
pak,1999,361305000
pak,2000,450702000
pak,2001,464616000
pak,2002,493389000
pak,2003,489024000
pak,2004,522531000
pak,2005,609147000
pak,2006,609039000
pak,2007,602082000
pak,2008,548208000
pak,2009,523305000
pak,2010,495972000
pak,2011,491580000
pak,2012,485523000
pak,2013,436662000
pak,2014,409356000
pak,2015,341685000
pak,2016,328464000
pak,2017,341856000
per,1980,27720000
per,1981,27720000
per,1982,23389200
per,1983,22522500
per,1984,21655800
per,1985,23389200
per,1986,47644200
per,1987,294525000
per,1988,294525000
per,1989,294525000
per,1990,293661000
per,1991,297126000
per,1992,282402000
per,1993,287595000
per,1994,294525000
per,1995,174114000
per,1996,174114000
per,1997,171522000
per,1998,213966000
per,1999,213966000
per,2000,213966000
per,2001,213966000
per,2002,213966000
per,2003,213966000
per,2004,281529000
per,2005,289323000
per,2006,287235000
per,2007,289935000
per,2008,294399000
per,2009,294399000
per,2010,305685000
per,2011,311526000
per,2012,377163000
per,2013,369099000
per,2014,358767000
per,2015,345375000
per,2016,394677000
per,2017,394677000
png,1980,0
png,1981,0
png,1982,0
png,1983,0
png,1984,0
png,1985,98091
png,1986,269748
png,1987,527229
png,1988,784710
png,1989,1385550
png,1990,1477440
png,1991,2476710
png,1992,2672910
png,1993,3359520
png,1994,2623860
png,1995,2623860
png,1996,2623860
png,1997,2623860
png,1998,2623860
png,1999,2623860
png,2000,2623860
png,2001,2624670
png,2002,2484810
png,2003,2362230
png,2004,2232180
png,2005,2099700
png,2006,1974600
png,2007,1856880
png,2008,1729350
png,2009,134631000
png,2010,134496000
png,2011,134361000
png,2012,134235000
png,2013,134100000
png,2014,131049000
png,2015,122364000
png,2016,182232000
png,2017,172881000
pol,1980,69030000
pol,1981,66375000
pol,1982,64384200
pol,1983,62392500
pol,1984,60400800
pol,1985,63720000
pol,1986,109521000
pol,1987,108189000
pol,1988,113499000
pol,1989,108855000
pol,1990,105534000
pol,1991,101556000
pol,1992,104877000
pol,1993,102879000
pol,1994,102879000
pol,1995,101556000
pol,1996,98901000
pol,1997,102879000
pol,1998,93591000
pol,1999,96912000
pol,2000,78985800
pol,2001,76330800
pol,2002,76995000
pol,2003,73012500
pol,2004,72349200
pol,2005,70357500
pol,2006,75004200
pol,2007,76617000
pol,2008,77236200
pol,2009,81002700
pol,2010,80061300
pol,2011,70928100
pol,2012,68313600
pol,2013,65227500
pol,2014,62734500
pol,2015,60190200
pol,2016,58852800
pol,2017,60190200
qat,1980,2608200000
qat,1981,2636100000
qat,1982,2929590000
qat,1983,3167100000
qat,1984,3986820000
qat,1985,4135860000
qat,1986,4135860000
qat,1987,4135860000
qat,1988,4304430000
qat,1989,4303530000
qat,1990,4298850000
qat,1991,5987700000
qat,1992,6253200000
qat,1993,6585750000
qat,1994,6585750000
qat,1995,7917750000
qat,1996,7917750000
qat,1997,7917750000
qat,1998,10152900000
qat,1999,10392300000
qat,2000,13454100000
qat,2001,24016500000
qat,2002,24016500000
qat,2003,23607000000
qat,2004,23624100000
qat,2005,23879700000
qat,2006,23793300000
qat,2007,23720400000
qat,2008,23627700000
qat,2009,23587200000
qat,2010,23331600000
qat,2011,23331600000
qat,2012,23183100000
qat,2013,22987800000
qat,2014,22848300000
qat,2015,22635000000
qat,2016,22423500000
qat,2017,22423500000
rou,1980,251595000
rou,1981,234828000
rou,1982,213858000
rou,1983,192897000
rou,1984,176121000
rou,1985,226440000
rou,1986,197082000
rou,1987,166059000
rou,1988,138384000
rou,1989,111546000
rou,1990,88059600
rou,1991,403398000
rou,1992,390816000
rou,1993,373203000
rou,1994,356436000
rou,1995,341334000
rou,1996,326241000
rou,1997,313659000
rou,1998,301923000
rou,1999,291852000
rou,2000,280953000
rou,2001,270054000
rou,2002,260829000
rou,2003,255789000
rou,2004,247410000
rou,2005,526680000
rou,2006,526680000
rou,2007,526680000
rou,2008,517455000
rou,2009,508230000
rou,2010,499086000
rou,2011,91413000
rou,2012,85544100
rou,2013,85544100
rou,2014,92250000
rou,2015,92250000
rou,2016,92250000
rou,2017,92250000
rus,1991,30519900000
rus,1992,31257000000
rus,1993,31260600000
rus,1994,31058100000
rus,1995,30334500000
rus,1996,30082500000
rus,1997,30210300000
rus,1998,30027600000
rus,1999,29655000000
rus,2000,29840400000
rus,2001,30025800000
rus,2002,30519900000
rus,2003,30395700000
rus,2004,30272400000
rus,2005,30395700000
rus,2006,30395700000
rus,2007,30519900000
rus,2008,30581100000
rus,2009,30643200000
rus,2010,30704400000
rus,2011,31014000000
rus,2012,31176000000
rus,2013,31449600000
rus,2014,31544100000
rus,2015,31461300000
rus,2016,31349700000
rus,2017,31473000000
sau,1980,2721690000
sau,1981,2860920000
sau,1982,2934540000
sau,1983,3030120000
sau,1984,3084840000
sau,1985,3152430000
sau,1986,3438000000
sau,1987,3582000000
sau,1988,4292100000
sau,1989,4461750000
sau,1990,4465440000
sau,1991,4463640000
sau,1992,4487760000
sau,1993,4487760000
sau,1994,4497300000
sau,1995,4740570000
sau,1996,4867740000
sau,1997,5029110000
sau,1998,5188140000
sau,1999,5254830000
sau,2000,5387310000
sau,2001,5519520000
sau,2002,5682330000
sau,2003,5774670000
sau,2004,5777190000
sau,2005,5832810000
sau,2006,6047370000
sau,2007,6245280000
sau,2008,6367500000
sau,2009,6662880000
sau,2010,6754860000
sau,2011,6841980000
sau,2012,6895260000
sau,2013,6982470000
sau,2014,7118010000
sau,2015,7205130000
sau,2016,7231770000
sau,2017,7231770000
syr,1980,76342500
syr,1981,76342500
syr,1982,87369300
syr,1983,88218000
syr,1984,88218000
syr,1985,105183000
syr,1986,120456000
syr,1987,106029000
syr,1988,95850000
syr,1989,133173000
syr,1990,154386000
syr,1991,169650000
syr,1992,169650000
syr,1993,192555000
syr,1994,199341000
syr,1995,199341000
syr,1996,199341000
syr,1997,201888000
syr,1998,201888000
syr,1999,204426000
syr,2000,204426000
syr,2001,204426000
syr,2002,212058000
syr,2003,245988000
syr,2004,245988000
syr,2005,245988000
syr,2006,245988000
syr,2007,240903000
syr,2008,229023000
syr,2009,241749000
syr,2010,241749000
syr,2011,241749000
syr,2012,241749000
syr,2013,241749000
syr,2014,241749000
syr,2015,241749000
syr,2016,241749000
syr,2017,241749000
tha,1980,271989000
tha,1981,374454000
tha,1982,326016000
tha,1983,156492000
tha,1984,195606000
tha,1985,203058000
tha,1986,190017000
tha,1987,171387000
tha,1988,181638000
tha,1989,213309000
tha,1990,208647000
tha,1991,229140000
tha,1992,215172000
tha,1993,168597000
tha,1994,163008000
tha,1995,163935000
tha,1996,182565000
tha,1997,190953000
tha,1998,391221000
tha,1999,321354000
tha,2000,335331000
tha,2001,352098000
tha,2002,410778000
tha,2003,389358000
tha,2004,329742000
tha,2005,283167000
tha,2006,308322000
tha,2007,295416000
tha,2008,316521000
tha,2009,290934000
tha,2010,279063000
tha,2011,265374000
tha,2012,238410000
tha,2013,221949000
tha,2014,204462000
tha,2015,192654000
tha,2016,180153000
tha,2017,180153000
tkm,1997,2373300000
tkm,1998,2266920000
tkm,1999,2340540000
tkm,2000,2340540000
tkm,2001,2340540000
tkm,2002,2340540000
tkm,2003,2340540000
tkm,2004,2340540000
tkm,2005,2340540000
tkm,2006,2340540000
tkm,2007,2340540000
tkm,2008,7365330000
tkm,2009,7365330000
tkm,2010,10198800000
tkm,2011,17537400000
tkm,2012,17537400000
tkm,2013,17537400000
tkm,2014,17537400000
tkm,2015,17537400000
tkm,2016,17537400000
tkm,2017,17537400000
tto,1980,259947000
tto,1981,297585000
tto,1982,292338000
tto,1983,277452000
tto,1984,272205000
tto,1985,277452000
tto,1986,270450000
tto,1987,265203000
tto,1988,257319000
tto,1989,250326000
tto,1990,220563000
tto,1991,208305000
tto,1992,203931000
tto,1993,201303000
tto,1994,250326000
tto,1995,305460000
tto,1996,399114000
tto,1997,452502000
tto,1998,490140000
tto,1999,529524000
tto,2000,487512000
tto,2001,504144000
tto,2002,515520000
tto,2003,465633000
tto,2004,465633000
tto,2005,463887000
tto,2006,420120000
tto,2007,421263000
tto,2008,380934000
tto,2009,357291000
tto,2010,333594000
tto,2011,328563000
tto,2012,324819000
tto,2013,303363000
tto,2014,285093000
tto,2015,285093000
tto,2016,262710000
tto,2017,234423000
ukr,1997,668340000
ukr,1998,716076000
ukr,1999,709713000
ukr,2000,706527000
ukr,2001,706527000
ukr,2002,706527000
ukr,2003,703341000
ukr,2004,706527000
ukr,2005,700164000
ukr,2006,698877000
ukr,2007,698877000
ukr,2008,685305000
ukr,2009,671733000
ukr,2010,657180000
ukr,2011,656172000
ukr,2012,1048500000
ukr,2013,1023480000
ukr,2014,1024380000
ukr,2015,962640000
ukr,2016,945090000
ukr,2017,945090000
usa,1980,4856490000
usa,1981,4922640000
usa,1982,4917330000
usa,1983,4886460000
usa,1984,4818510000
usa,1985,4718610000
usa,1986,4675050000
usa,1987,4568310000
usa,1988,4100130000
usa,1989,4077990000
usa,1990,4132350000
usa,1991,4076640000
usa,1992,4026690000
usa,1993,3963240000
usa,1994,3997980000
usa,1995,4029930000
usa,1996,4062330000
usa,1997,4080600000
usa,1998,4002930000
usa,1999,4085010000
usa,2000,4329540000
usa,2001,4476780000
usa,2002,4561830000
usa,2003,4613040000
usa,2004,4697730000
usa,2005,4987440000
usa,2006,5150880000
usa,2007,5801040000
usa,2008,5970150000
usa,2009,6649740000
usa,2010,7433460000
usa,2011,8151930000
usa,2012,7516710000
usa,2013,8254350000
usa,2014,8997120000
usa,2015,7509240000
usa,2016,7863210000
usa,2017,7863210000
ussr,1980,18422100000
ussr,1981,19574100000
ussr,1982,20149200000
ussr,1983,20725200000
ussr,1984,21588300000
ussr,1985,23028300000
ussr,1986,23603400000
ussr,1987,24006600000
ussr,1988,24467400000
ussr,1989,29936700000
ussr,1990,31392900000
ussr,1991,2173500000
ussr,1992,2151810000
ussr,1993,3069360000
ussr,1994,3466170000
ussr,1995,3717000000
ussr,1996,3545370000
uzb,1997,1113930000
uzb,1998,1113930000
uzb,1999,1113930000
uzb,2000,1177560000
uzb,2001,1177560000
uzb,2002,1177560000
uzb,2003,1183950000
uzb,2004,1183950000
uzb,2005,1177560000
uzb,2006,1190790000
uzb,2007,1190790000
uzb,2008,1184040000
uzb,2009,1141290000
uzb,2010,1125720000
uzb,2011,1125720000
uzb,2012,1125720000
uzb,2013,1089450000
uzb,2014,1089450000
uzb,2015,1089450000
uzb,2016,1089450000
uzb,2017,1089450000
ven,1980,1261170000
ven,1981,1363770000
ven,1982,1469790000
ven,1983,1560780000
ven,1984,1664640000
ven,1985,1733040000
ven,1986,2619360000
ven,1987,2835180000
ven,1988,2853180000
ven,1989,2989710000
ven,1990,3425580000
ven,1991,3578220000
ven,1992,3689280000
ven,1993,3689280000
ven,1994,3961080000
ven,1995,4060620000
ven,1996,4047480000
ven,1997,4116690000
ven,1998,4143330000
ven,1999,4148280000
ven,2000,4148280000
ven,2001,4175820000
ven,2002,4176810000
ven,2003,4214790000
ven,2004,4285080000
ven,2005,4307310000
ven,2006,4702950000
ven,2007,4835070000
ven,2008,4978260000
ven,2009,5060160000
ven,2010,5518980000
ven,2011,5522850000
ven,2012,5555970000
ven,2013,5575320000
ven,2014,5611500000
ven,2015,5695830000
ven,2016,5733990000
ven,2017,5733990000
vnm,1980,0
vnm,1981,0
vnm,1982,0
vnm,1983,0
vnm,1984,0
vnm,1985,0
vnm,1986,0
vnm,1987,0
vnm,1988,0
vnm,1989,0
vnm,1990,13027500
vnm,1991,13027500
vnm,1992,92061000
vnm,1993,92061000
vnm,1994,116379000
vnm,1995,127674000
vnm,1996,148509000
vnm,1997,147645000
vnm,1998,147645000
vnm,1999,147645000
vnm,2000,147645000
vnm,2001,167616000
vnm,2002,199755000
vnm,2003,191070000
vnm,2004,191070000
vnm,2005,191070000
vnm,2006,191070000
vnm,2007,449766000
vnm,2008,524736000
vnm,2009,642528000
vnm,2010,581337000
vnm,2011,581337000
vnm,2012,581337000
vnm,2013,581337000
vnm,2014,581337000
vnm,2015,581337000
vnm,2016,581337000
vnm,2017,581337000
yem,1980,0
yem,1981,0
yem,1982,0
yem,1983,0
yem,1984,0
yem,1985,0
yem,1986,15338700
yem,1987,101952000
yem,1988,140751000
yem,1989,178650000
yem,1990,221049000
yem,1991,292212000
yem,1992,292212000
yem,1993,292212000
yem,1994,292212000
yem,1995,292212000
yem,1996,292212000
yem,1997,292212000
yem,1998,292212000
yem,1999,292212000
yem,2000,292212000
yem,2001,292212000
yem,2002,292212000
yem,2003,292212000
yem,2004,292212000
yem,2005,292212000
yem,2006,292212000
yem,2007,292212000
yem,2008,292212000
yem,2009,291339000
yem,2010,284301000
yem,2011,273699000
yem,2012,265140000
yem,2013,253494000
yem,2014,242577000
yem,2015,240246000
yem,2016,240246000
yem,2017,240246000
