geo,time,oil_consumption_total
are,1965,70472
are,1966,75516
are,1967,81534
are,1968,91245
are,1969,101110
are,1970,116650
are,1971,136000
are,1972,179000
are,1973,280000
are,1974,388000
are,1975,629000
are,1976,931000
are,1977,1393000
are,1978,1520000
are,1979,2078000
are,1980,5082000
are,1981,5553000
are,1982,6168000
are,1983,6190000
are,1984,7105000
are,1985,8874000
are,1986,10731000
are,1987,11712000
are,1988,14021000
are,1989,14706000
are,1990,15392000
are,1991,19055000
are,1992,19194000
are,1993,19861000
are,1994,20857000
are,1995,20846000
are,1996,20165000
are,1997,20514000
are,1998,20407000
are,1999,19899000
are,2000,19666000
are,2001,19396000
are,2002,20021000
are,2003,22163000
are,2004,23984000
are,2005,24972000
are,2006,26873000
are,2007,28713000
are,2008,30164000
are,2009,29253000
are,2010,31183000
are,2011,33697000
are,2012,35093000
are,2013,38748000
are,2014,39156000
are,2015,41791000
are,2016,43869000
are,2017,43063000
arg,1965,22050000
arg,1966,22757000
arg,1967,23301000
arg,1968,23796000
arg,1969,24700000
arg,1970,22120000
arg,1971,23610000
arg,1972,23633000
arg,1973,23686000
arg,1974,23856000
arg,1975,22429000
arg,1976,23316000
arg,1977,24539000
arg,1978,24527000
arg,1979,25950000
arg,1980,24259000
arg,1981,22425000
arg,1982,21518000
arg,1983,21973000
arg,1984,20701000
arg,1985,18729000
arg,1986,21552000
arg,1987,23007000
arg,1988,23010000
arg,1989,20867000
arg,1990,19699000
arg,1991,20211000
arg,1992,21339000
arg,1993,21143000
arg,1994,20343000
arg,1995,20309000
arg,1996,21110000
arg,1997,21099000
arg,1998,21598000
arg,1999,20093000
arg,2000,20328000
arg,2001,19550000
arg,2002,18060000
arg,2003,18600000
arg,2004,19505000
arg,2005,20763000
arg,2006,21766000
arg,2007,24175000
arg,2008,24877000
arg,2009,24327000
arg,2010,28069000
arg,2011,28266000
arg,2012,29600000
arg,2013,31855000
arg,2014,31504000
arg,2015,32491000
arg,2016,31912000
arg,2017,30881000
aus,1965,15122000
aus,1966,18002000
aus,1967,19729000
aus,1968,21490000
aus,1969,22058000
aus,1970,24412000
aus,1971,25692000
aus,1972,26130000
aus,1973,27863000
aus,1974,29517000
aus,1975,29136000
aus,1976,29779000
aus,1977,31192000
aus,1978,31249000
aus,1979,31772000
aus,1980,30442000
aus,1981,29426000
aus,1982,29548000
aus,1983,29025000
aus,1984,30450000
aus,1985,28928000
aus,1986,29632000
aus,1987,30248000
aus,1988,31648000
aus,1989,32742000
aus,1990,33193000
aus,1991,32259000
aus,1992,32362000
aus,1993,34065000
aus,1994,35349000
aus,1995,36454000
aus,1996,37011000
aus,1997,37677000
aus,1998,37600000
aus,1999,38806000
aus,2000,38585000
aus,2001,38834000
aus,2002,38651000
aus,2003,38582000
aus,2004,39711000
aus,2005,39489000
aus,2006,42861000
aus,2007,42508000
aus,2008,43201000
aus,2009,43525000
aus,2010,43725000
aus,2011,46150000
aus,2012,47537000
aus,2013,47777000
aus,2014,48454000
aus,2015,47725000
aus,2016,48337000
aus,2017,50152000
aut,1965,5561000
aut,1966,6116000
aut,1967,6513000
aut,1968,7536000
aut,1969,8278000
aut,1970,9097000
aut,1971,10156000
aut,1972,10957000
aut,1973,11866000
aut,1974,10613000
aut,1975,10713000
aut,1976,11650000
aut,1977,11141000
aut,1978,12000000
aut,1979,12504000
aut,1980,12188000
aut,1981,11046000
aut,1982,10469000
aut,1983,10109000
aut,1984,9820000
aut,1985,9835000
aut,1986,10377000
aut,1987,10670000
aut,1988,10561000
aut,1989,10381000
aut,1990,10855000
aut,1991,11694000
aut,1992,11392000
aut,1993,11483000
aut,1994,11322000
aut,1995,11320000
aut,1996,11704000
aut,1997,11921000
aut,1998,12379000
aut,1999,12152000
aut,2000,11850000
aut,2001,12889000
aut,2002,13160000
aut,2003,14238000
aut,2004,13851000
aut,2005,13990000
aut,2006,14163000
aut,2007,13426000
aut,2008,13360000
aut,2009,12846000
aut,2010,13379000
aut,2011,12666000
aut,2012,12519000
aut,2013,12735000
aut,2014,12531000
aut,2015,12575000
aut,2016,12817000
aut,2017,12938000
aze,1985,8251900
aze,1986,8649400
aze,1987,8144300
aze,1988,8344700
aze,1989,8140400
aze,1990,8542900
aze,1991,8240000
aze,1992,8031500
aze,1993,8000800
aze,1994,7301800
aze,1995,6580200
aze,1996,5936700
aze,1997,5646300
aze,1998,5947400
aze,1999,5726800
aze,2000,6330600
aze,2001,3996900
aze,2002,3665000
aze,2003,4272000
aze,2004,4603000
aze,2005,5376000
aze,2006,4806000
aze,2007,4524000
aze,2008,3590700
aze,2009,3312100
aze,2010,3264600
aze,2011,3986900
aze,2012,4168000
aze,2013,4542900
aze,2014,4446100
aze,2015,4536800
aze,2016,4518000
aze,2017,4210000
bel,1965,15940000
bel,1966,16257000
bel,1967,17941000
bel,1968,20854000
bel,1969,24053000
bel,1970,26211000
bel,1971,26855000
bel,1972,29075000
bel,1973,30561000
bel,1974,26875000
bel,1975,25404000
bel,1976,26486000
bel,1977,26055000
bel,1978,27798000
bel,1979,27638000
bel,1980,25567000
bel,1981,23429000
bel,1982,22177000
bel,1983,20077000
bel,1984,19393000
bel,1985,19664000
bel,1986,22265000
bel,1987,22430000
bel,1988,23125000
bel,1989,22699000
bel,1990,23854000
bel,1991,25695000
bel,1992,26271000
bel,1993,25862000
bel,1994,27999000
bel,1995,27700000
bel,1996,30178000
bel,1997,30970000
bel,1998,31299000
bel,1999,30109000
bel,2000,30930000
bel,2001,30966000
bel,2002,31737000
bel,2003,33673000
bel,2004,33697000
bel,2005,33624000
bel,2006,33812000
bel,2007,34564000
bel,2008,35950000
bel,2009,31545000
bel,2010,32707000
bel,2011,30524000
bel,2012,29632000
bel,2013,30145000
bel,2014,29711000
bel,2015,30958000
bel,2016,31432000
bel,2017,31182000
bgd,1971,676000
bgd,1972,835000
bgd,1973,947000
bgd,1974,982000
bgd,1975,1146000
bgd,1976,1240000
bgd,1977,1222000
bgd,1978,1299000
bgd,1979,1439000
bgd,1980,1625000
bgd,1981,1675000
bgd,1982,1650000
bgd,1983,1476000
bgd,1984,1489000
bgd,1985,1660000
bgd,1986,1790000
bgd,1987,1760000
bgd,1988,1765000
bgd,1989,1922000
bgd,1990,1860000
bgd,1991,1722000
bgd,1992,1923000
bgd,1993,2161000
bgd,1994,2247000
bgd,1995,2933000
bgd,1996,2990000
bgd,1997,3429000
bgd,1998,3793000
bgd,1999,3371000
bgd,2000,3324000
bgd,2001,3957000
bgd,2002,3962800
bgd,2003,4109000
bgd,2004,3854200
bgd,2005,3872700
bgd,2006,3919800
bgd,2007,3704900
bgd,2008,3766300
bgd,2009,3519700
bgd,2010,3911300
bgd,2011,5080000
bgd,2012,5437600
bgd,2013,5289500
bgd,2014,5753700
bgd,2015,6229900
bgd,2016,6568100
bgd,2017,7304000
bgr,1965,3702000
bgr,1966,4226000
bgr,1967,5316000
bgr,1968,6300000
bgr,1969,7736000
bgr,1970,8986000
bgr,1971,9889000
bgr,1972,10282000
bgr,1973,10849000
bgr,1974,11284000
bgr,1975,11965000
bgr,1976,12431000
bgr,1977,12927000
bgr,1978,13315000
bgr,1979,13726000
bgr,1980,13972000
bgr,1981,12457000
bgr,1982,12064000
bgr,1983,11634000
bgr,1984,11167000
bgr,1985,10362000
bgr,1986,10921000
bgr,1987,10491000
bgr,1988,11130000
bgr,1989,10845000
bgr,1990,6788000
bgr,1991,4357000
bgr,1992,3926000
bgr,1993,4538000
bgr,1994,4458000
bgr,1995,4865000
bgr,1996,4293000
bgr,1997,4247000
bgr,1998,4434000
bgr,1999,4116000
bgr,2000,4110000
bgr,2001,4223000
bgr,2002,4218000
bgr,2003,4424000
bgr,2004,4298000
bgr,2005,4832000
bgr,2006,4972000
bgr,2007,4839000
bgr,2008,4773000
bgr,2009,4301000
bgr,2010,3885000
bgr,2011,3782000
bgr,2012,3903000
bgr,2013,3618000
bgr,2014,3863000
bgr,2015,4376000
bgr,2016,4376000
bgr,2017,4758300
blr,1985,25396000
blr,1986,30004000
blr,1987,29676000
blr,1988,28747000
blr,1989,26917000
blr,1990,24889000
blr,1991,24066000
blr,1992,20503000
blr,1993,14523000
blr,1994,11807000
blr,1995,10696000
blr,1996,10510000
blr,1997,9157000
blr,1998,8646000
blr,1999,7929000
blr,2000,7818000
blr,2001,7639000
blr,2002,7956000
blr,2003,8134000
blr,2004,8118000
blr,2005,7524000
blr,2006,8802000
blr,2007,8021000
blr,2008,7908000
blr,2009,9274000
blr,2010,7475000
blr,2011,8597000
blr,2012,10446000
blr,2013,7136000
blr,2014,8127000
blr,2015,6887000
blr,2016,6721700
blr,2017,6643100
bra,1965,14843000
bra,1966,16166000
bra,1967,16693000
bra,1968,20048000
bra,1969,21966000
bra,1970,25039000
bra,1971,27634000
bra,1972,31822000
bra,1973,39086000
bra,1974,42046000
bra,1975,43360000
bra,1976,46944000
bra,1977,48440000
bra,1978,53382000
bra,1979,56612000
bra,1980,54977000
bra,1981,52280000
bra,1982,53781000
bra,1983,52207000
bra,1984,53936000
bra,1985,55820000
bra,1986,62946000
bra,1987,64682000
bra,1988,66165000
bra,1989,67265000
bra,1990,65477000
bra,1991,66486000
bra,1992,71122000
bra,1993,73890000
bra,1994,78843000
bra,1995,82150000
bra,1996,87229000
bra,1997,92464000
bra,1998,95771000
bra,1999,96833000
bra,2000,94370000
bra,2001,96095000
bra,2002,95265000
bra,2003,92274000
bra,2004,95993000
bra,2005,98993000
bra,2006,99960000
bra,2007,107400000
bra,2008,116130000
bra,2009,116880000
bra,2010,126730000
bra,2011,131860000
bra,2012,135120000
bra,2013,144990000
bra,2014,151430000
bra,2015,148230000
bra,2016,139920000
bra,2017,139600000
can,1965,53835000
can,1966,56711000
can,1967,60566000
can,1968,64477000
can,1969,67135000
can,1970,71614000
can,1971,73523000
can,1972,77395000
can,1973,81651000
can,1974,83008000
can,1975,81128000
can,1976,85436000
can,1977,86309000
can,1978,87957000
can,1979,91501000
can,1980,90104000
can,1981,84228000
can,1982,75363000
can,1983,70490000
can,1984,71215000
can,1985,71198000
can,1986,71388000
can,1987,74148000
can,1988,77968000
can,1989,80989000
can,1990,79812000
can,1991,75284000
can,1992,76783000
can,1993,77114000
can,1994,78448000
can,1995,81139000
can,1996,83464000
can,1997,86697000
can,1998,88550000
can,1999,90043000
can,2000,90087000
can,2001,91347000
can,2002,93832000
can,2003,97324000
can,2004,100840000
can,2005,99597000
can,2006,98722000
can,2007,101700000
can,2008,100600000
can,2009,94468000
can,2010,101070000
can,2011,104260000
can,2012,102330000
can,2013,103530000
can,2014,103700000
can,2015,100320000
can,2016,102150000
can,2017,103620000
che,1965,8037000
che,1966,8551000
che,1967,9263000
che,1968,10280000
che,1969,11167000
che,1970,12523000
che,1971,13281000
che,1972,13612000
che,1973,14650000
che,1974,13031000
che,1975,12511000
che,1976,12993000
che,1977,13056000
che,1978,13421000
che,1979,12875000
che,1980,12846000
che,1981,11865000
che,1982,11209000
che,1983,12262000
che,1984,11824000
che,1985,12021000
che,1986,13178000
che,1987,12396000
che,1988,12430000
che,1989,11923000
che,1990,12757000
che,1991,12973000
che,1992,13141000
che,1993,12312000
che,1994,12732000
che,1995,11797000
che,1996,12215000
che,1997,12836000
che,1998,13003000
che,1999,12602000
che,2000,12209000
che,2001,13079000
che,2002,12396000
che,2003,12062000
che,2004,12016000
che,2005,12239000
che,2006,12551000
che,2007,11310000
che,2008,12062000
che,2009,12255000
che,2010,11381000
che,2011,11038000
che,2012,11246000
che,2013,11779000
che,2014,10575000
che,2015,10734000
che,2016,10178000
che,2017,10480000
chl,1965,3494900
chl,1966,3822700
chl,1967,3981500
chl,1968,4190300
chl,1969,4453100
chl,1970,4697600
chl,1971,5206000
chl,1972,5520000
chl,1973,5251000
chl,1974,5025000
chl,1975,4378000
chl,1976,4649000
chl,1977,4756000
chl,1978,5214000
chl,1979,5256000
chl,1980,5314000
chl,1981,5492000
chl,1982,4845000
chl,1983,4708000
chl,1984,4713000
chl,1985,4589000
chl,1986,4911000
chl,1987,5127000
chl,1988,5648000
chl,1989,6245000
chl,1990,6594000
chl,1991,7356600
chl,1992,7968000
chl,1993,8684000
chl,1994,9328500
chl,1995,10257000
chl,1996,10894000
chl,1997,11699000
chl,1998,11967000
chl,1999,12086000
chl,2000,11816000
chl,2001,11224000
chl,2002,11740000
chl,2003,11321000
chl,2004,12016000
chl,2005,12461000
chl,2006,13930000
chl,2007,17902000
chl,2008,18606000
chl,2009,18188000
chl,2010,16015000
chl,2011,17557000
chl,2012,17470000
chl,2013,16836000
chl,2014,16337000
chl,2015,16473000
chl,2016,17377000
chl,2017,17604000
chn,1965,10960000
chn,1966,14074000
chn,1967,13900000
chn,1968,15200000
chn,1969,20377000
chn,1970,28191000
chn,1971,38430000
chn,1972,44175000
chn,1973,53830000
chn,1974,61890000
chn,1975,68250000
chn,1976,78030000
chn,1977,82400000
chn,1978,91250000
chn,1979,91100000
chn,1980,86655000
chn,1981,82230000
chn,1982,81324000
chn,1983,82961000
chn,1984,85957000
chn,1985,89745000
chn,1986,95371000
chn,1987,101290000
chn,1988,108830000
chn,1989,113890000
chn,1990,112860000
chn,1991,121850000
chn,1992,132380000
chn,1993,145790000
chn,1994,148120000
chn,1995,160200000
chn,1996,175670000
chn,1997,192150000
chn,1998,197080000
chn,1999,209330000
chn,2000,224220000
chn,2001,229090000
chn,2002,248100000
chn,2003,276940000
chn,2004,323410000
chn,2005,328930000
chn,2006,353150000
chn,2007,370660000
chn,2008,378060000
chn,2009,392810000
chn,2010,448490000
chn,2011,465110000
chn,2012,487070000
chn,2013,508140000
chn,2014,527960000
chn,2015,561840000
chn,2016,574020000
chn,2017,595450000
col,1965,3840000
col,1966,4397900
col,1967,4433200
col,1968,4933600
col,1969,4735800
col,1970,5341700
col,1971,5531000
col,1972,6297000
col,1973,6024000
col,1974,6675000
col,1975,6716000
col,1976,7087000
col,1977,7096000
col,1978,7224000
col,1979,7673000
col,1980,7286500
col,1981,7468400
col,1982,7655200
col,1983,7924900
col,1984,7875400
col,1985,8175500
col,1986,8085100
col,1987,8505400
col,1988,8958000
col,1989,9189200
col,1990,9332200
col,1991,9574900
col,1992,10546000
col,1993,11236000
col,1994,11591000
col,1995,12224000
col,1996,12624000
col,1997,12830000
col,1998,12521000
col,1999,11087000
col,2000,10864000
col,2001,10173000
col,2002,10011000
col,2003,10430000
col,2004,10436000
col,2005,10853000
col,2006,10855000
col,2007,10738000
col,2008,11685000
col,2009,10671000
col,2010,11931000
col,2011,12767000
col,2012,13860000
col,2013,13905000
col,2014,14766000
col,2015,15405000
col,2016,15858000
col,2017,16041000
cyp,1965,394000
cyp,1966,450000
cyp,1967,487000
cyp,1968,542000
cyp,1969,640000
cyp,1970,674000
cyp,1971,805000
cyp,1972,907000
cyp,1973,974000
cyp,1974,868000
cyp,1975,718000
cyp,1976,730000
cyp,1977,833000
cyp,1978,849000
cyp,1979,861000
cyp,1980,868000
cyp,1981,832000
cyp,1982,998000
cyp,1983,1052000
cyp,1984,1063000
cyp,1985,1051000
cyp,1986,1136000
cyp,1987,1340000
cyp,1988,1435000
cyp,1989,1481000
cyp,1990,1565000
cyp,1991,1628000
cyp,1992,1864000
cyp,1993,1963000
cyp,1994,1939000
cyp,1995,2057000
cyp,1996,2101000
cyp,1997,2146000
cyp,1998,2344000
cyp,1999,2457000
cyp,2000,2559000
cyp,2001,2569000
cyp,2002,2542000
cyp,2003,2702000
cyp,2004,2630000
cyp,2005,2954000
cyp,2006,2914000
cyp,2007,2963000
cyp,2008,3044000
cyp,2009,2973000
cyp,2010,2869000
cyp,2011,2836000
cyp,2012,2638000
cyp,2013,2348000
cyp,2014,2346000
cyp,2015,2393800
cyp,2016,2604500
cyp,2017,2621100
cze,1965,3997000
cze,1966,4418000
cze,1967,4916000
cze,1968,5420000
cze,1969,5819000
cze,1970,6984000
cze,1971,7685000
cze,1972,8419000
cze,1973,9470000
cze,1974,9719000
cze,1975,10725000
cze,1976,11336000
cze,1977,11852000
cze,1978,12261000
cze,1979,12461000
cze,1980,11600000
cze,1981,11431000
cze,1982,10427000
cze,1983,10207000
cze,1984,10818000
cze,1985,10623000
cze,1986,10178000
cze,1987,10270000
cze,1988,9856000
cze,1989,9380000
cze,1990,8447000
cze,1991,7095000
cze,1992,6780000
cze,1993,6873000
cze,1994,7057000
cze,1995,8005000
cze,1996,8369000
cze,1997,7969000
cze,1998,8261000
cze,1999,8198000
cze,2000,7937000
cze,2001,8374000
cze,2002,8143000
cze,2003,8700000
cze,2004,9545000
cze,2005,9935000
cze,2006,9821000
cze,2007,9739000
cze,2008,9906000
cze,2009,9670000
cze,2010,9191000
cze,2011,9034000
cze,2012,8954000
cze,2013,8542000
cze,2014,9063000
cze,2015,8928000
cze,2016,8305000
cze,2017,9449400
deu,1965,86274000
deu,1966,96472000
deu,1967,100070000
deu,1968,112370000
deu,1969,126330000
deu,1970,138750000
deu,1971,144040000
deu,1972,152240000
deu,1973,162230000
deu,1974,146980000
deu,1975,142620000
deu,1976,154040000
deu,1977,152470000
deu,1978,158120000
deu,1979,163160000
deu,1980,147320000
deu,1981,133450000
deu,1982,125940000
deu,1983,123100000
deu,1984,122470000
deu,1985,126340000
deu,1986,133260000
deu,1987,129490000
deu,1988,129370000
deu,1989,121610000
deu,1990,127280000
deu,1991,133140000
deu,1992,134340000
deu,1993,136320000
deu,1994,135140000
deu,1995,135140000
deu,1996,137360000
deu,1997,136450000
deu,1998,136590000
deu,1999,132400000
deu,2000,129780000
deu,2001,131590000
deu,2002,127430000
deu,2003,125130000
deu,2004,123980000
deu,2005,122400000
deu,2006,123550000
deu,2007,112490000
deu,2008,118880000
deu,2009,113880000
deu,2010,115390000
deu,2011,111980000
deu,2012,111440000
deu,2013,113380000
deu,2014,110440000
deu,2015,110000000
deu,2016,112350000
deu,2017,114740000
dnk,1965,10405000
dnk,1966,11863000
dnk,1967,12553000
dnk,1968,13637000
dnk,1969,16421000
dnk,1970,18277000
dnk,1971,18029000
dnk,1972,19088000
dnk,1973,17601000
dnk,1974,15955000
dnk,1975,15745000
dnk,1976,16741000
dnk,1977,16729000
dnk,1978,16657000
dnk,1979,15909000
dnk,1980,13589000
dnk,1981,12825000
dnk,1982,11040000
dnk,1983,10442000
dnk,1984,10321000
dnk,1985,10640000
dnk,1986,10506000
dnk,1987,9645000
dnk,1988,9583000
dnk,1989,9230000
dnk,1990,9030000
dnk,1991,9157000
dnk,1992,9071000
dnk,1993,9521000
dnk,1994,10147000
dnk,1995,10581000
dnk,1996,11525000
dnk,1997,11109000
dnk,1998,10714000
dnk,1999,10646000
dnk,2000,10343000
dnk,2001,9924000
dnk,2002,9583000
dnk,2003,9228000
dnk,2004,9058000
dnk,2005,9110900
dnk,2006,9305100
dnk,2007,9387500
dnk,2008,9225900
dnk,2009,8260100
dnk,2010,8369500
dnk,2011,8297400
dnk,2012,7756700
dnk,2013,7722800
dnk,2014,7772800
dnk,2015,7868300
dnk,2016,8072000
dnk,2017,8017900
dza,1965,1289000
dza,1966,1693000
dza,1967,1578000
dza,1968,1682000
dza,1969,1775000
dza,1970,2032000
dza,1971,2288000
dza,1972,2514000
dza,1973,2739000
dza,1974,3036000
dza,1975,3378000
dza,1976,3877000
dza,1977,4400000
dza,1978,4521000
dza,1979,5420000
dza,1980,5469000
dza,1981,5889000
dza,1982,6245000
dza,1983,7011000
dza,1984,7760000
dza,1985,7966000
dza,1986,8078000
dza,1987,8158000
dza,1988,8168000
dza,1989,8553000
dza,1990,9156000
dza,1991,9069000
dza,1992,9113000
dza,1993,9079000
dza,1994,8670000
dza,1995,8433000
dza,1996,8060000
dza,1997,7986000
dza,1998,8217000
dza,1999,8110000
dza,2000,8483000
dza,2001,8782000
dza,2002,9734000
dza,2003,10125000
dza,2004,10590000
dza,2005,11034000
dza,2006,11516000
dza,2007,12901000
dza,2008,14021000
dza,2009,14868000
dza,2010,14835000
dza,2011,15826000
dza,2012,16817000
dza,2013,17565000
dza,2014,18275000
dza,2015,19323000
dza,2016,18864000
dza,2017,18711000
ecu,1965,661000
ecu,1966,691000
ecu,1967,746000
ecu,1968,891000
ecu,1969,946000
ecu,1970,1081000
ecu,1971,1194000
ecu,1972,1228000
ecu,1973,1363000
ecu,1974,1557000
ecu,1975,1520000
ecu,1976,1709000
ecu,1977,2131000
ecu,1978,2173000
ecu,1979,2314000
ecu,1980,2962000
ecu,1981,3327000
ecu,1982,3643000
ecu,1983,3337000
ecu,1984,3344000
ecu,1985,4120000
ecu,1986,4182000
ecu,1987,4217000
ecu,1988,4079000
ecu,1989,4216000
ecu,1990,4180000
ecu,1991,4740000
ecu,1992,4571000
ecu,1993,4790000
ecu,1994,5225000
ecu,1995,5053000
ecu,1996,5679000
ecu,1997,6517000
ecu,1998,6641000
ecu,1999,6027000
ecu,2000,6376000
ecu,2001,6594000
ecu,2002,6542000
ecu,2003,6681000
ecu,2004,7231400
ecu,2005,7877000
ecu,2006,8341600
ecu,2007,8480200
ecu,2008,8733500
ecu,2009,8898300
ecu,2010,10277000
ecu,2011,10539000
ecu,2012,10917000
ecu,2013,11563000
ecu,2014,12183000
ecu,2015,11797000
ecu,2016,11067000
ecu,2017,10789000
egy,1965,6936000
egy,1966,7449000
egy,1967,6060000
egy,1968,6342000
egy,1969,4680000
egy,1970,6075000
egy,1971,6264000
egy,1972,7150000
egy,1973,6722000
egy,1974,7420000
egy,1975,8218000
egy,1976,9712000
egy,1977,10366000
egy,1978,10728000
egy,1979,11763000
egy,1980,13165000
egy,1981,15151000
egy,1982,17237000
egy,1983,18990000
egy,1984,20480000
egy,1985,20803000
egy,1986,20887000
egy,1987,21707000
egy,1988,22042000
egy,1989,22911000
egy,1990,23756000
egy,1991,23369000
egy,1992,22712000
egy,1993,21611000
egy,1994,21467000
egy,1995,23280000
egy,1996,24599000
egy,1997,25962000
egy,1998,27327000
egy,1999,27812000
egy,2000,27200000
egy,2001,26082000
egy,2002,25244000
egy,2003,25920000
egy,2004,26821000
egy,2005,29821000
egy,2006,28665000
egy,2007,30561000
egy,2008,32639000
egy,2009,34392000
egy,2010,36297000
egy,2011,33697000
egy,2012,35308000
egy,2013,35734000
egy,2014,38305000
egy,2015,39770000
egy,2016,40691000
egy,2017,38379000
esp,1965,14209000
esp,1966,16801000
esp,1967,20340000
esp,1968,21606000
esp,1969,24600000
esp,1970,28066000
esp,1971,30898000
esp,1972,32540000
esp,1973,39138000
esp,1974,41081000
esp,1975,42652000
esp,1976,48346000
esp,1977,45508000
esp,1978,46394000
esp,1979,49146000
esp,1980,52153000
esp,1981,50358000
esp,1982,47760000
esp,1983,47775000
esp,1984,44779000
esp,1985,42880000
esp,1986,42723000
esp,1987,44727000
esp,1988,45778000
esp,1989,48104000
esp,1990,46212000
esp,1991,46975000
esp,1992,53236000
esp,1993,50469000
esp,1994,52286000
esp,1995,57469000
esp,1996,59077000
esp,1997,61566000
esp,1998,66685000
esp,1999,68968000
esp,2000,69898000
esp,2001,73024000
esp,2002,73677000
esp,2003,76152000
esp,2004,78499000
esp,2005,79283000
esp,2006,79314000
esp,2007,80343000
esp,2008,77985000
esp,2009,73547000
esp,2010,72100000
esp,2011,68817000
esp,2012,64729000
esp,2013,59280000
esp,2014,58982000
esp,2015,61196000
esp,2016,63198000
esp,2017,63602000
est,1985,3423600
est,1986,3387700
est,1987,3422000
est,1988,3453000
est,1989,3562700
est,1990,3510600
est,1991,3085200
est,1992,1673000
est,1993,1789000
est,1994,1652000
est,1995,1303000
est,1996,1391000
est,1997,1378000
est,1998,1372000
est,1999,1242000
est,2000,1132000
est,2001,1275000
est,2002,1402000
est,2003,1352000
est,2004,1388000
est,2005,1400000
est,2006,1466000
est,2007,1566000
est,2008,1495000
est,2009,1340000
est,2010,1399000
est,2011,1349000
est,2012,1569000
est,2013,1556000
est,2014,1457000
est,2015,1426000
est,2016,1400000
est,2017,1412900
fin,1965,5721000
fin,1966,6923000
fin,1967,7249000
fin,1968,8224000
fin,1969,9563000
fin,1970,10763000
fin,1971,11138000
fin,1972,11865000
fin,1973,13272000
fin,1974,11561000
fin,1975,11943000
fin,1976,12826000
fin,1977,12507000
fin,1978,12545000
fin,1979,13302000
fin,1980,12794000
fin,1981,12251000
fin,1982,11314000
fin,1983,10504000
fin,1984,10648000
fin,1985,10754000
fin,1986,11250000
fin,1987,11184000
fin,1988,11033000
fin,1989,11011000
fin,1990,11304000
fin,1991,11199000
fin,1992,11045000
fin,1993,10626000
fin,1994,11074000
fin,1995,10206000
fin,1996,10412000
fin,1997,10299000
fin,1998,10777000
fin,1999,10863000
fin,2000,10902000
fin,2001,10669000
fin,2002,11120000
fin,2003,11470000
fin,2004,10693000
fin,2005,11091000
fin,2006,10674000
fin,2007,10808000
fin,2008,10651000
fin,2009,10060000
fin,2010,10551000
fin,2011,9710800
fin,2012,9141800
fin,2013,9011800
fin,2014,8642100
fin,2015,9301400
fin,2016,9693100
fin,2017,9354400
fra,1965,53887000
fra,1966,57663000
fra,1967,66219000
fra,1968,71782000
fra,1969,82953000
fra,1970,94272000
fra,1971,102770000
fra,1972,114120000
fra,1973,127270000
fra,1974,121010000
fra,1975,110380000
fra,1976,119450000
fra,1977,114580000
fra,1978,118960000
fra,1979,118340000
fra,1980,109890000
fra,1981,99004000
fra,1982,91504000
fra,1983,89400000
fra,1984,85888000
fra,1985,84300000
fra,1986,86040000
fra,1987,86600000
fra,1988,86000000
fra,1989,88400000
fra,1990,89400000
fra,1991,94645000
fra,1992,94444000
fra,1993,91087000
fra,1994,88227000
fra,1995,89041000
fra,1996,90996000
fra,1997,91664000
fra,1998,94978000
fra,1999,96448000
fra,2000,94938000
fra,2001,95454000
fra,2002,92876000
fra,2003,93086000
fra,2004,94049000
fra,2005,93065000
fra,2006,92994000
fra,2007,91434000
fra,2008,90838000
fra,2009,87537000
fra,2010,84461000
fra,2011,83023000
fra,2012,80301000
fra,2013,79253000
fra,2014,76902000
fra,2015,76719000
fra,2016,76292000
fra,2017,76864000
gbr,1965,74981000
gbr,1966,80276000
gbr,1967,86151000
gbr,1968,91082000
gbr,1969,97918000
gbr,1970,103890000
gbr,1971,104510000
gbr,1972,110800000
gbr,1973,113620000
gbr,1974,105530000
gbr,1975,92196000
gbr,1976,91557000
gbr,1977,92250000
gbr,1978,94303000
gbr,1979,94717000
gbr,1980,80918000
gbr,1981,74734000
gbr,1982,75626000
gbr,1983,72489000
gbr,1984,89684000
gbr,1985,77485000
gbr,1986,77457000
gbr,1987,75210000
gbr,1988,80039000
gbr,1989,81822000
gbr,1990,82994000
gbr,1991,82645000
gbr,1992,83723000
gbr,1993,84156000
gbr,1994,83204000
gbr,1995,82236000
gbr,1996,84247000
gbr,1997,81692000
gbr,1998,81224000
gbr,1999,79870000
gbr,2000,78845000
gbr,2001,78684000
gbr,2002,78203000
gbr,2003,78732000
gbr,2004,81006000
gbr,2005,83774000
gbr,2006,83227000
gbr,2007,80699000
gbr,2008,79535000
gbr,2009,75822000
gbr,2010,74920000
gbr,2011,73618000
gbr,2012,71397000
gbr,2013,70314000
gbr,2014,70145000
gbr,2015,71735000
gbr,2016,73183000
gbr,2017,73240000
grc,1965,4435000
grc,1966,4839000
grc,1967,5689000
grc,1968,5815000
grc,1969,6190000
grc,1970,6707000
grc,1971,7405000
grc,1972,8586000
grc,1973,10000000
grc,1974,9390000
grc,1975,9943000
grc,1976,10574000
grc,1977,10764000
grc,1978,11702000
grc,1979,12383000
grc,1980,12400000
grc,1981,11920000
grc,1982,11901000
grc,1983,11414000
grc,1984,11689000
grc,1985,11978000
grc,1986,12159000
grc,1987,13205000
grc,1988,13661000
grc,1989,14961000
grc,1990,14679000
grc,1991,14865000
grc,1992,15189000
grc,1993,15477000
grc,1994,15987000
grc,1995,16569000
grc,1996,17364000
grc,1997,17654000
grc,1998,18642000
grc,1999,18012000
grc,2000,18883000
grc,2001,19302000
grc,2002,19378000
grc,2003,20293000
grc,2004,20116000
grc,2005,20138000
grc,2006,21256000
grc,2007,21382000
grc,2008,20358000
grc,2009,19471000
grc,2010,18085000
grc,2011,17001000
grc,2012,15250000
grc,2013,14498000
grc,2014,14382000
grc,2015,14918000
grc,2016,15326000
grc,2017,15348000
hkg,1965,2120800
hkg,1966,2323900
hkg,1967,2784900
hkg,1968,3040900
hkg,1969,3604900
hkg,1970,3894000
hkg,1971,4097000
hkg,1972,4679000
hkg,1973,4855000
hkg,1974,4969000
hkg,1975,4670000
hkg,1976,5518000
hkg,1977,5968000
hkg,1978,6200000
hkg,1979,6338000
hkg,1980,6486000
hkg,1981,6879000
hkg,1982,6694000
hkg,1983,5941000
hkg,1984,5491000
hkg,1985,5157000
hkg,1986,5021000
hkg,1987,4910000
hkg,1988,5628000
hkg,1989,6002000
hkg,1990,6283000
hkg,1991,6270000
hkg,1992,8065000
hkg,1993,8388000
hkg,1994,8931000
hkg,1995,9568000
hkg,1996,9375000
hkg,1997,9277000
hkg,1998,8902000
hkg,1999,9481000
hkg,2000,9889000
hkg,2001,11756000
hkg,2002,12839000
hkg,2003,12925000
hkg,2004,15262000
hkg,2005,13752000
hkg,2006,14920000
hkg,2007,16045000
hkg,2008,14540000
hkg,2009,16475000
hkg,2010,17802000
hkg,2011,17976000
hkg,2012,17209000
hkg,2013,17606000
hkg,2014,16649000
hkg,2015,18251000
hkg,2016,18881000
hkg,2017,21351000
hrv,1990,4578000
hrv,1991,3242000
hrv,1992,3242000
hrv,1993,3427000
hrv,1994,3531000
hrv,1995,3919000
hrv,1996,3713000
hrv,1997,3984000
hrv,1998,4493000
hrv,1999,4432000
hrv,2000,3936000
hrv,2001,4043000
hrv,2002,4237000
hrv,2003,4694000
hrv,2004,4413100
hrv,2005,4558600
hrv,2006,4636000
hrv,2007,4745600
hrv,2008,4489100
hrv,2009,4383800
hrv,2010,3698400
hrv,2011,3512600
hrv,2012,3184800
hrv,2013,3072800
hrv,2014,3221500
hrv,2015,3339600
hrv,2016,3325700
hrv,2017,3197100
hun,1965,3776000
hun,1966,4144000
hun,1967,4379000
hun,1968,4579000
hun,1969,5115000
hun,1970,5932000
hun,1971,6679000
hun,1972,7259000
hun,1973,8155000
hun,1974,8932000
hun,1975,10049000
hun,1976,10506000
hun,1977,11178000
hun,1978,12366000
hun,1979,11629000
hun,1980,11279000
hun,1981,10775000
hun,1982,10197000
hun,1983,9669000
hun,1984,10137000
hun,1985,10325000
hun,1986,9530000
hun,1987,10001000
hun,1988,9241000
hun,1989,8930000
hun,1990,9276000
hun,1991,8014000
hun,1992,8090000
hun,1993,7691000
hun,1994,8129000
hun,1995,7651000
hun,1996,7073000
hun,1997,7106000
hun,1998,7431000
hun,1999,7141000
hun,2000,6849000
hun,2001,6692000
hun,2002,6398000
hun,2003,6139000
hun,2004,6345000
hun,2005,7358000
hun,2006,7755000
hun,2007,7736000
hun,2008,7492000
hun,2009,7064000
hun,2010,6696000
hun,2011,6406200
hun,2012,5983200
hun,2013,5904200
hun,2014,6599200
hun,2015,6986600
hun,2016,7093600
hun,2017,7625800
idn,1965,6120000
idn,1966,5894000
idn,1967,5670000
idn,1968,5993000
idn,1969,6393000
idn,1970,6790000
idn,1971,7024000
idn,1972,7580000
idn,1973,9051000
idn,1974,9463000
idn,1975,10858000
idn,1976,11716000
idn,1977,13783000
idn,1978,15086000
idn,1979,16460000
idn,1980,18413000
idn,1981,20552000
idn,1982,21371000
idn,1983,20974000
idn,1984,22065000
idn,1985,21777000
idn,1986,23822000
idn,1987,24772000
idn,1988,26042000
idn,1989,27541000
idn,1990,31669000
idn,1991,33591000
idn,1992,36215000
idn,1993,38011000
idn,1994,39050000
idn,1995,41548000
idn,1996,44103000
idn,1997,48869000
idn,1998,46541000
idn,1999,48672000
idn,2000,54769000
idn,2001,55519000
idn,2002,57543000
idn,2003,58268000
idn,2004,62060000
idn,2005,61501000
idn,2006,58458000
idn,2007,61776000
idn,2008,60093000
idn,2009,60813000
idn,2010,64684000
idn,2011,73078000
idn,2012,75225000
idn,2013,75754000
idn,2014,76230000
idn,2015,70347000
idn,2016,70773000
idn,2017,73678000
ind,1965,12642000
ind,1966,14126000
ind,1967,14570000
ind,1968,16316000
ind,1969,19596000
ind,1970,19505000
ind,1971,20475000
ind,1972,22091000
ind,1973,23314000
ind,1974,22834000
ind,1975,23347000
ind,1976,24593000
ind,1977,26413000
ind,1978,28717000
ind,1979,31004000
ind,1980,31633000
ind,1981,34036000
ind,1982,35403000
ind,1983,37223000
ind,1984,39934000
ind,1985,43333000
ind,1986,45530000
ind,1987,46995000
ind,1988,51530000
ind,1989,55801000
ind,1990,57943000
ind,1991,58903000
ind,1992,62075000
ind,1993,62662000
ind,1994,67384000
ind,1995,75232000
ind,1996,81062000
ind,1997,86503000
ind,1998,92527000
ind,1999,100300000
ind,2000,106150000
ind,2001,106960000
ind,2002,113230000
ind,2003,116460000
ind,2004,119470000
ind,2005,121900000
ind,2006,128260000
ind,2007,138050000
ind,2008,144700000
ind,2009,152560000
ind,2010,155390000
ind,2011,163020000
ind,2012,173580000
ind,2013,175350000
ind,2014,180850000
ind,2015,195840000
ind,2016,216590000
ind,2017,221760000
irl,1965,2424000
irl,1966,2704000
irl,1967,3023000
irl,1968,3364000
irl,1969,3651000
irl,1970,4101000
irl,1971,4525000
irl,1972,4984000
irl,1973,5401000
irl,1974,5352000
irl,1975,5232000
irl,1976,5305000
irl,1977,5658000
irl,1978,6041000
irl,1979,6350000
irl,1980,5716000
irl,1981,5063000
irl,1982,4414000
irl,1983,4008000
irl,1984,3942000
irl,1985,3930000
irl,1986,4869000
irl,1987,4260000
irl,1988,3845000
irl,1989,3956000
irl,1990,4409000
irl,1991,4850000
irl,1992,5074000
irl,1993,5139000
irl,1994,5612000
irl,1995,5713000
irl,1996,6001000
irl,1997,6578000
irl,1998,7361000
irl,1999,8343000
irl,2000,8216000
irl,2001,8967000
irl,2002,8785000
irl,2003,8534000
irl,2004,8854000
irl,2005,9310000
irl,2006,9277000
irl,2007,9416000
irl,2008,9031000
irl,2009,8048800
irl,2010,7645000
irl,2011,6875000
irl,2012,6548000
irl,2013,6599000
irl,2014,6534000
irl,2015,6814000
irl,2016,7116000
irl,2017,7124400
irn,1965,7109100
irn,1966,7767200
irn,1967,8570700
irn,1968,9439700
irn,1969,10287000
irn,1970,11101000
irn,1971,12133000
irn,1972,13465000
irn,1973,16153000
irn,1974,18699000
irn,1975,21844000
irn,1976,24739000
irn,1977,28677000
irn,1978,28780000
irn,1979,30220000
irn,1980,27873000
irn,1981,27742000
irn,1982,30175000
irn,1983,36676000
irn,1984,39706000
irn,1985,43619000
irn,1986,40283000
irn,1987,42001000
irn,1988,44261000
irn,1989,47523000
irn,1990,49256000
irn,1991,52262000
irn,1992,55602000
irn,1993,60430000
irn,1994,62765000
irn,1995,62852000
irn,1996,65469000
irn,1997,67580000
irn,1998,65003000
irn,1999,65454000
irn,2000,67661000
irn,2001,68148000
irn,2002,68434000
irn,2003,69156000
irn,2004,71195000
irn,2005,78555000
irn,2006,85676000
irn,2007,87878000
irn,2008,91894000
irn,2009,90925000
irn,2010,82497000
irn,2011,83981000
irn,2012,85494000
irn,2013,93423000
irn,2014,90196000
irn,2015,80313000
irn,2016,77277000
irn,2017,80962000
irq,1965,1321200
irq,1966,1429900
irq,1967,1548100
irq,1968,1678200
irq,1969,1814200
irq,1970,2438000
irq,1971,2612500
irq,1972,3239600
irq,1973,3135400
irq,1974,3103100
irq,1975,3084500
irq,1976,3839300
irq,1977,4485200
irq,1978,4210200
irq,1979,5071200
irq,1980,6757100
irq,1981,7254700
irq,1982,7538600
irq,1983,8615000
irq,1984,9399300
irq,1985,11021000
irq,1986,11777000
irq,1987,12186000
irq,1988,13311000
irq,1989,14859000
irq,1990,14805000
irq,1991,11021000
irq,1992,17520000
irq,1993,24584000
irq,1994,28223000
irq,1995,27410000
irq,1996,28551000
irq,1997,34533000
irq,1998,22893000
irq,1999,16379000
irq,2000,21859000
irq,2001,25346000
irq,2002,23825000
irq,2003,22607000
irq,2004,24401000
irq,2005,22911000
irq,2006,23592000
irq,2007,22620000
irq,2008,22367000
irq,2009,25619000
irq,2010,27286000
irq,2011,29976000
irq,2012,31955000
irq,2013,34378000
irq,2014,32844000
irq,2015,33373000
irq,2016,36912000
irq,2017,38402000
isl,1965,469000
isl,1966,506000
isl,1967,490000
isl,1968,523000
isl,1969,479000
isl,1970,489000
isl,1971,533000
isl,1972,571000
isl,1973,661000
isl,1974,618000
isl,1975,579000
isl,1976,582000
isl,1977,609000
isl,1978,642000
isl,1979,625000
isl,1980,583000
isl,1981,569000
isl,1982,519000
isl,1983,504000
isl,1984,526000
isl,1985,522000
isl,1986,530000
isl,1987,572000
isl,1988,598000
isl,1989,639000
isl,1990,652000
isl,1991,612000
isl,1992,661000
isl,1993,686000
isl,1994,695000
isl,1995,699000
isl,1996,780000
isl,1997,766000
isl,1998,784000
isl,1999,781000
isl,2000,796000
isl,2001,748000
isl,2002,778000
isl,2003,778000
isl,2004,813000
isl,2005,826000
isl,2006,867000
isl,2007,853000
isl,2008,790000
isl,2009,732000
isl,2010,701000
isl,2011,690000
isl,2012,682000
isl,2013,716000
isl,2014,754000
isl,2015,830000
isl,2016,848340
isl,2017,850200
isr,1965,3878100
isr,1966,4044900
isr,1967,4216200
isr,1968,4396300
isr,1969,4584700
isr,1970,4779900
isr,1971,4985000
isr,1972,5208000
isr,1973,5509000
isr,1974,5620000
isr,1975,5795000
isr,1976,6121000
isr,1977,6397000
isr,1978,6821000
isr,1979,7481000
isr,1980,8010000
isr,1981,8154000
isr,1982,7887000
isr,1983,7437000
isr,1984,6918000
isr,1985,6508000
isr,1986,6748000
isr,1987,7557000
isr,1988,8354000
isr,1989,8571000
isr,1990,8878000
isr,1991,9110000
isr,1992,9582000
isr,1993,9949000
isr,1994,11009000
isr,1995,12362000
isr,1996,12385000
isr,1997,11678000
isr,1998,12419000
isr,1999,13228000
isr,2000,13527000
isr,2001,12514000
isr,2002,12356000
isr,2003,12629000
isr,2004,11845000
isr,2005,12186000
isr,2006,11744000
isr,2007,12340000
isr,2008,12011000
isr,2009,10801000
isr,2010,11213000
isr,2011,11844000
isr,2012,13945000
isr,2013,11463000
isr,2014,9634900
isr,2015,10251000
isr,2016,10436000
isr,2017,11248000
ita,1965,52290000
ita,1966,57651000
ita,1967,63717000
ita,1968,70259000
ita,1969,77334000
ita,1970,87333000
ita,1971,93821000
ita,1972,98188000
ita,1973,103560000
ita,1974,100750000
ita,1975,94531000
ita,1976,98819000
ita,1977,96064000
ita,1978,99775000
ita,1979,103200000
ita,1980,97897000
ita,1981,95658000
ita,1982,90693000
ita,1983,89198000
ita,1984,84861000
ita,1985,84394000
ita,1986,86450000
ita,1987,90140000
ita,1988,91690000
ita,1989,93806000
ita,1990,93622000
ita,1991,92444000
ita,1992,94453000
ita,1993,92649000
ita,1994,92468000
ita,1995,95525000
ita,1996,94181000
ita,1997,94551000
ita,1998,94690000
ita,1999,94391000
ita,2000,93527000
ita,2001,92799000
ita,2002,92897000
ita,2003,92075000
ita,2004,89659000
ita,2005,86674000
ita,2006,86720000
ita,2007,83974000
ita,2008,80385000
ita,2009,75108000
ita,2010,73085000
ita,2011,70512000
ita,2012,64228000
ita,2013,59423000
ita,2014,55793000
ita,2015,57633000
ita,2016,57885000
ita,2017,58562000
jpn,1965,87936000
jpn,1966,100050000
jpn,1967,122970000
jpn,1968,142740000
jpn,1969,169070000
jpn,1970,199240000
jpn,1971,219760000
jpn,1972,234470000
jpn,1973,269190000
jpn,1974,259030000
jpn,1975,244090000
jpn,1976,253550000
jpn,1977,258520000
jpn,1978,264060000
jpn,1979,266880000
jpn,1980,237850000
jpn,1981,223800000
jpn,1982,209530000
jpn,1983,209140000
jpn,1984,219760000
jpn,1985,207580000
jpn,1986,209590000
jpn,1987,210310000
jpn,1988,226370000
jpn,1989,235050000
jpn,1990,246460000
jpn,1991,250010000
jpn,1992,256050000
jpn,1993,250300000
jpn,1994,264900000
jpn,1995,269050000
jpn,1996,270510000
jpn,1997,267060000
jpn,1998,256150000
jpn,1999,260690000
jpn,2000,256990000
jpn,2001,248820000
jpn,2002,244420000
jpn,2003,250280000
jpn,2004,243840000
jpn,2005,247140000
jpn,2006,238030000
jpn,2007,230890000
jpn,2008,224770000
jpn,2009,200430000
jpn,2010,202710000
jpn,2011,203680000
jpn,2012,217680000
jpn,2013,207400000
jpn,2014,197030000
jpn,2015,189510000
jpn,2016,184410000
jpn,2017,181270000
kaz,1985,20700000
kaz,1986,18869000
kaz,1987,18250000
kaz,1988,18335000
kaz,1989,18720000
kaz,1990,21547000
kaz,1991,21748000
kaz,1992,20330000
kaz,1993,15730000
kaz,1994,12321000
kaz,1995,11975000
kaz,1996,10184000
kaz,1997,10225000
kaz,1998,8505300
kaz,1999,7013400
kaz,2000,7066000
kaz,2001,7670000
kaz,2002,7655000
kaz,2003,8121000
kaz,2004,9110600
kaz,2005,9330800
kaz,2006,10679000
kaz,2007,11535000
kaz,2008,11430000
kaz,2009,9235400
kaz,2010,9825500
kaz,2011,11472000
kaz,2012,11522000
kaz,2013,12089000
kaz,2014,12117000
kaz,2015,12977000
kaz,2016,13750000
kaz,2017,14071000
kor,1965,1287000
kor,1966,1927000
kor,1967,3342000
kor,1968,4942000
kor,1969,6709000
kor,1970,8380000
kor,1971,9461000
kor,1972,9876000
kor,1973,12158000
kor,1974,12550000
kor,1975,14194000
kor,1976,15949000
kor,1977,18984000
kor,1978,21672000
kor,1979,24367000
kor,1980,24123000
kor,1981,23872000
kor,1982,23683000
kor,1983,24711000
kor,1984,24770000
kor,1985,26081000
kor,1986,28352000
kor,1987,29768000
kor,1988,35644000
kor,1989,40959000
kor,1990,49527000
kor,1991,59890000
kor,1992,72310000
kor,1993,79307000
kor,1994,86997000
kor,1995,94845000
kor,1996,101440000
kor,1997,111350000
kor,1998,93910000
kor,1999,100700000
kor,2000,103760000
kor,2001,103520000
kor,2002,105340000
kor,2003,106370000
kor,2004,104680000
kor,2005,104740000
kor,2006,104710000
kor,2007,107650000
kor,2008,103100000
kor,2009,103750000
kor,2010,104960000
kor,2011,105790000
kor,2012,108770000
kor,2013,108290000
kor,2014,107940000
kor,2015,113780000
kor,2016,122510000
kor,2017,122600000
kwt,1965,5448800
kwt,1966,5323500
kwt,1967,5202800
kwt,1968,5087800
kwt,1969,4977600
kwt,1970,4872400
kwt,1971,4814000
kwt,1972,5235000
kwt,1973,4978000
kwt,1974,4573000
kwt,1975,3645000
kwt,1976,4237000
kwt,1977,4099000
kwt,1978,4397000
kwt,1979,4912000
kwt,1980,4192000
kwt,1981,5724000
kwt,1982,6588000
kwt,1983,7239000
kwt,1984,7621000
kwt,1985,7522000
kwt,1986,7755000
kwt,1987,7659000
kwt,1988,7519000
kwt,1989,7578000
kwt,1990,3268000
kwt,1991,3486000
kwt,1992,4915000
kwt,1993,5094000
kwt,1994,6858000
kwt,1995,7084000
kwt,1996,6906000
kwt,1997,7506400
kwt,1998,10511000
kwt,1999,11745000
kwt,2000,11805000
kwt,2001,12168000
kwt,2002,13166000
kwt,2003,15608000
kwt,2004,17786000
kwt,2005,19529000
kwt,2006,17697000
kwt,2007,17862000
kwt,2008,19016000
kwt,2009,20435000
kwt,2010,20944000
kwt,2011,19322000
kwt,2012,21643000
kwt,2013,22489000
kwt,2014,19150000
kwt,2015,19790000
kwt,2016,19682000
kwt,2017,19298000
lka,1965,456070
lka,1966,467080
lka,1967,478390
lka,1968,489830
lka,1969,501180
lka,1970,1003000
lka,1971,909120
lka,1972,998030
lka,1973,1042400
lka,1974,825160
lka,1975,797680
lka,1976,790960
lka,1977,838920
lka,1978,975920
lka,1979,1005100
lka,1980,1012900
lka,1981,1195000
lka,1982,1338100
lka,1983,1465400
lka,1984,1233100
lka,1985,1138200
lka,1986,1142100
lka,1987,1300600
lka,1988,1256100
lka,1989,1195400
lka,1990,1274500
lka,1991,1349400
lka,1992,1588400
lka,1993,1542300
lka,1994,1708000
lka,1995,1848800
lka,1996,2261000
lka,1997,2451700
lka,1998,2624700
lka,1999,2862400
lka,2000,3395600
lka,2001,3335900
lka,2002,3509100
lka,2003,3482900
lka,2004,3465600
lka,2005,3940700
lka,2006,4112400
lka,2007,4365600
lka,2008,3969600
lka,2009,4191000
lka,2010,4158700
lka,2011,4445700
lka,2012,4601300
lka,2013,3841200
lka,2014,4211900
lka,2015,4540500
lka,2016,4816500
lka,2017,5102400
ltu,1985,8676700
ltu,1986,7260300
ltu,1987,7967200
ltu,1988,7660800
ltu,1989,7859500
ltu,1990,7512400
ltu,1991,8262900
ltu,1992,4342700
ltu,1993,3790400
ltu,1994,3518200
ltu,1995,3172700
ltu,1996,3295500
ltu,1997,3263000
ltu,1998,3756000
ltu,1999,3085000
ltu,2000,2372000
ltu,2001,2740000
ltu,2002,2530000
ltu,2003,2420000
ltu,2004,2596600
ltu,2005,2777100
ltu,2006,2806300
ltu,2007,2788500
ltu,2008,3060400
ltu,2009,2629800
ltu,2010,2695300
ltu,2011,2607300
ltu,2012,2685000
ltu,2013,2610200
ltu,2014,2553600
ltu,2015,2794500
ltu,2016,3017500
ltu,2017,3026400
lux,1965,831000
lux,1966,947000
lux,1967,1047000
lux,1968,1155000
lux,1969,1278000
lux,1970,1355000
lux,1971,1412000
lux,1972,1479000
lux,1973,1643000
lux,1974,1479000
lux,1975,1312000
lux,1976,1421000
lux,1977,1396000
lux,1978,1403000
lux,1979,1293000
lux,1980,1075000
lux,1981,1031000
lux,1982,1020000
lux,1983,970000
lux,1984,971000
lux,1985,1032000
lux,1986,1126000
lux,1987,1280000
lux,1988,1315000
lux,1989,1445000
lux,1990,1580000
lux,1991,1835000
lux,1992,1877000
lux,1993,1878000
lux,1994,1880000
lux,1995,1763000
lux,1996,1820000
lux,1997,1901000
lux,1998,1980000
lux,1999,2116000
lux,2000,2275000
lux,2001,2416000
lux,2002,2461000
lux,2003,2643000
lux,2004,3003000
lux,2005,3078000
lux,2006,2930000
lux,2007,2852000
lux,2008,2871000
lux,2009,2686000
lux,2010,2818000
lux,2011,2880000
lux,2012,2782000
lux,2013,2736000
lux,2014,2637000
lux,2015,2592000
lux,2016,2583000
lux,2017,2738900
lva,1985,5741900
lva,1986,4832200
lva,1987,3928000
lva,1988,3521900
lva,1989,3520400
lva,1990,3316500
lva,1991,3215300
lva,1992,2451000
lva,1993,2192000
lva,1994,2076000
lva,1995,1869000
lva,1996,1970000
lva,1997,1745000
lva,1998,1668000
lva,1999,1552000
lva,2000,1265000
lva,2001,1469000
lva,2002,1460000
lva,2003,1455000
lva,2004,1580000
lva,2005,1672000
lva,2006,1575000
lva,2007,1694000
lva,2008,1677000
lva,2009,1524500
lva,2010,1705000
lva,2011,1564000
lva,2012,1565000
lva,2013,1589000
lva,2014,1602000
lva,2015,1681000
lva,2016,1752600
lva,2017,1824300
mar,1965,954780
mar,1966,1385700
mar,1967,1522200
mar,1968,1670300
mar,1969,1807900
mar,1970,1892300
mar,1971,1997000
mar,1972,2122000
mar,1973,2545000
mar,1974,2734000
mar,1975,2823000
mar,1976,3085000
mar,1977,3482000
mar,1978,3736000
mar,1979,4237000
mar,1980,4300000
mar,1981,4229000
mar,1982,4454000
mar,1983,4499000
mar,1984,4685000
mar,1985,4656000
mar,1986,4567000
mar,1987,4558000
mar,1988,4872000
mar,1989,5356000
mar,1990,5545000
mar,1991,5533000
mar,1992,6541000
mar,1993,6639000
mar,1994,7217000
mar,1995,6817000
mar,1996,6411000
mar,1997,6822000
mar,1998,6752000
mar,1999,7445000
mar,2000,6945000
mar,2001,6941000
mar,2002,7233000
mar,2003,7222900
mar,2004,8613600
mar,2005,9371900
mar,2006,9488500
mar,2007,9903200
mar,2008,10914000
mar,2009,11017000
mar,2010,12256000
mar,2011,13121000
mar,2012,13189000
mar,2013,13253000
mar,2014,12472000
mar,2015,12344000
mar,2016,12596000
mar,2017,12873000
mex,1965,14843000
mex,1966,15513000
mex,1967,16602000
mex,1968,18072000
mex,1969,19076000
mex,1970,20520000
mex,1971,21763000
mex,1972,24533000
mex,1973,26214000
mex,1974,29699000
mex,1975,32811000
mex,1976,36197000
mex,1977,37361000
mex,1978,42021000
mex,1979,45012000
mex,1980,50153000
mex,1981,54756000
mex,1982,56606000
mex,1983,55190000
mex,1984,58465000
mex,1985,60897000
mex,1986,61499000
mex,1987,64588000
mex,1988,64446000
mex,1989,68943000
mex,1990,71962000
mex,1991,74844000
mex,1992,75612000
mex,1993,75421000
mex,1994,81512000
mex,1995,75767000
mex,1996,77614000
mex,1997,80320000
mex,1998,84546000
mex,1999,83693000
mex,2000,87718000
mex,2001,86177000
mex,2002,82286000
mex,2003,84691000
mex,2004,88231000
mex,2005,90452000
mex,2006,89318000
mex,2007,92705000
mex,2008,92462000
mex,2009,89326000
mex,2010,89369000
mex,2011,90997000
mex,2012,92911000
mex,2013,90255000
mex,2014,85947000
mex,2015,84889000
mex,2016,86118000
mex,2017,82667000
mkd,1990,886000
mkd,1991,802000
mkd,1992,897000
mkd,1993,853000
mkd,1994,654000
mkd,1995,602000
mkd,1996,959000
mkd,1997,801000
mkd,1998,722000
mkd,1999,739000
mkd,2000,709000
mkd,2001,611000
mkd,2002,689000
mkd,2003,706000
mkd,2004,725000
mkd,2005,812000
mkd,2006,817000
mkd,2007,865000
mkd,2008,856000
mkd,2009,820000
mkd,2010,878000
mkd,2011,876000
mkd,2012,849000
mkd,2013,836000
mkd,2014,828000
mkd,2015,878000
mkd,2016,909000
mkd,2017,903810
mys,1965,2285000
mys,1966,2658600
mys,1967,2713100
mys,1968,2753500
mys,1969,2838800
mys,1970,3128300
mys,1971,3425100
mys,1972,3805900
mys,1973,4124700
mys,1974,4110600
mys,1975,4334600
mys,1976,4840700
mys,1977,5510500
mys,1978,5941400
mys,1979,7205100
mys,1980,8154800
mys,1981,8688100
mys,1982,9073200
mys,1983,9714000
mys,1984,9538300
mys,1985,9510700
mys,1986,9104800
mys,1987,9335600
mys,1988,10145000
mys,1989,10491000
mys,1990,12632000
mys,1991,13601000
mys,1992,14880000
mys,1993,16389000
mys,1994,18045000
mys,1995,18870000
mys,1996,20647000
mys,1997,23872000
mys,1998,20292000
mys,1999,22342000
mys,2000,22410000
mys,2001,23305000
mys,2002,26030000
mys,2003,27568000
mys,2004,27987000
mys,2005,28002000
mys,2006,28881000
mys,2007,30809000
mys,2008,29455000
mys,2009,29227000
mys,2010,29259000
mys,2011,31520000
mys,2012,32845000
mys,2013,34939000
mys,2014,34897000
mys,2015,34348000
mys,2016,34949000
mys,2017,35061000
nld,1965,25286000
nld,1966,27384000
nld,1967,27999000
nld,1968,30111000
nld,1969,32899000
nld,1970,36510000
nld,1971,35988000
nld,1972,40060000
nld,1973,41290000
nld,1974,35387000
nld,1975,34828000
nld,1976,39180000
nld,1977,37596000
nld,1978,38365000
nld,1979,41510000
nld,1980,38793000
nld,1981,36220000
nld,1982,31506000
nld,1983,29737000
nld,1984,29352000
nld,1985,29590000
nld,1986,32800000
nld,1987,33004000
nld,1988,35096000
nld,1989,34618000
nld,1990,35764000
nld,1991,34455000
nld,1992,36031000
nld,1993,35686000
nld,1994,35377000
nld,1995,37268000
nld,1996,37317000
nld,1997,38480000
nld,1998,38951000
nld,1999,39821000
nld,2000,40579000
nld,2001,42579000
nld,2002,42649000
nld,2003,42606000
nld,2004,44624000
nld,2005,47491000
nld,2006,47442000
nld,2007,48976000
nld,2008,46551000
nld,2009,44630000
nld,2010,45221000
nld,2011,46077000
nld,2012,43705000
nld,2013,41437000
nld,2014,39621000
nld,2015,38734000
nld,2016,39940000
nld,2017,39603000
nor,1965,5105000
nor,1966,5761000
nor,1967,5956000
nor,1968,6630000
nor,1969,7291000
nor,1970,8198000
nor,1971,8092000
nor,1972,8476000
nor,1973,8609000
nor,1974,7841000
nor,1975,8100000
nor,1976,8957000
nor,1977,8820000
nor,1978,9850000
nor,1979,9786000
nor,1980,9391000
nor,1981,8727000
nor,1982,8374000
nor,1983,8272000
nor,1984,8565000
nor,1985,8992000
nor,1986,9698000
nor,1987,9586000
nor,1988,8976000
nor,1989,9113000
nor,1990,9334000
nor,1991,8566000
nor,1992,8896000
nor,1993,9341000
nor,1994,9597000
nor,1995,9381000
nor,1996,10166000
nor,1997,10278000
nor,1998,10283000
nor,1999,10198000
nor,2000,9370000
nor,2001,10223000
nor,2002,9806000
nor,2003,10360000
nor,2004,10009000
nor,2005,10155000
nor,2006,10453000
nor,2007,10673000
nor,2008,10374000
nor,2009,10720000
nor,2010,10756000
nor,2011,10604000
nor,2012,10535000
nor,2013,10758000
nor,2014,10152000
nor,2015,10295000
nor,2016,9755000
nor,2017,9798100
nzl,1965,2718000
nzl,1966,3014000
nzl,1967,3170000
nzl,1968,3253000
nzl,1969,3378000
nzl,1970,3975000
nzl,1971,4103000
nzl,1972,4417000
nzl,1973,4679000
nzl,1974,4462300
nzl,1975,4282300
nzl,1976,4419100
nzl,1977,4419500
nzl,1978,4192200
nzl,1979,4244700
nzl,1980,4104000
nzl,1981,3889000
nzl,1982,3876500
nzl,1983,3716200
nzl,1984,3764000
nzl,1985,3608400
nzl,1986,3680800
nzl,1987,3892100
nzl,1988,4038400
nzl,1989,4148000
nzl,1990,4763600
nzl,1991,4585600
nzl,1992,4701000
nzl,1993,4543300
nzl,1994,5215900
nzl,1995,5655400
nzl,1996,5548600
nzl,1997,5882500
nzl,1998,5979200
nzl,1999,6021400
nzl,2000,6167200
nzl,2001,6207400
nzl,2002,6426800
nzl,2003,6799300
nzl,2004,6814500
nzl,2005,7000200
nzl,2006,7101700
nzl,2007,7143900
nzl,2008,7220400
nzl,2009,6874100
nzl,2010,7039500
nzl,2011,7013400
nzl,2012,6960000
nzl,2013,7060400
nzl,2014,7202100
nzl,2015,7493400
nzl,2016,7623200
nzl,2017,8185000
omn,1965,442000
omn,1966,461000
omn,1967,481000
omn,1968,503000
omn,1969,524000
omn,1970,548000
omn,1971,1335000
omn,1972,1526000
omn,1973,1326000
omn,1974,1214000
omn,1975,1102000
omn,1976,1264000
omn,1977,1210000
omn,1978,1151000
omn,1979,1189000
omn,1980,885000
omn,1981,867000
omn,1982,1319000
omn,1983,992000
omn,1984,1646000
omn,1985,1412000
omn,1986,968000
omn,1987,1124000
omn,1988,1013000
omn,1989,1349000
omn,1990,2045000
omn,1991,3404000
omn,1992,2993000
omn,1993,2850000
omn,1994,2485000
omn,1995,2740000
omn,1996,2635000
omn,1997,2304000
omn,1998,2312000
omn,1999,2983000
omn,2000,3185000
omn,2001,3548000
omn,2002,4164200
omn,2003,3991700
omn,2004,3900400
omn,2005,4343100
omn,2006,4505600
omn,2007,4299300
omn,2008,5852200
omn,2009,5561200
omn,2010,6347500
omn,2011,6636800
omn,2012,7206000
omn,2013,8364400
omn,2014,8578300
omn,2015,8709800
omn,2016,9097000
omn,2017,8958100
pak,1965,3777000
pak,1966,3878000
pak,1967,4335000
pak,1968,4936000
pak,1969,4632000
pak,1970,4581000
pak,1971,4290000
pak,1972,3554000
pak,1973,3641000
pak,1974,3921000
pak,1975,4066000
pak,1976,4061000
pak,1977,4270000
pak,1978,4501000
pak,1979,4799000
pak,1980,5015000
pak,1981,5326000
pak,1982,5864000
pak,1983,6471000
pak,1984,7026000
pak,1985,7501000
pak,1986,8080000
pak,1987,8849000
pak,1988,9528000
pak,1989,10215000
pak,1990,10694000
pak,1991,11274000
pak,1992,12334000
pak,1993,13459000
pak,1994,14442000
pak,1995,15668000
pak,1996,16490000
pak,1997,17011000
pak,1998,17590000
pak,1999,18226000
pak,2000,18834000
pak,2001,18461000
pak,2002,17982000
pak,2003,15902000
pak,2004,16042000
pak,2005,15240000
pak,2006,17577000
pak,2007,19142000
pak,2008,19417000
pak,2009,20749000
pak,2010,20548000
pak,2011,20677000
pak,2012,19991000
pak,2013,21910000
pak,2014,22649000
pak,2015,24585000
pak,2016,27472000
pak,2017,28297000
per,1965,3620300
per,1966,4540000
per,1967,4573800
per,1968,4594700
per,1969,4529700
per,1970,4764800
per,1971,4699000
per,1972,4003000
per,1973,4662000
per,1974,5497000
per,1975,5755000
per,1976,5837000
per,1977,5841000
per,1978,5796000
per,1979,6028000
per,1980,6515000
per,1981,6645000
per,1982,6532000
per,1983,5651000
per,1984,5839000
per,1985,5638000
per,1986,6069000
per,1987,6698000
per,1988,6547000
per,1989,5804000
per,1990,5807000
per,1991,5370000
per,1992,5612000
per,1993,5883000
per,1994,6394000
per,1995,7213000
per,1996,7434000
per,1997,7347000
per,1998,7389000
per,1999,7541000
per,2000,7373000
per,2001,6974000
per,2002,6922000
per,2003,6535000
per,2004,7311200
per,2005,7128800
per,2006,6857700
per,2007,7107800
per,2008,7994200
per,2009,8164000
per,2010,8613700
per,2011,9461200
per,2012,9594400
per,2013,10142000
per,2014,10008000
per,2015,10647000
per,2016,11297000
per,2017,11521000
phl,1965,4176000
phl,1966,4556000
phl,1967,5145000
phl,1968,5883000
phl,1969,6303000
phl,1970,7183000
phl,1971,8319000
phl,1972,8164000
phl,1973,9597000
phl,1974,8977000
phl,1975,9684000
phl,1976,9954000
phl,1977,10890000
phl,1978,11223000
phl,1979,11589000
phl,1980,10881000
phl,1981,10225000
phl,1982,9841000
phl,1983,10290000
phl,1984,8396000
phl,1985,7445000
phl,1986,7830000
phl,1987,9103000
phl,1988,9808000
phl,1989,10999000
phl,1990,11486000
phl,1991,11125000
phl,1992,13680000
phl,1993,14085000
phl,1994,14896000
phl,1995,16796000
phl,1996,17535000
phl,1997,18842000
phl,1998,19054000
phl,1999,18020000
phl,2000,16576000
phl,2001,16485000
phl,2002,15571000
phl,2003,15487000
phl,2004,15942000
phl,2005,14806000
phl,2006,13286000
phl,2007,13840000
phl,2008,13258000
phl,2009,13952000
phl,2010,14611000
phl,2011,13798000
phl,2012,14371000
phl,2013,15113000
phl,2014,16055000
phl,2015,18254000
phl,2016,19702000
phl,2017,20710000
pol,1965,5409000
pol,1966,5620000
pol,1967,6089000
pol,1968,7620000
pol,1969,8387000
pol,1970,8864000
pol,1971,9423000
pol,1972,10578000
pol,1973,11742000
pol,1974,12390000
pol,1975,13491000
pol,1976,14902000
pol,1977,15941000
pol,1978,17058000
pol,1979,17390000
pol,1980,17126000
pol,1981,16052000
pol,1982,15165000
pol,1983,15663000
pol,1984,16076000
pol,1985,16351000
pol,1986,16879000
pol,1987,17080000
pol,1988,17504000
pol,1989,17345000
pol,1990,15843000
pol,1991,14930000
pol,1992,13597000
pol,1993,14039000
pol,1994,14808000
pol,1995,14935000
pol,1996,17470000
pol,1997,18186000
pol,1998,20806000
pol,1999,21762000
pol,2000,19961000
pol,2001,19484000
pol,2002,19857000
pol,2003,20208000
pol,2004,21554000
pol,2005,22391000
pol,2006,24211000
pol,2007,25048000
pol,2008,26164000
pol,2009,26133000
pol,2010,27581000
pol,2011,27492000
pol,2012,26569000
pol,2013,24684000
pol,2014,24750000
pol,2015,25817000
pol,2016,28070000
pol,2017,30406000
prt,1965,2569000
prt,1966,2630000
prt,1967,2904000
prt,1968,3113000
prt,1969,3260000
prt,1970,4516300
prt,1971,5125500
prt,1972,5573300
prt,1973,6125900
prt,1974,6538600
prt,1975,6846000
prt,1976,7179800
prt,1977,7093000
prt,1978,7354100
prt,1979,7874000
prt,1980,8435100
prt,1981,8958400
prt,1982,9357800
prt,1983,9463400
prt,1984,9425500
prt,1985,9089200
prt,1986,9665900
prt,1987,9371300
prt,1988,9770900
prt,1989,12390000
prt,1990,11673000
prt,1991,12246000
prt,1992,13651000
prt,1993,12850000
prt,1994,13048000
prt,1995,14161000
prt,1996,13456000
prt,1997,14487000
prt,1998,15928000
prt,1999,16432000
prt,2000,16000000
prt,2001,16084000
prt,2002,16584000
prt,2003,15633000
prt,2004,15819000
prt,2005,16402000
prt,2006,14609000
prt,2007,14741000
prt,2008,14083000
prt,2009,13150000
prt,2010,12952000
prt,2011,12109000
prt,2012,11016000
prt,2013,11295000
prt,2014,11147000
prt,2015,11488000
prt,2016,11660000
prt,2017,12237000
qat,1965,47000
qat,1966,47000
qat,1967,71000
qat,1968,92000
qat,1969,107000
qat,1970,93000
qat,1971,89000
qat,1972,106000
qat,1973,138000
qat,1974,188000
qat,1975,224000
qat,1976,308000
qat,1977,410000
qat,1978,398000
qat,1979,432000
qat,1980,693000
qat,1981,756000
qat,1982,1049000
qat,1983,1149000
qat,1984,1298000
qat,1985,1825000
qat,1986,2152000
qat,1987,2292000
qat,1988,1501000
qat,1989,1657000
qat,1990,1715000
qat,1991,1474000
qat,1992,1535000
qat,1993,1559000
qat,1994,1664000
qat,1995,1745000
qat,1996,1851000
qat,1997,1960000
qat,1998,2011000
qat,1999,1970000
qat,2000,1697000
qat,2001,2069000
qat,2002,2673000
qat,2003,2794000
qat,2004,2975000
qat,2005,3564400
qat,2006,4634500
qat,2007,5246400
qat,2008,6260000
qat,2009,6031800
qat,2010,6478200
qat,2011,7984100
qat,2012,8203800
qat,2013,9323400
qat,2014,9764000
qat,2015,10682000
qat,2016,11788000
qat,2017,12292000
rou,1965,7147000
rou,1966,7447000
rou,1967,8429000
rou,1968,8866000
rou,1969,9895000
rou,1970,10714000
rou,1971,10876000
rou,1972,11619000
rou,1973,13066000
rou,1974,12054000
rou,1975,13657000
rou,1976,15234000
rou,1977,16501000
rou,1978,18410000
rou,1979,19598000
rou,1980,18571000
rou,1981,16662000
rou,1982,16380000
rou,1983,14644000
rou,1984,14011000
rou,1985,15031000
rou,1986,16159000
rou,1987,17770000
rou,1988,16649000
rou,1989,17192000
rou,1990,18693000
rou,1991,15566000
rou,1992,12660000
rou,1993,12121000
rou,1994,11246000
rou,1995,13494000
rou,1996,12978000
rou,1997,13659000
rou,1998,11968000
rou,1999,9476000
rou,2000,9979000
rou,2001,10604000
rou,2002,10645000
rou,2003,9425000
rou,2004,10854000
rou,2005,10509000
rou,2006,10311000
rou,2007,10338000
rou,2008,10384000
rou,2009,9186000
rou,2010,8753000
rou,2011,9117000
rou,2012,9205000
rou,2013,8402000
rou,2014,8953000
rou,2015,9157000
rou,2016,9720000
rou,2017,9750400
rus,1985,247360000
rus,1986,250380000
rus,1987,252500000
rus,1988,250560000
rus,1989,255290000
rus,1990,251730000
rus,1991,245350000
rus,1992,235000000
rus,1993,196230000
rus,1994,172890000
rus,1995,150600000
rus,1996,129560000
rus,1997,128360000
rus,1998,123110000
rus,1999,125680000
rus,2000,123240000
rus,2001,127090000
rus,2002,122060000
rus,2003,126470000
rus,2004,124690000
rus,2005,125020000
rus,2006,130400000
rus,2007,129970000
rus,2008,133630000
rus,2009,128180000
rus,2010,133290000
rus,2011,142220000
rus,2012,144640000
rus,2013,144330000
rus,2014,152410000
rus,2015,144890000
rus,2016,147490000
rus,2017,147780000
sau,1965,19577000
sau,1966,19745000
sau,1967,19913000
sau,1968,20083000
sau,1969,20255000
sau,1970,21040000
sau,1971,21282000
sau,1972,22742000
sau,1973,24121000
sau,1974,25289000
sau,1975,19280000
sau,1976,22474000
sau,1977,26030000
sau,1978,28123000
sau,1979,34012000
sau,1980,27724000
sau,1981,33373000
sau,1982,37159000
sau,1983,41230000
sau,1984,45973000
sau,1985,46756000
sau,1986,45978000
sau,1987,48767000
sau,1988,50068000
sau,1989,48124000
sau,1990,51209000
sau,1991,53534000
sau,1992,51812000
sau,1993,52123000
sau,1994,62968000
sau,1995,60223000
sau,1996,62151000
sau,1997,63223000
sau,1998,67385000
sau,1999,69853000
sau,2000,72076000
sau,2001,75909000
sau,2002,78236000
sau,2003,82906000
sau,2004,89568000
sau,2005,94221000
sau,2006,98373000
sau,2007,104400000
sau,2008,114390000
sau,2009,125910000
sau,2010,136560000
sau,2011,139080000
sau,2012,146130000
sau,2013,146510000
sau,2014,160890000
sau,2015,167270000
sau,2016,167220000
sau,2017,165760000
sgp,1965,4108900
sgp,1966,4697000
sgp,1967,5657400
sgp,1968,7035300
sgp,1969,6918000
sgp,1970,7506800
sgp,1971,6512000
sgp,1972,8167000
sgp,1973,7676000
sgp,1974,7560000
sgp,1975,7386000
sgp,1976,8781000
sgp,1977,8811000
sgp,1978,9049000
sgp,1979,9648000
sgp,1980,9576000
sgp,1981,11029000
sgp,1982,10724000
sgp,1983,11358000
sgp,1984,11927000
sgp,1985,12140000
sgp,1986,14092000
sgp,1987,14784000
sgp,1988,17125000
sgp,1989,19553000
sgp,1990,23322000
sgp,1991,23743000
sgp,1992,24612000
sgp,1993,26636000
sgp,1994,30647000
sgp,1995,31976000
sgp,1996,32271000
sgp,1997,33966000
sgp,1998,34367000
sgp,1999,33995000
sgp,2000,36235000
sgp,2001,38933000
sgp,2002,37877000
sgp,2003,35202000
sgp,2004,39036000
sgp,2005,41399000
sgp,2006,44491000
sgp,2007,48284000
sgp,2008,51383000
sgp,2009,55465000
sgp,2010,60949000
sgp,2011,63695000
sgp,2012,63368000
sgp,2013,64152000
sgp,2014,65780000
sgp,2015,69496000
sgp,2016,72174000
sgp,2017,74838000
svk,1965,2298000
svk,1966,2539000
svk,1967,2825000
svk,1968,3116000
svk,1969,3345000
svk,1970,4014000
svk,1971,4418000
svk,1972,4839000
svk,1973,5444000
svk,1974,5587000
svk,1975,6164000
svk,1976,6516000
svk,1977,6813000
svk,1978,7048000
svk,1979,7163000
svk,1980,6668000
svk,1981,6571000
svk,1982,5994000
svk,1983,5867000
svk,1984,6219000
svk,1985,6180000
svk,1986,5967000
svk,1987,5868000
svk,1988,5727000
svk,1989,5668000
svk,1990,4966000
svk,1991,4353000
svk,1992,3920000
svk,1993,3244000
svk,1994,3348000
svk,1995,3241000
svk,1996,3399000
svk,1997,3393000
svk,1998,3785000
svk,1999,3431000
svk,2000,3410000
svk,2001,3188000
svk,2002,3539000
svk,2003,3332000
svk,2004,3184000
svk,2005,3827000
svk,2006,3429000
svk,2007,3633000
svk,2008,3938000
svk,2009,3731000
svk,2010,3917000
svk,2011,3890000
svk,2012,3595000
svk,2013,3609000
svk,2014,3402000
svk,2015,3673000
svk,2016,3777000
svk,2017,4195000
svn,1990,1488000
svn,1991,1514000
svn,1992,1435000
svn,1993,1740000
svn,1994,1877000
svn,1995,2064000
svn,1996,2392000
svn,1997,2474000
svn,1998,2387000
svn,1999,2436000
svn,2000,2303000
svn,2001,2384000
svn,2002,2333000
svn,2003,2374000
svn,2004,2490000
svn,2005,2550000
svn,2006,2663000
svn,2007,2624000
svn,2008,3045700
svn,2009,2660000
svn,2010,2571000
svn,2011,2563000
svn,2012,2511000
svn,2013,2381000
svn,2014,2353000
svn,2015,2318000
svn,2016,2492000
svn,2017,2462100
swe,1965,18949000
swe,1966,21483000
swe,1967,21023000
swe,1968,23758000
swe,1969,26804000
swe,1970,29260000
swe,1971,27465000
swe,1972,28312000
swe,1973,29215000
swe,1974,26332000
swe,1975,26225000
swe,1976,29039000
swe,1977,28049000
swe,1978,26601000
swe,1979,27873000
swe,1980,24780000
swe,1981,22384000
swe,1982,21000000
swe,1983,18575000
swe,1984,17784000
swe,1985,19153000
swe,1986,19719000
swe,1987,18070000
swe,1988,17309000
swe,1989,17346000
swe,1990,17404000
swe,1991,16419000
swe,1992,17394000
swe,1993,16954000
swe,1994,17961000
swe,1995,17085000
swe,1996,18463000
swe,1997,17077000
swe,1998,19422000
swe,1999,18689000
swe,2000,16100000
swe,2001,16213000
swe,2002,16684000
swe,2003,17935000
swe,2004,17746000
swe,2005,17388000
swe,2006,17559000
swe,2007,17195000
swe,2008,17027000
swe,2009,15793000
swe,2010,15921000
swe,2011,14899000
swe,2012,14791000
swe,2013,14504000
swe,2014,14649000
swe,2015,14116000
swe,2016,14985000
swe,2017,15065000
tha,1965,2300000
tha,1966,2719000
tha,1967,3023000
tha,1968,3993000
tha,1969,4330000
tha,1970,5053000
tha,1971,5626000
tha,1972,7080000
tha,1973,7499000
tha,1974,7655000
tha,1975,8250000
tha,1976,8697000
tha,1977,9779000
tha,1978,10979000
tha,1979,11101000
tha,1980,11582000
tha,1981,11042000
tha,1982,9997000
tha,1983,11196000
tha,1984,11648000
tha,1985,11023000
tha,1986,11496000
tha,1987,12572000
tha,1988,14214000
tha,1989,16710000
tha,1990,20055000
tha,1991,21458000
tha,1992,24176000
tha,1993,27934000
tha,1994,31177000
tha,1995,33965000
tha,1996,37444000
tha,1997,37658000
tha,1998,34460000
tha,1999,36698000
tha,2000,34784000
tha,2001,34230000
tha,2002,38110000
tha,2003,42303000
tha,2004,45778000
tha,2005,45874000
tha,2006,44182000
tha,2007,45495000
tha,2008,44374000
tha,2009,46332000
tha,2010,47749000
tha,2011,49728000
tha,2012,52297000
tha,2013,54541000
tha,2014,54892000
tha,2015,57212000
tha,2016,58825000
tha,2017,60550000
tkm,1985,4861200
tkm,1986,3538200
tkm,1987,3533700
tkm,1988,3530400
tkm,1989,3525900
tkm,1990,4606300
tkm,1991,5155600
tkm,1992,5008000
tkm,1993,2852000
tkm,1994,2860000
tkm,1995,2632000
tkm,1996,3057000
tkm,1997,2987000
tkm,1998,3831000
tkm,1999,4187000
tkm,2000,4001000
tkm,2001,3804000
tkm,2002,4346000
tkm,2003,4958000
tkm,2004,4942000
tkm,2005,4977000
tkm,2006,4849000
tkm,2007,5091000
tkm,2008,5224000
tkm,2009,5022000
tkm,2010,5547000
tkm,2011,5767000
tkm,2012,6010000
tkm,2013,6179000
tkm,2014,6463000
tkm,2015,6506000
tkm,2016,6833800
tkm,2017,6984000
tto,1965,1901200
tto,1966,1914500
tto,1967,1997100
tto,1968,2035300
tto,1969,2133300
tto,1970,2188200
tto,1971,2261000
tto,1972,3732000
tto,1973,3751000
tto,1974,3700000
tto,1975,2822000
tto,1976,3181000
tto,1977,3101000
tto,1978,2773000
tto,1979,2123000
tto,1980,1670000
tto,1981,1654000
tto,1982,1836000
tto,1983,1584000
tto,1984,1350000
tto,1985,1438000
tto,1986,1558000
tto,1987,1021000
tto,1988,920000
tto,1989,826000
tto,1990,1265000
tto,1991,1181000
tto,1992,1709000
tto,1993,1486000
tto,1994,1118000
tto,1995,1283000
tto,1996,1493000
tto,1997,848000
tto,1998,980000
tto,1999,1774000
tto,2000,1740600
tto,2001,1611000
tto,2002,1838400
tto,2003,1747200
tto,2004,1920500
tto,2005,1682800
tto,2006,1839400
tto,2007,2106200
tto,2008,2243500
tto,2009,2145800
tto,2010,2228500
tto,2011,2089200
tto,2012,2013700
tto,2013,2257100
tto,2014,2061100
tto,2015,2248800
tto,2016,2183400
tto,2017,2146800
tur,1965,3564000
tur,1966,4247000
tur,1967,4992000
tur,1968,6029000
tur,1969,6713000
tur,1970,7097000
tur,1971,8429000
tur,1972,9549000
tur,1973,11683000
tur,1974,11335000
tur,1975,12481000
tur,1976,14105000
tur,1977,15938000
tur,1978,16916000
tur,1979,15061000
tur,1980,15396000
tur,1981,15156000
tur,1982,16225000
tur,1983,17043000
tur,1984,16968000
tur,1985,17785000
tur,1986,19213000
tur,1987,21643000
tur,1988,23064000
tur,1989,21612000
tur,1990,22929000
tur,1991,22350000
tur,1992,23619000
tur,1993,27083000
tur,1994,25846000
tur,1995,28987000
tur,1996,30292000
tur,1997,29829000
tur,1998,29796000
tur,1999,29603000
tur,2000,30953000
tur,2001,28844000
tur,2002,30865000
tur,2003,30452000
tur,2004,31104000
tur,2005,30720000
tur,2006,32059000
tur,2007,32599000
tur,2008,32132000
tur,2009,32610000
tur,2010,31793000
tur,2011,31105000
tur,2012,33149000
tur,2013,36012000
tur,2014,36691000
tur,2015,43690000
tur,2016,46677000
tur,2017,48283000
twn,1965,2164000
twn,1966,2564000
twn,1967,3050000
twn,1968,3643000
twn,1969,4369000
twn,1970,5254000
twn,1971,7366000
twn,1972,7996000
twn,1973,10197000
twn,1974,9154000
twn,1975,10610000
twn,1976,13680000
twn,1977,15102000
twn,1978,17707000
twn,1979,17744000
twn,1980,18425000
twn,1981,16149000
twn,1982,15488000
twn,1983,15843000
twn,1984,15364000
twn,1985,18744000
twn,1986,20725000
twn,1987,21537000
twn,1988,24743000
twn,1989,27553000
twn,1990,28494000
twn,1991,29565000
twn,1992,30348000
twn,1993,32529000
twn,1994,34304000
twn,1995,37081000
twn,1996,37190000
twn,1997,38671000
twn,1998,39964000
twn,1999,43025000
twn,2000,44293000
twn,2001,45428000
twn,2002,45575000
twn,2003,47412000
twn,2004,49608000
twn,2005,49222000
twn,2006,49095000
twn,2007,51147000
twn,2008,45850000
twn,2009,46092000
twn,2010,47219000
twn,2011,44540000
twn,2012,44592000
twn,2013,45094000
twn,2014,46508000
twn,2015,46226000
twn,2016,46475000
twn,2017,47231000
ukr,1985,64328000
ukr,1986,64533000
ukr,1987,67077000
ukr,1988,61579000
ukr,1989,58837000
ukr,1990,63797000
ukr,1991,58122000
ukr,1992,42873000
ukr,1993,24959000
ukr,1994,19931000
ukr,1995,19016000
ukr,1996,14316000
ukr,1997,13902000
ukr,1998,14381000
ukr,1999,12798000
ukr,2000,12063000
ukr,2001,13453000
ukr,2002,13259000
ukr,2003,13646000
ukr,2004,14350000
ukr,2005,13668000
ukr,2006,14238000
ukr,2007,14440000
ukr,2008,14171000
ukr,2009,13507000
ukr,2010,12606000
ukr,2011,13082000
ukr,2012,12533000
ukr,2013,11904000
ukr,2014,10208000
ukr,2015,8992700
ukr,2016,9484300
ukr,2017,9563200
usa,1965,551340000
usa,1966,578850000
usa,1967,601040000
usa,1968,642780000
usa,1969,678480000
usa,1970,705690000
usa,1971,729640000
usa,1972,788870000
usa,1973,833140000
usa,1974,799740000
usa,1975,783470000
usa,1976,841270000
usa,1977,888260000
usa,1978,869530000
usa,1979,851280000
usa,1980,788150000
usa,1981,734300000
usa,1982,694070000
usa,1983,688920000
usa,1984,713030000
usa,1985,709950000
usa,1986,739900000
usa,1987,754830000
usa,1988,786620000
usa,1989,785890000
usa,1990,771400000
usa,1991,754360000
usa,1992,771130000
usa,1993,777380000
usa,1994,797960000
usa,1995,795520000
usa,1996,823640000
usa,1997,834990000
usa,1998,850570000
usa,1999,874370000
usa,2000,882840000
usa,2001,882810000
usa,2002,883550000
usa,2003,899400000
usa,2004,935160000
usa,2005,938400000
usa,2006,930660000
usa,2007,928770000
usa,2008,875360000
usa,2009,833160000
usa,2010,850070000
usa,2011,834910000
usa,2012,817010000
usa,2013,832100000
usa,2014,838070000
usa,2015,856450000
usa,2016,865070000
usa,2017,870120000
ussr,1965,168320000
ussr,1966,180260000
ussr,1967,196390000
ussr,1968,209330000
ussr,1969,222580000
ussr,1970,245080000
ussr,1971,259890000
ussr,1972,281890000
ussr,1973,303070000
ussr,1974,333060000
ussr,1975,348780000
ussr,1976,358450000
ussr,1977,372130000
ussr,1978,394790000
ussr,1979,401890000
ussr,1980,421470000
ussr,1981,425300000
ussr,1982,422340000
ussr,1983,416290000
ussr,1984,416470000
uzb,1985,11609000
uzb,1986,11903000
uzb,1987,11289000
uzb,1988,13923000
uzb,1989,13306000
uzb,1990,10100000
uzb,1991,10674000
uzb,1992,8675000
uzb,1993,9221000
uzb,1994,7915000
uzb,1995,6670000
uzb,1996,6605000
uzb,1997,7008000
uzb,1998,6892000
uzb,1999,7098000
uzb,2000,7093000
uzb,2001,6801000
uzb,2002,6635000
uzb,2003,7264000
uzb,2004,7458000
uzb,2005,5135000
uzb,2006,5136000
uzb,2007,4658000
uzb,2008,4559000
uzb,2009,4275000
uzb,2010,3622000
uzb,2011,3412000
uzb,2012,3034000
uzb,2013,2862000
uzb,2014,2697000
uzb,2015,2731400
uzb,2016,3131300
uzb,2017,3141900
ven,1965,9555800
ven,1966,9371900
ven,1967,9542200
ven,1968,10408000
ven,1969,10273000
ven,1970,10741000
ven,1971,10812000
ven,1972,11807000
ven,1973,12907000
ven,1974,12893000
ven,1975,13800000
ven,1976,13587000
ven,1977,15283000
ven,1978,15896000
ven,1979,17021000
ven,1980,20751000
ven,1981,22017000
ven,1982,21702000
ven,1983,21206000
ven,1984,19897000
ven,1985,20427000
ven,1986,21332000
ven,1987,20199000
ven,1988,20893000
ven,1989,20437000
ven,1990,20634000
ven,1991,19476000
ven,1992,23432000
ven,1993,21001000
ven,1994,23653000
ven,1995,22614000
ven,1996,18153000
ven,1997,19665000
ven,1998,22110000
ven,1999,23807000
ven,2000,23897000
ven,2001,27014000
ven,2002,28170000
ven,2003,24068000
ven,2004,26034000
ven,2005,28271000
ven,2006,31494000
ven,2007,29672000
ven,2008,33785000
ven,2009,34196000
ven,2010,34112000
ven,2011,34565000
ven,2012,37173000
ven,2013,36715000
ven,2014,33574000
ven,2015,29565000
ven,2016,25011000
ven,2017,23237000
vnm,1965,1485800
vnm,1966,3247100
vnm,1967,4755700
vnm,1968,4851500
vnm,1969,5863700
vnm,1970,6079000
vnm,1971,5142700
vnm,1972,5334700
vnm,1973,5241100
vnm,1974,3191200
vnm,1975,3038500
vnm,1976,792640
vnm,1977,794990
vnm,1978,964980
vnm,1979,1113200
vnm,1980,1931300
vnm,1981,1682700
vnm,1982,1709200
vnm,1983,1958300
vnm,1984,1915400
vnm,1985,1943100
vnm,1986,2169600
vnm,1987,2531200
vnm,1988,2643000
vnm,1989,2446600
vnm,1990,2869500
vnm,1991,2801100
vnm,1992,3064000
vnm,1993,3942000
vnm,1994,4360000
vnm,1995,4797000
vnm,1996,5520000
vnm,1997,6305000
vnm,1998,6968000
vnm,1999,7649000
vnm,2000,8270000
vnm,2001,8970000
vnm,2002,9848000
vnm,2003,10487000
vnm,2004,12465000
vnm,2005,12213000
vnm,2006,11972000
vnm,2007,13339000
vnm,2008,14077000
vnm,2009,14179000
vnm,2010,15329000
vnm,2011,16674000
vnm,2012,16835000
vnm,2013,18208000
vnm,2014,18769000
vnm,2015,19943000
vnm,2016,21040000
vnm,2017,22077000
zaf,1965,5606000
zaf,1966,6093000
zaf,1967,6623000
zaf,1968,7201000
zaf,1969,7919000
zaf,1970,8582000
zaf,1971,9388000
zaf,1972,10240000
zaf,1973,11303000
zaf,1974,11011000
zaf,1975,11684000
zaf,1976,11811000
zaf,1977,11697000
zaf,1978,12287000
zaf,1979,11650000
zaf,1980,11983000
zaf,1981,12979000
zaf,1982,13145000
zaf,1983,13269000
zaf,1984,14448000
zaf,1985,14116000
zaf,1986,13623000
zaf,1987,14401000
zaf,1988,15874000
zaf,1989,16449000
zaf,1990,16593000
zaf,1991,16722000
zaf,1992,17276000
zaf,1993,18003000
zaf,1994,18783000
zaf,1995,20034000
zaf,1996,20669000
zaf,1997,21001000
zaf,1998,21315000
zaf,1999,21616000
zaf,2000,21991000
zaf,2001,22466000
zaf,2002,23051000
zaf,2003,23883000
zaf,2004,24770000
zaf,2005,24828000
zaf,2006,25256000
zaf,2007,25768000
zaf,2008,24429000
zaf,2009,24131000
zaf,2010,25708000
zaf,2011,25830000
zaf,2012,26606000
zaf,2013,27350000
zaf,2014,27247000
zaf,2015,28322000
zaf,2016,27757000
zaf,2017,27851000
