geo,time,electricity_generation_total
are,1985,12000000000
are,1986,12814000000
are,1987,13658000000
are,1988,14840000000
are,1989,15612000000
are,1990,17081000000
are,1991,17352000000
are,1992,18689000000
are,1993,21730000000
are,1994,23736000000
are,1995,24982000000
are,1996,26572000000
are,1997,28464000000
are,1998,33392000000
are,1999,37126999999.99999
are,2000,39944000000
are,2001,43172000000
are,2002,46586000000.00001
are,2003,49540000000
are,2004,52417000000
are,2005,60698000000
are,2006,66768000000
are,2007,78761000000.00002
are,2008,80463000000.00002
are,2009,85698000000
are,2010,93949000000
are,2011,99137000000
are,2012,106220000000
are,2013,109980000000
are,2014,116530000000
are,2015,127370000000
are,2016,129600000000
are,2017,135820000000
arg,1985,45303999999.99999
arg,1986,49022000000
arg,1987,52115000000
arg,1988,52500000000
arg,1989,50863000000
arg,1990,51005000000
arg,1991,53854000000
arg,1992,56107000000
arg,1993,61869000000
arg,1994,65622000000
arg,1995,67169000000
arg,1996,69760000000
arg,1997,72462000000
arg,1998,74170000000
arg,1999,80745000000
arg,2000,88978000000
arg,2001,90137999999.99998
arg,2002,84590000000
arg,2003,92059000000
arg,2004,100260000000
arg,2005,105750000000
arg,2006,113420000000
arg,2007,113530000000
arg,2008,121910000000
arg,2009,122330000000
arg,2010,125990000000
arg,2011,129479999999.99998
arg,2012,136030000000
arg,2013,139440000000
arg,2014,138550000000
arg,2015,145420000000
arg,2016,147190000000
arg,2017,147020000000
aus,1985,123670000000
aus,1986,129530000000
aus,1987,135810000000
aus,1988,143370000000
aus,1989,151430000000
aus,1990,155650000000
aus,1991,157960000000
aus,1992,161400000000
aus,1993,165380000000
aus,1994,170140000000
aus,1995,175220000000
aus,1996,180130000000
aus,1997,188980000000
aus,1998,199470000000
aus,1999,206900000000
aus,2000,216830000000
aus,2001,224250000000
aus,2002,223500000000
aus,2003,225950000000
aus,2004,229220000000
aus,2005,230740000000
aus,2006,237990000000
aus,2007,243180000000
aus,2008,245370000000
aus,2009,249900000000
aus,2010,250960000000
aus,2011,256300000000
aus,2012,250670000000
aus,2013,249560000000
aus,2014,247650000000
aus,2015,254320000000
aus,2016,259370000000
aus,2017,259450000000
aut,1985,44535000000
aut,1986,44653000000
aut,1987,50518000000
aut,1988,49023999999.99999
aut,1989,50174000000
aut,1990,50413999999.99999
aut,1991,51483999999.99999
aut,1992,51180000000
aut,1993,52675000000
aut,1994,53309000000
aut,1995,56587000000
aut,1996,54835000000
aut,1997,56851000000.00001
aut,1998,57437000000
aut,1999,60369000000
aut,2000,61798000000
aut,2001,62253000000
aut,2002,62452000000
aut,2003,60618000000
aut,2004,64857000000
aut,2005,66735000000
aut,2006,64363999999.99999
aut,2007,64853000000.00001
aut,2008,66926999999.99999
aut,2009,69063000000
aut,2010,71070000000
aut,2011,65854000000
aut,2012,72390000000
aut,2013,68036999999.99999
aut,2014,65108999999.99999
aut,2015,64947000000
aut,2016,67881000000
aut,2017,70120000000
aze,1985,20702000000
aze,1986,21542000000
aze,1987,22909000000
aze,1988,23572000000
aze,1989,23300000000
aze,1990,23152000000
aze,1991,23450000000
aze,1992,19763000000
aze,1993,19051000000
aze,1994,17571000000
aze,1995,17044000000
aze,1996,17085000000
aze,1997,16836000000
aze,1998,17995000000
aze,1999,18176000000
aze,2000,18700000000
aze,2001,18969000000
aze,2002,18701000000
aze,2003,21286000000
aze,2004,21744000000
aze,2005,22872000000
aze,2006,24543000000
aze,2007,21847000000
aze,2008,21642000000
aze,2009,18869000000
aze,2010,18709000000
aze,2011,20294000000
aze,2012,22988000000
aze,2013,23354000000
aze,2014,24728000000
aze,2015,24688000000
aze,2016,24953000000
aze,2017,24321000000
bel,1985,57321999999.99999
bel,1986,58676000000
bel,1987,63367000000
bel,1988,65348999999.99999
bel,1989,67547000000
bel,1990,70923000000
bel,1991,71936000000
bel,1992,72225000000
bel,1993,70834000000
bel,1994,72179000000
bel,1995,74408000000
bel,1996,76098999999.99998
bel,1997,78833000000
bel,1998,83183000000
bel,1999,84514000000
bel,2000,84012000000
bel,2001,79821000000
bel,2002,82069000000
bel,2003,84630000000
bel,2004,85642999999.99998
bel,2005,87025000000
bel,2006,85617000000
bel,2007,88822000000
bel,2008,84930000000
bel,2009,91235000000
bel,2010,95189000000
bel,2011,90241000000
bel,2012,82922999999.99998
bel,2013,83488000000
bel,2014,72672000000
bel,2015,69848999999.99998
bel,2016,85520000000
bel,2017,86397000000
bgd,1985,4528000000
bgd,1986,4800000000
bgd,1987,5587000000
bgd,1988,6541000000
bgd,1989,7115000000
bgd,1990,7732000000
bgd,1991,8270000000
bgd,1992,8894000000
bgd,1993,9206000000
bgd,1994,9784000000
bgd,1995,10806000000
bgd,1996,11474000000
bgd,1997,11858000000
bgd,1998,12882000000
bgd,1999,14450000000
bgd,2000,15771000000
bgd,2001,17392000000
bgd,2002,18665000000
bgd,2003,19713000000
bgd,2004,24685000000
bgd,2005,26451000000
bgd,2006,29539000000
bgd,2007,31018000000
bgd,2008,34239000000
bgd,2009,37212000000
bgd,2010,40846000000
bgd,2011,44239000000
bgd,2012,48675000000
bgd,2013,54421000000.00001
bgd,2014,57461000000.00001
bgd,2015,61846000000
bgd,2016,70273000000
bgd,2017,74727000000
bgr,1985,41632000000
bgr,1986,41820000000
bgr,1987,43473000000
bgr,1988,45021000000
bgr,1989,44331000000
bgr,1990,42141000000.00001
bgr,1991,40861999999.99999
bgr,1992,35610000000
bgr,1993,37997000000
bgr,1994,38133000000
bgr,1995,41788999999.99999
bgr,1996,42716000000
bgr,1997,42803000000.00001
bgr,1998,41711000000.00001
bgr,1999,38248000000.00001
bgr,2000,40924000000
bgr,2001,43968000000
bgr,2002,42678999999.99999
bgr,2003,42600000000
bgr,2004,41621000000
bgr,2005,44365000000
bgr,2006,45843000000
bgr,2007,43297000000
bgr,2008,45037000000
bgr,2009,42964000000
bgr,2010,46653000000
bgr,2011,50797000000
bgr,2012,47328999999.99999
bgr,2013,43784000000
bgr,2014,47485000000
bgr,2015,49228000000
bgr,2016,45277000000
bgr,2017,45773999999.99999
blr,1985,33175000000
blr,1986,36282000000
blr,1987,37453000000
blr,1988,38150000000
blr,1989,38489000000.00001
blr,1990,39526000000
blr,1991,38735000000
blr,1992,37595000000
blr,1993,33369000000
blr,1994,31397000000
blr,1995,24918000000
blr,1996,23728000000
blr,1997,26057000000
blr,1998,23492000000
blr,1999,26516000000
blr,2000,26101000000
blr,2001,25063000000
blr,2002,26456000000
blr,2003,26627000000
blr,2004,31211000000
blr,2005,30961000000
blr,2006,31811000000
blr,2007,31829000000
blr,2008,35054000000
blr,2009,30405000000
blr,2010,34890000000
blr,2011,32203000000
blr,2012,30794000000
blr,2013,31495000000
blr,2014,34736999999.99999
blr,2015,34232000000
blr,2016,33566000000
blr,2017,34343000000
bra,1985,193680000000
bra,1986,202130000000
bra,1987,203330000000
bra,1988,214950000000
bra,1989,221740000000
bra,1990,222820000000
bra,1991,234380000000
bra,1992,241760000000
bra,1993,252000000000
bra,1994,260040000000.00003
bra,1995,275600000000
bra,1996,291280000000
bra,1997,307980000000
bra,1998,321750000000
bra,1999,334730000000
bra,2000,348920000000
bra,2001,328520000000
bra,2002,345680000000
bra,2003,364340000000
bra,2004,387450000000
bra,2005,403030000000
bra,2006,419380000000
bra,2007,445150000000
bra,2008,462890000000
bra,2009,466160000000
bra,2010,515799999999.99994
bra,2011,531760000000
bra,2012,552500000000
bra,2013,570830000000
bra,2014,590540000000
bra,2015,581230000000
bra,2016,578900000000
bra,2017,590950000000
can,1985,459020000000
can,1986,468580000000
can,1987,496400000000
can,1988,506020000000
can,1989,498090000000
can,1990,480590000000
can,1991,506990000000
can,1992,518630000000
can,1993,530230000000
can,1994,553050000000
can,1995,557870000000
can,1996,571620000000
can,1997,572340000000
can,1998,561990000000
can,1999,577770000000
can,2000,603820000000
can,2001,587750000000
can,2002,599790000000
can,2003,588270000000
can,2004,598510000000
can,2005,624240000000
can,2006,612020000000
can,2007,637080000000
can,2008,638430000000
can,2009,614040000000
can,2010,606920000000
can,2011,638280000000
can,2012,636550000000
can,2013,662500000000
can,2014,660420000000
can,2015,663710000000
can,2016,664650000000
can,2017,693410000000
che,1985,56492000000
che,1986,57563999999.99999
che,1987,59890000000
che,1988,60690000000
che,1989,54766999999.99999
che,1990,58741000000.00001
che,1991,60853000000
che,1992,62238000000
che,1993,64492000000.00001
che,1994,69951000000
che,1995,66400000000.00001
che,1996,59882000000
che,1997,66016000000.00001
che,1998,66186000000.00001
che,1999,73206000000
che,2000,70896000000
che,2001,75697000000
che,2002,70161999999.99998
che,2003,70514000000
che,2004,68999000000
che,2005,60966000000
che,2006,65411999999.99999
che,2007,69385000000
che,2008,70492000000
che,2009,69994000000
che,2010,69738999999.99998
che,2011,66191000000
che,2012,71598999999.99998
che,2013,71907000000
che,2014,73298000000
che,2015,69428000000
che,2016,67448000000.00001
che,2017,63159000000
chl,1985,14040000000
chl,1986,14820000000
chl,1987,15637000000
chl,1988,16915000000
chl,1989,17811000000
chl,1990,18398000000
chl,1991,19963000000
chl,1992,22350000000
chl,1993,24013000000
chl,1994,25276000000
chl,1995,28027000000
chl,1996,30791000000
chl,1997,33292000000
chl,1998,35495000000
chl,1999,38384000000
chl,2000,41268000000
chl,2001,43924000000
chl,2002,45491000000.00001
chl,2003,48787000000
chl,2004,49743000000
chl,2005,51898999999.99999
chl,2006,54802000000
chl,2007,58306000000.00001
chl,2008,59715000000
chl,2009,59701000000
chl,2010,61333000000
chl,2011,65223000000
chl,2012,69741000000
chl,2013,72968000000
chl,2014,71616000000
chl,2015,74539000000
chl,2016,77748000000
chl,2017,78628000000
chn,1985,410690000000
chn,1986,449530000000
chn,1987,497270000000
chn,1988,545210000000.00006
chn,1989,584810000000
chn,1990,621200000000
chn,1991,677550000000
chn,1992,753940000000
chn,1993,811590000000
chn,1994,927800000000
chn,1995,1007000000000
chn,1996,1081300000000
chn,1997,1135500000000
chn,1998,1167000000000
chn,1999,1239300000000
chn,2000,1355600000000
chn,2001,1480800000000
chn,2002,1654000000000
chn,2003,1910600000000
chn,2004,2203300000000
chn,2005,2500300000000
chn,2006,2865700000000
chn,2007,3281600000000
chn,2008,3495800000000
chn,2009,3714600000000
chn,2010,4207200000000
chn,2011,4713000000000
chn,2012,4987600000000
chn,2013,5431600000000
chn,2014,5649600000000
chn,2015,5814600000000
chn,2016,6133200000000
chn,2017,6495100000000
col,1985,29375000000
col,1986,31653000000
col,1987,33680000000
col,1988,35473000000
col,1989,37021000000
col,1990,38246000000
col,1991,40124000000
col,1992,36613000000
col,1993,41691000000
col,1994,45023999999.99999
col,1995,47483000000.00001
col,1996,48371000000
col,1997,49906000000.00001
col,1998,50283000000
col,1999,47775000000
col,2000,46780000000
col,2001,48208000000
col,2002,50283000000
col,2003,52113000000
col,2004,53839000000
col,2005,55897000000
col,2006,59066000000
col,2007,60520000000
col,2008,61303000000.00001
col,2009,63183000000
col,2010,64663000000
col,2011,66155000000
col,2012,67714000000
col,2013,69821000000
col,2014,72748000000
col,2015,75023000000
col,2016,74444000000
col,2017,75270000000
cyp,1985,1319000000
cyp,1986,1423000000
cyp,1987,1501000000
cyp,1988,1647000000
cyp,1989,1831000000
cyp,1990,1974000000
cyp,1991,2077000000
cyp,1992,2430000000
cyp,1993,2590000000
cyp,1994,2685000000
cyp,1995,2497000000
cyp,1996,2609000000
cyp,1997,2728000000
cyp,1998,2991000000
cyp,1999,3139000000
cyp,2000,3370000000
cyp,2001,3551000000
cyp,2002,3785000000
cyp,2003,4052000000
cyp,2004,4201000000
cyp,2005,4377000000
cyp,2006,4652000000
cyp,2007,4871000000
cyp,2008,5079000000
cyp,2009,5215000000
cyp,2010,5322000000
cyp,2011,4929000000
cyp,2012,4717000000
cyp,2013,4290000000
cyp,2014,4352000000
cyp,2015,4534600000
cyp,2016,4888000000
cyp,2017,4990100000
cze,1985,58121000000
cze,1986,60606000000
cze,1987,62196000000.00001
cze,1988,64334000000
cze,1989,65131000000
cze,1990,62560000000
cze,1991,60528000000
cze,1992,59293000000
cze,1993,58882000000
cze,1994,58705000000
cze,1995,60847000000
cze,1996,64257000000.00001
cze,1997,64598000000
cze,1998,64930000000.00001
cze,1999,64691999999.99999
cze,2000,73466000000.00002
cze,2001,74646999999.99998
cze,2002,76348000000
cze,2003,83227000000
cze,2004,84333000000
cze,2005,82579000000
cze,2006,84361000000
cze,2007,88024000000
cze,2008,83516000000
cze,2009,82250000000
cze,2010,85900000000
cze,2011,87561000000
cze,2012,87574000000
cze,2013,87065000000
cze,2014,86002999999.99998
cze,2015,83887999999.99998
cze,2016,83302000000
cze,2017,87032000000.00002
deu,1985,522530000000
deu,1986,523559999999.99994
deu,1987,532440000000.00006
deu,1988,549490000000
deu,1989,559870000000
deu,1990,549900000000
deu,1991,540220000000
deu,1992,538169999999.99994
deu,1993,527120000000
deu,1994,528470000000
deu,1995,536820000000.00006
deu,1996,552670000000
deu,1997,552320000000
deu,1998,557220000000
deu,1999,556300000000
deu,2000,576560000000
deu,2001,586410000000
deu,2002,586690000000
deu,2003,608780000000
deu,2004,617470000000
deu,2005,622580000000
deu,2006,639570000000
deu,2007,640580000000
deu,2008,640690000000
deu,2009,595620000000
deu,2010,633090000000
deu,2011,613070000000
deu,2012,630150000000
deu,2013,638730000000
deu,2014,626650000000
deu,2015,646890000000
deu,2016,649120000000
deu,2017,654190000000
dnk,1985,29143000000
dnk,1986,30783000000
dnk,1987,29489000000
dnk,1988,28070000000
dnk,1989,22934000000
dnk,1990,25977000000
dnk,1991,36540000000
dnk,1992,30733000000
dnk,1993,33969000000
dnk,1994,40196999999.99999
dnk,1995,36663000000
dnk,1996,53578000000
dnk,1997,44312000000
dnk,1998,41111000000.00001
dnk,1999,38915000000
dnk,2000,36049000000
dnk,2001,37726000000
dnk,2002,39283000000
dnk,2003,46178999999.99999
dnk,2004,40440000000
dnk,2005,36241000000
dnk,2006,45602000000
dnk,2007,39315000000
dnk,2008,36616000000
dnk,2009,36384000000
dnk,2010,38863000000
dnk,2011,35229000000
dnk,2012,30702000000
dnk,2013,34742000000
dnk,2014,32182000000
dnk,2015,28946000000
dnk,2016,30522000000
dnk,2017,30866000000
dza,1985,12274000000
dza,1986,12981000000
dza,1987,12722000000
dza,1988,13966000000
dza,1989,15324000000
dza,1990,16104000000
dza,1991,17345000000
dza,1992,18286000000
dza,1993,19414000000
dza,1994,19883000000
dza,1995,19715000000
dza,1996,20654000000
dza,1997,21497000000
dza,1998,23262000000
dza,1999,24757000000
dza,2000,25412000000
dza,2001,26625000000
dza,2002,27648000000
dza,2003,29528000000
dza,2004,31249000000
dza,2005,33915000000
dza,2006,35227000000
dza,2007,37310000000
dza,2008,40236999999.99999
dza,2009,43111999999.99999
dza,2010,45735000000
dza,2011,53074000000
dza,2012,57397000000
dza,2013,59890000000
dza,2014,64241000000
dza,2015,68798000000
dza,2016,70997000000
dza,2017,75191000000
ecu,1985,4558000000
ecu,1986,5012000000
ecu,1987,5384000000
ecu,1988,5641000000
ecu,1989,5769000000
ecu,1990,6348900000
ecu,1991,6974500000
ecu,1992,7196000000
ecu,1993,7411300000
ecu,1994,8144000000
ecu,1995,8428600000
ecu,1996,9679200000
ecu,1997,10362000000
ecu,1998,10890000000
ecu,1999,10308000000
ecu,2000,10612000000
ecu,2001,11050000000
ecu,2002,11888000000
ecu,2003,11546000000
ecu,2004,12585000000
ecu,2005,13404000000
ecu,2006,15116000000
ecu,2007,17337000000
ecu,2008,18609000000
ecu,2009,18265000000
ecu,2010,19510000000
ecu,2011,20544000000
ecu,2012,22848000000
ecu,2013,23260000000
ecu,2014,24307000000
ecu,2015,25950000000
ecu,2016,27314000000
ecu,2017,28036000000
egy,1985,30253000000
egy,1986,32461000000
egy,1987,35654000000
egy,1988,38712000000
egy,1989,40614000000.00001
egy,1990,41953000000
egy,1991,43276000000
egy,1992,44986999999.99999
egy,1993,46736999999.99999
egy,1994,48550000000
egy,1995,50652000000
egy,1996,53570000000
egy,1997,56784000000
egy,1998,60696999999.99999
egy,1999,65731000000.00001
egy,2000,73319000000
egy,2001,80713000000.00002
egy,2002,86236000000
egy,2003,92186000000
egy,2004,98252000000.00002
egy,2005,104950000000
egy,2006,111660000000
egy,2007,119870000000
egy,2008,128789999999.99998
egy,2009,134270000000.00002
egy,2010,144430000000
egy,2011,149560000000
egy,2012,162830000000
egy,2013,165060000000
egy,2014,171230000000
egy,2015,181840000000
egy,2016,188190000000
egy,2017,193210000000
esp,1985,126560000000
esp,1986,128539999999.99998
esp,1987,132669999999.99998
esp,1988,138760000000
esp,1989,147050000000
esp,1990,151920000000
esp,1991,155800000000
esp,1992,158720000000
esp,1993,156800000000
esp,1994,161850000000
esp,1995,167090000000
esp,1996,174450000000
esp,1997,190400000000
esp,1998,195210000000
esp,1999,208450000000
esp,2000,224470000000
esp,2001,236040000000
esp,2002,244960000000
esp,2003,260730000000.00003
esp,2004,280010000000
esp,2005,294080000000
esp,2006,299450000000
esp,2007,305050000000
esp,2008,313760000000
esp,2009,296300000000
esp,2010,300430000000
esp,2011,291760000000
esp,2012,297560000000
esp,2013,285260000000
esp,2014,278750000000
esp,2015,281020000000
esp,2016,274630000000
esp,2017,275400000000
est,1985,17827000000
est,1986,17951000000
est,1987,17900000000
est,1988,17627000000
est,1989,17611000000
est,1990,17181000000
est,1991,14627000000
est,1992,11829000000
est,1993,9118000000
est,1994,9152000000
est,1995,8693000000
est,1996,9103000000
est,1997,9218000000
est,1998,8521000000
est,1999,8265000000
est,2000,8510000000
est,2001,8481000000
est,2002,8524000000
est,2003,10158000000
est,2004,10302000000
est,2005,10201000000
est,2006,9729000000
est,2007,12188000000
est,2008,10579000000
est,2009,8777000000
est,2010,12962000000
est,2011,12892000000
est,2012,11966000000
est,2013,13274000000
est,2014,12430000000
est,2015,10417000000
est,2016,12176000000
est,2017,13438000000
fin,1985,49394000000
fin,1986,48948000000
fin,1987,53016000000.00001
fin,1988,53491000000.00001
fin,1989,53358999999.99999
fin,1990,54277000000
fin,1991,57979000000
fin,1992,57635000000
fin,1993,60982000000
fin,1994,65536000000
fin,1995,64414000000
fin,1996,69090000000
fin,1997,69145000000
fin,1998,70436000000
fin,1999,69407000000
fin,2000,70473999999.99998
fin,2001,74812000000
fin,2002,75371000000.00002
fin,2003,84740000000
fin,2004,86285000000
fin,2005,70838000000.00002
fin,2006,82662000000
fin,2007,81682000000
fin,2008,77880000000
fin,2009,72548000000
fin,2010,81053000000
fin,2011,73700000000
fin,2012,70479000000
fin,2013,71411999999.99998
fin,2014,68220000000
fin,2015,68799000000
fin,2016,68814000000
fin,2017,67918000000.00001
fra,1985,343480000000
fra,1986,362230000000
fra,1987,377870000000
fra,1988,391630000000
fra,1989,406140000000
fra,1990,420750000000
fra,1991,455560000000
fra,1992,463640000000
fra,1993,472710000000
fra,1994,476870000000
fra,1995,494270000000
fra,1996,513400000000
fra,1997,504770000000
fra,1998,511280000000
fra,1999,525809999999.99994
fra,2000,539950000000.00006
fra,2001,549530000000
fra,2002,559060000000
fra,2003,566840000000
fra,2004,574050000000
fra,2005,576060000000
fra,2006,574870000000
fra,2007,569770000000
fra,2008,573810000000
fra,2009,535940000000.00006
fra,2010,569290000000
fra,2011,564990000000
fra,2012,564480000000
fra,2013,573850000000
fra,2014,564150000000
fra,2015,570320000000
fra,2016,556180000000
fra,2017,554070000000
gbr,1985,298090000000
gbr,1986,301070000000
gbr,1987,302110000000
gbr,1988,308820000000
gbr,1989,314580000000
gbr,1990,319740000000
gbr,1991,322880000000
gbr,1992,321040000000
gbr,1993,323100000000
gbr,1994,326560000000
gbr,1995,337420000000
gbr,1996,350870000000
gbr,1997,350670000000
gbr,1998,362700000000
gbr,1999,368150000000
gbr,2000,377070000000
gbr,2001,384780000000
gbr,2002,387250000000
gbr,2003,398210000000
gbr,2004,393930000000
gbr,2005,398360000000
gbr,2006,397280000000
gbr,2007,396830000000
gbr,2008,388920000000
gbr,2009,376750000000
gbr,2010,382070000000
gbr,2011,367980000000
gbr,2012,363870000000
gbr,2013,358280000000
gbr,2014,338100000000
gbr,2015,338920000000
gbr,2016,339400000000
gbr,2017,335870000000
grc,1985,27740000000
grc,1986,28237000000
grc,1987,30272000000
grc,1988,33394000000
grc,1989,34455999999.99999
grc,1990,35003000000
grc,1991,35813000000
grc,1992,37410000000
grc,1993,38396000000
grc,1994,40623000000.00001
grc,1995,41551000000
grc,1996,42556999999.99999
grc,1997,43505000000
grc,1998,46328999999.99999
grc,1999,49620000000
grc,2000,53843000000
grc,2001,53703999999.99999
grc,2002,54608000000.00001
grc,2003,58478000000
grc,2004,59346000000
grc,2005,60020000000
grc,2006,60788999999.99999
grc,2007,63496000000
grc,2008,63748999999.99999
grc,2009,61365000000
grc,2010,57391999999.99999
grc,2011,59436000000.00001
grc,2012,60958999999.99999
grc,2013,57152000000
grc,2014,50474000000
grc,2015,51873999999.99999
grc,2016,51405000000
grc,2017,55060000000
hkg,1985,19249000000
hkg,1986,21419000000
hkg,1987,23754000000
hkg,1988,25508000000
hkg,1989,27363000000
hkg,1990,28960000000
hkg,1991,31889000000
hkg,1992,35076000000
hkg,1993,35946999999.99999
hkg,1994,26741000000
hkg,1995,27916000000
hkg,1996,28440000000
hkg,1997,28943000000
hkg,1998,31414000000
hkg,1999,29496000000
hkg,2000,31329000000
hkg,2001,32429000000
hkg,2002,34312000000
hkg,2003,35506000000
hkg,2004,37129000000
hkg,2005,38448000000
hkg,2006,38611999999.99999
hkg,2007,38948000000
hkg,2008,37990000000
hkg,2009,38728000000
hkg,2010,38384000000
hkg,2011,39104000000
hkg,2012,38841000000
hkg,2013,39155000000
hkg,2014,39906000000
hkg,2015,38027000000
hkg,2016,38258000000
hkg,2017,37020000000
hrv,1990,8748000000
hrv,1991,8941000000
hrv,1992,8902000000
hrv,1993,9564000000
hrv,1994,8773000000
hrv,1995,9276000000
hrv,1996,11173000000
hrv,1997,10248000000
hrv,1998,11462000000
hrv,1999,12979000000
hrv,2000,11281000000
hrv,2001,12809000000
hrv,2002,12772000000
hrv,2003,13252000000
hrv,2004,13990000000
hrv,2005,13162000000
hrv,2006,13047000000
hrv,2007,12709000000
hrv,2008,12891000000
hrv,2009,13455000000
hrv,2010,14902000000
hrv,2011,11373000000
hrv,2012,10755000000
hrv,2013,14052000000
hrv,2014,13554000000
hrv,2015,11403000000
hrv,2016,12820000000
hrv,2017,11994000000
hun,1985,26794000000
hun,1986,28044000000
hun,1987,29749000000
hun,1988,29233000000
hun,1989,29596000000
hun,1990,28436000000
hun,1991,29963000000
hun,1992,31685000000
hun,1993,32915000000
hun,1994,33515000000
hun,1995,34018000000
hun,1996,35090000000
hun,1997,35397000000
hun,1998,37190000000
hun,1999,37832000000
hun,2000,35191000000
hun,2001,36415000000
hun,2002,36157000000
hun,2003,34145000000
hun,2004,33708000000
hun,2005,35756000000
hun,2006,35859000000
hun,2007,39960000000
hun,2008,40025000000
hun,2009,35908000000
hun,2010,37371000000
hun,2011,36019000000
hun,2012,34635000000
hun,2013,30294000000
hun,2014,29393000000
hun,2015,30342000000
hun,2016,31858000000
hun,2017,32907000000
idn,1985,16369000000
idn,1986,18415000000
idn,1987,20720000000
idn,1988,24807000000
idn,1989,28487000000
idn,1990,33115000000
idn,1991,38103000000
idn,1992,40284000000
idn,1993,39707000000
idn,1994,45928000000.00001
idn,1995,54121000000
idn,1996,58868000000
idn,1997,70691000000
idn,1998,76693000000
idn,1999,83971000000
idn,2000,93326000000
idn,2001,101660000000
idn,2002,108220000000
idn,2003,112980000000
idn,2004,120150000000
idn,2005,127560000000
idn,2006,133110000000.00002
idn,2007,142440000000
idn,2008,149440000000
idn,2009,156800000000
idn,2010,169790000000
idn,2011,183420000000
idn,2012,200320000000
idn,2013,216190000000
idn,2014,228560000000
idn,2015,233980000000
idn,2016,248610000000
idn,2017,260360000000
ind,1985,186390000000
ind,1986,202680000000
ind,1987,223670000000
ind,1988,241300000000
ind,1989,272450000000
ind,1990,287760000000
ind,1991,320460000000
ind,1992,337150000000
ind,1993,362180000000
ind,1994,387970000000
ind,1995,427150000000
ind,1996,443210000000
ind,1997,469150000000
ind,1998,505080000000
ind,1999,547360000000
ind,2000,571390000000
ind,2001,586090000000
ind,2002,609650000000
ind,2003,638130000000
ind,2004,677010000000
ind,2005,704610000000
ind,2006,744430000000
ind,2007,796270000000
ind,2008,828410000000
ind,2009,879710000000
ind,2010,937470000000
ind,2011,1034000000000
ind,2012,1091800000000
ind,2013,1146100000000
ind,2014,1262200000000
ind,2015,1319000000000
ind,2016,1421500000000
ind,2017,1497000000000
irl,1985,12088000000
irl,1986,12652000000
irl,1987,13064000000
irl,1988,13228000000
irl,1989,13833000000
irl,1990,14501000000
irl,1991,15136000000
irl,1992,15999000000
irl,1993,16382000000
irl,1994,17088000000
irl,1995,17842000000
irl,1996,19158000000
irl,1997,19957000000
irl,1998,21155000000
irl,1999,22014000000
irl,2000,23982000000
irl,2001,24960000000
irl,2002,25200000000
irl,2003,25240000000
irl,2004,25598000000
irl,2005,25983000000
irl,2006,27504000000
irl,2007,28738000000
irl,2008,30262000000
irl,2009,28352000000
irl,2010,28689000000
irl,2011,27478000000
irl,2012,27605000000
irl,2013,26147000000
irl,2014,26319000000
irl,2015,28389000000
irl,2016,30418000000
irl,2017,30841000000
irn,1985,38915000000
irn,1986,42186000000.00001
irn,1987,45062000000
irn,1988,46970000000
irn,1989,51431000000.00001
irn,1990,57655000000
irn,1991,62813999999.99999
irn,1992,67178000000
irn,1993,74686000000
irn,1994,81003999999.99998
irn,1995,84353000000
irn,1996,89740000000
irn,1997,96982999999.99998
irn,1998,102390000000
irn,1999,110090000000
irn,2000,119350000000
irn,2001,127600000000
irn,2002,138220000000
irn,2003,151650000000
irn,2004,162750000000
irn,2005,177080000000
irn,2006,193430000000
irn,2007,203130000000
irn,2008,210480000000
irn,2009,221810000000
irn,2010,235680000000
irn,2011,235590000000
irn,2012,248760000000
irn,2013,258850000000.00003
irn,2014,275630000000
irn,2015,280240000000
irn,2016,286140000000
irn,2017,304350000000
irq,1985,20973000000
irq,1986,22287000000
irq,1987,22510000000
irq,1988,23450000000
irq,1989,23860000000
irq,1990,28373000000
irq,1991,13359000000
irq,1992,21912000000
irq,1993,27090000000
irq,1994,26663000000
irq,1995,26498000000
irq,1996,25981000000
irq,1997,26693000000
irq,1998,26744000000
irq,1999,24721000000
irq,2000,27192000000
irq,2001,31725000000
irq,2002,35417000000
irq,2003,26606000000
irq,2004,30696000000
irq,2005,28343000000
irq,2006,30591000000
irq,2007,32347000000
irq,2008,35305000000
irq,2009,41293000000
irq,2010,41703000000
irq,2011,42222000000
irq,2012,47768000000
irq,2013,62108999999.99999
irq,2014,71173000000
irq,2015,75328000000
irq,2016,86322000000
irq,2017,93257000000
isl,1985,3837400000
isl,1986,4057800000
isl,1987,4152000000
isl,1988,4415900000
isl,1989,4475200000
isl,1990,4447200000
isl,1991,4425200000
isl,1992,4538900000
isl,1993,4721300000
isl,1994,4772800000
isl,1995,4975900000
isl,1996,5111600000
isl,1997,5579500000
isl,1998,6274400000
isl,1999,7184000000
isl,2000,7677900000
isl,2001,8027100000
isl,2002,8409600000
isl,2003,8493400000
isl,2004,8620100000
isl,2005,8681100000
isl,2006,9924800000
isl,2007,11976000000
isl,2008,16468000000
isl,2009,16835000000
isl,2010,17059000000
isl,2011,17210000000
isl,2012,17549000000
isl,2013,18116000000
isl,2014,18122000000
isl,2015,18799000000
isl,2016,18549000000
isl,2017,19239000000
isr,1985,15431000000
isr,1986,16034000000
isr,1987,17677000000
isr,1988,19352000000
isr,1989,20453000000
isr,1990,20898000000
isr,1991,21514000000
isr,1992,24686000000
isr,1993,26000000000
isr,1994,28316000000
isr,1995,30437000000
isr,1996,32569000000
isr,1997,35111000000
isr,1998,37976000000
isr,1999,39227000000
isr,2000,42958000000
isr,2001,43838000000
isr,2002,45428000000.00001
isr,2003,47048000000
isr,2004,48471000000
isr,2005,49833000000
isr,2006,51811000000.00001
isr,2007,55107000000
isr,2008,55831000000
isr,2009,55306999999.99999
isr,2010,58486000000.00001
isr,2011,59277000000
isr,2012,62965000000
isr,2013,61368000000
isr,2014,61295000000
isr,2015,64230000000.00001
isr,2016,67209999999.99999
isr,2017,68309000000
ita,1985,185740000000
ita,1986,192330000000
ita,1987,201370000000
ita,1988,203560000000
ita,1989,210750000000
ita,1990,216890000000
ita,1991,222040000000
ita,1992,226240000000
ita,1993,222790000000
ita,1994,231800000000
ita,1995,241480000000
ita,1996,244490000000
ita,1997,251460000000
ita,1998,259760000000
ita,1999,265660000000.00003
ita,2000,276630000000
ita,2001,279000000000
ita,2002,284400000000
ita,2003,293870000000
ita,2004,303320000000
ita,2005,303670000000
ita,2006,314090000000
ita,2007,313900000000
ita,2008,319130000000
ita,2009,292640000000
ita,2010,302060000000
ita,2011,302570000000
ita,2012,299280000000
ita,2013,289800000000
ita,2014,279830000000
ita,2015,282990000000
ita,2016,289770000000
ita,2017,295380000000
jpn,1985,671950000000
jpn,1986,676360000000
jpn,1987,719090000000
jpn,1988,753730000000
jpn,1989,799770000000
jpn,1990,881500000000
jpn,1991,911300000000
jpn,1992,916790000000
jpn,1993,926100000000
jpn,1994,984490000000
jpn,1995,1010900000000
jpn,1996,1029900000000.00012
jpn,1997,1054900000000.00012
jpn,1998,1059700000000
jpn,1999,1079099999999.99988
jpn,2000,1099700000000
jpn,2001,1083099999999.99988
jpn,2002,1103100000000
jpn,2003,1092599999999.99988
jpn,2004,1121200000000
jpn,2005,1153100000000
jpn,2006,1164300000000
jpn,2007,1180100000000
jpn,2008,1183700000000
jpn,2009,1114000000000
jpn,2010,1156000000000
jpn,2011,1104200000000
jpn,2012,1106900000000
jpn,2013,1087800000000
jpn,2014,1062700000000
jpn,2015,1030099999999.99988
jpn,2016,1002300000000
jpn,2017,1020000000000
kaz,1985,81263000000
kaz,1986,85094000000
kaz,1987,88490000000
kaz,1988,88417000000
kaz,1989,89657000000.00002
kaz,1990,87378999999.99998
kaz,1991,85990000000
kaz,1992,83166000000
kaz,1993,77889000000
kaz,1994,66777000000
kaz,1995,66738999999.99999
kaz,1996,58747000000
kaz,1997,52000000000
kaz,1998,49800000000
kaz,1999,47300000000
kaz,2000,51635000000
kaz,2001,55383999999.99999
kaz,2002,58331000000
kaz,2003,63866000000.00001
kaz,2004,66941999999.99999
kaz,2005,67920000000
kaz,2006,71668000000
kaz,2007,76621000000.00002
kaz,2008,80348000000
kaz,2009,78729000000
kaz,2010,82646000000
kaz,2011,86586000000
kaz,2012,90613999999.99998
kaz,2013,92616000000
kaz,2014,94642999999.99998
kaz,2015,91645000000
kaz,2016,94642000000.00002
kaz,2017,103010000000
kor,1985,62667000000
kor,1986,69681000000
kor,1987,80251000000
kor,1988,93109000000
kor,1989,103620000000
kor,1990,118460000000
kor,1991,131620000000
kor,1992,146440000000
kor,1993,161900000000
kor,1994,183370000000
kor,1995,203550000000
kor,1996,225850000000
kor,1997,246590000000
kor,1998,237200000000
kor,1999,262149999999.99997
kor,2000,290440000000
kor,2001,309890000000
kor,2002,332020000000
kor,2003,347760000000
kor,2004,368030000000
kor,2005,389480000000
kor,2006,402990000000
kor,2007,425410000000
kor,2008,442610000000
kor,2009,452450000000
kor,2010,495030000000
kor,2011,517570000000.00006
kor,2012,531200000000.00006
kor,2013,537169999999.99994
kor,2014,540380000000
kor,2015,547799999999.99994
kor,2016,560980000000
kor,2017,571690000000
kwt,1985,15417000000
kwt,1986,16935000000
kwt,1987,18092000000
kwt,1988,19599000000
kwt,1989,21085000000
kwt,1990,18477000000
kwt,1991,10780000000
kwt,1992,16885000000
kwt,1993,20178000000
kwt,1994,22802000000
kwt,1995,23724000000
kwt,1996,25475000000
kwt,1997,26724000000
kwt,1998,29984000000
kwt,1999,31576000000
kwt,2000,32323000000
kwt,2001,34299000000
kwt,2002,36361999999.99999
kwt,2003,39802000000
kwt,2004,41256000000
kwt,2005,43733999999.99999
kwt,2006,47607000000
kwt,2007,48753000000
kwt,2008,51748999999.99999
kwt,2009,53218000000
kwt,2010,57083000000
kwt,2011,57457000000
kwt,2012,62655000000
kwt,2013,60982000000
kwt,2014,65143000000
kwt,2015,68293000000.00001
kwt,2016,70118000000
kwt,2017,72571000000
lka,1985,2465000000
lka,1986,2651700000
lka,1987,2707200000
lka,1988,2798400000
lka,1989,2857900000
lka,1990,3149800000
lka,1991,3377100000
lka,1992,3539700000
lka,1993,3978700000
lka,1994,4386700000
lka,1995,4800400000
lka,1996,4528000000
lka,1997,5143900000
lka,1998,5675400000
lka,1999,6280800000
lka,2000,6969700000
lka,2001,6800900000
lka,2002,7104300000
lka,2003,8124900000
lka,2004,8743500000
lka,2005,8848200000
lka,2006,9497900000
lka,2007,9900600000
lka,2008,10003000000
lka,2009,9986900000
lka,2010,10801000000
lka,2011,11600000000
lka,2012,11898000000
lka,2013,12029000000
lka,2014,12867000000
lka,2015,13230000000
lka,2016,14361000000
lka,2017,14891000000
ltu,1985,20962000000
ltu,1986,22416000000
ltu,1987,22755000000
ltu,1988,26000000000
ltu,1989,29158000000
ltu,1990,28405000000
ltu,1991,29363000000
ltu,1992,18707000000
ltu,1993,14105000000
ltu,1994,9998000000
ltu,1995,13840000000
ltu,1996,16789000000
ltu,1997,14861000000
ltu,1998,17630000000
ltu,1999,13535000000
ltu,2000,11425000000
ltu,2001,14737000000
ltu,2002,17721000000
ltu,2003,19488000000
ltu,2004,19274000000
ltu,2005,14784000000
ltu,2006,12482000000
ltu,2007,14007000000
ltu,2008,14010000000
ltu,2009,15358000000
ltu,2010,5748600000
ltu,2011,4821600000
ltu,2012,5042400000
ltu,2013,4761500000
ltu,2014,4396900000
ltu,2015,4932900000
ltu,2016,4265700000
ltu,2017,4160000000
lux,1985,939050000
lux,1986,1020400000
lux,1987,1036300000
lux,1988,1333600000
lux,1989,1380300000
lux,1990,1378200000
lux,1991,1389200000
lux,1992,1202800000
lux,1993,1069800000
lux,1994,1198900000
lux,1995,1281000000
lux,1996,1286800000
lux,1997,1278300000
lux,1998,1335000000
lux,1999,1051400000
lux,2000,1162300000
lux,2001,1622000000
lux,2002,3705800000
lux,2003,3621400000
lux,2004,4131800000
lux,2005,4129100000
lux,2006,4333500000
lux,2007,4001400000
lux,2008,3557100000
lux,2009,3878400000
lux,2010,4591500000
lux,2011,3716100000
lux,2012,3817000000
lux,2013,2889100000
lux,2014,2965000000
lux,2015,2766000000
lux,2016,2197600000
lux,2017,2186200000
lva,1985,4961000000
lva,1986,5184000000
lva,1987,5937000000
lva,1988,5110000000
lva,1989,5801000000
lva,1990,6648000000
lva,1991,5644000000
lva,1992,3834000000
lva,1993,3924000000
lva,1994,4440000000
lva,1995,3979000000
lva,1996,3126000000
lva,1997,4506000000
lva,1998,5797000000
lva,1999,4110000000
lva,2000,4136000000
lva,2001,4280000000
lva,2002,3975000000
lva,2003,3975000000
lva,2004,4689000000
lva,2005,4906000000
lva,2006,4891000000
lva,2007,4771000000
lva,2008,5274000000
lva,2009,5569000000
lva,2010,6627000000
lva,2011,6094000000
lva,2012,6167000000
lva,2013,6209000000
lva,2014,5141000000
lva,2015,5533000000
lva,2016,6425000000
lva,2017,7513600000
mar,1985,7345000000
mar,1986,7764000000
mar,1987,8001000000
mar,1988,8984000000
mar,1989,9024000000
mar,1990,9628000000
mar,1991,9205000000
mar,1992,9719000000
mar,1993,9910000000
mar,1994,11470000000
mar,1995,12092000000
mar,1996,12538000000
mar,1997,13593000000
mar,1998,12968000000
mar,1999,12895000000
mar,2000,12863000000
mar,2001,15046000000
mar,2002,15228000000
mar,2003,16520000000
mar,2004,17572000000
mar,2005,19723000000
mar,2006,20451000000
mar,2007,20313000000
mar,2008,20991000000
mar,2009,21655000000
mar,2010,23683000000
mar,2011,25356000000
mar,2012,27659000000
mar,2013,28121000000
mar,2014,29279000000
mar,2015,30321000000
mar,2016,30716000000
mar,2017,31631000000
mex,1985,96208000000
mex,1986,99590000000
mex,1987,106170000000
mex,1988,112230000000
mex,1989,120050000000
mex,1990,117590000000
mex,1991,128570000000
mex,1992,132280000000
mex,1993,134639999999.99998
mex,1994,146130000000
mex,1995,150360000000
mex,1996,156590000000
mex,1997,166750000000
mex,1998,181060000000
mex,1999,189980000000
mex,2000,203630000000
mex,2001,210210000000
mex,2002,215720000000
mex,2003,224900000000
mex,2004,235400000000
mex,2005,247970000000
mex,2006,256220000000.00003
mex,2007,263250000000
mex,2008,269300000000
mex,2009,267750000000
mex,2010,275570000000
mex,2011,292140000000
mex,2012,296400000000
mex,2013,297120000000
mex,2014,303320000000
mex,2015,310350000000
mex,2016,320340000000
mex,2017,315010000000
mkd,1990,5758000000
mkd,1991,5770000000
mkd,1992,6065000000
mkd,1993,5180000000
mkd,1994,5939000000
mkd,1995,6132000000
mkd,1996,6641000000
mkd,1997,6733000000
mkd,1998,7048000000
mkd,1999,6863000000
mkd,2000,6811000000
mkd,2001,6362000000
mkd,2002,6091000000
mkd,2003,6738000000
mkd,2004,6667000000
mkd,2005,6942000000
mkd,2006,7006000000
mkd,2007,6498000000
mkd,2008,6311000000
mkd,2009,6828000000
mkd,2010,7260000000
mkd,2011,6759000000
mkd,2012,6262000000
mkd,2013,6094100000
mkd,2014,5373700000
mkd,2015,5646100000
mkd,2016,5629500000
mkd,2017,5600200000
mys,1985,14944000000
mys,1986,16131000000
mys,1987,17421000000
mys,1988,19352000000
mys,1989,21515000000
mys,1990,23016000000
mys,1991,26552000000
mys,1992,29163000000
mys,1993,32137000000
mys,1994,36521000000
mys,1995,36858000000.00001
mys,1996,49316000000
mys,1997,57424000000
mys,1998,58226000000.00001
mys,1999,62620000000
mys,2000,64496000000.00001
mys,2001,70107000000
mys,2002,75966000000.00002
mys,2003,77363999999.99998
mys,2004,91300000000
mys,2005,94007000000
mys,2006,100040000000
mys,2007,103590000000
mys,2008,106890000000
mys,2009,111290000000
mys,2010,120080000000
mys,2011,120870000000
mys,2012,127330000000
mys,2013,138270000000
mys,2014,143560000000
mys,2015,147160000000
mys,2016,159250000000
mys,2017,162300000000
nld,1985,62975000000
nld,1986,67170000000
nld,1987,68448000000.00001
nld,1988,69654000000
nld,1989,73081000000
nld,1990,71892000000
nld,1991,74282000000
nld,1992,77231000000.00002
nld,1993,76992000000
nld,1994,79677000000
nld,1995,81063000000
nld,1996,85234000000
nld,1997,86658999999.99998
nld,1998,92006000000
nld,1999,87617000000
nld,2000,90181000000
nld,2001,94072000000
nld,2002,95083000000
nld,2003,98140000000
nld,2004,102140000000
nld,2005,100770000000
nld,2006,98835000000
nld,2007,105160000000
nld,2008,108200000000
nld,2009,113500000000
nld,2010,118140000000
nld,2011,112970000000
nld,2012,102510000000
nld,2013,100880000000
nld,2014,103420000000
nld,2015,110090000000
nld,2016,115170000000
nld,2017,116590000000
nor,1985,103290000000
nor,1986,97283999999.99998
nor,1987,104280000000
nor,1988,110020000000
nor,1989,119200000000
nor,1990,121850000000
nor,1991,111010000000
nor,1992,117510000000
nor,1993,120090000000
nor,1994,113490000000
nor,1995,123190000000
nor,1996,104750000000
nor,1997,111640000000
nor,1998,116980000000
nor,1999,122660000000
nor,2000,142980000000
nor,2001,121920000000
nor,2002,130600000000
nor,2003,107270000000
nor,2004,110600000000
nor,2005,138070000000
nor,2006,121400000000
nor,2007,137160000000
nor,2008,142110000000
nor,2009,131770000000.00002
nor,2010,123630000000
nor,2011,127630000000
nor,2012,147720000000
nor,2013,133970000000
nor,2014,141970000000
nor,2015,144510000000
nor,2016,148990000000
nor,2017,148710000000
nzl,1985,28465000000
nzl,1986,29345000000
nzl,1987,29753000000
nzl,1988,31086000000
nzl,1989,31358000000
nzl,1990,32264000000
nzl,1991,33297000000
nzl,1992,32898000000
nzl,1993,34275000000
nzl,1994,34852000000
nzl,1995,36061000000
nzl,1996,36473000000
nzl,1997,37109000000
nzl,1998,37611000000
nzl,1999,37818000000.00001
nzl,2000,39247000000
nzl,2001,39571000000
nzl,2002,40630000000
nzl,2003,40778000000
nzl,2004,42703000000
nzl,2005,42902000000
nzl,2006,43449000000
nzl,2007,43798000000
nzl,2008,43835000000
nzl,2009,43436000000.00001
nzl,2010,44858999999.99999
nzl,2011,44413999999.99999
nzl,2012,44316000000
nzl,2013,43301000000
nzl,2014,43599000000
nzl,2015,44321000000.00001
nzl,2016,43910000000
nzl,2017,44280000000
omn,1985,2888000000
omn,1986,3617000000
omn,1987,3884000000
omn,1988,4408000000
omn,1989,4707000000
omn,1990,4501000000
omn,1991,4625000000
omn,1992,5113000000
omn,1993,5833000000
omn,1994,6198000000
omn,1995,6500000000
omn,1996,6802000000
omn,1997,7318000000
omn,1998,8200000000
omn,1999,8413000000
omn,2000,9111000000
omn,2001,9737000000
omn,2002,10331000000
omn,2003,10714000000
omn,2004,11499000000
omn,2005,12648000000
omn,2006,13585000000
omn,2007,14443000000
omn,2008,16048000000
omn,2009,18445000000
omn,2010,19819000000
omn,2011,21871000000
omn,2012,25017000000
omn,2013,26240000000
omn,2014,29137000000
omn,2015,32758000000
omn,2016,34210000000
omn,2017,35941000000
pak,1985,28825000000
pak,1986,32348000000
pak,1987,36347000000
pak,1988,40671000000
pak,1989,42806000000.00001
pak,1990,45985000000
pak,1991,50220000000
pak,1992,53575000000
pak,1993,57012000000
pak,1994,57923000000
pak,1995,63750000000
pak,1996,67565000000
pak,1997,62481000000
pak,1998,66396000000
pak,1999,65301999999.99999
pak,2000,63735000000
pak,2001,70648000000
pak,2002,74431000000
pak,2003,76986000000
pak,2004,82305000000
pak,2005,90175000000
pak,2006,96121000000.00002
pak,2007,98088000000
pak,2008,96187999999.99998
pak,2009,97082000000.00002
pak,2010,100040000000
pak,2011,99927000000
pak,2012,98963000000
pak,2013,102160000000
pak,2014,107310000000
pak,2015,110460000000
pak,2016,118560000000
pak,2017,123930000000
per,1985,12111000000
per,1986,12948000000
per,1987,14006000000
per,1988,13552000000
per,1989,13727000000
per,1990,13808000000
per,1991,14482000000
per,1992,13122000000
per,1993,14808000000
per,1994,15866000000
per,1995,16880000000
per,1996,17280000000
per,1997,17953000000
per,1998,18582000000
per,1999,19050000000
per,2000,19923000000
per,2001,20786000000
per,2002,21982000000
per,2003,22923000000
per,2004,24267000000
per,2005,25510000000
per,2006,27370000000
per,2007,29943000000
per,2008,32463000000
per,2009,32945000000
per,2010,35908000000
per,2011,38806000000
per,2012,41036000000
per,2013,43330000000
per,2014,45550000000
per,2015,48270000000
per,2016,51662000000
per,2017,52498999999.99999
phl,1985,22766000000
phl,1986,20974000000
phl,1987,22642000000
phl,1988,24539000000
phl,1989,25573000000
phl,1990,26327000000
phl,1991,25649000000
phl,1992,25870000000
phl,1993,26579000000
phl,1994,30459000000
phl,1995,33554000000
phl,1996,36707000000
phl,1997,39797000000
phl,1998,41578000000
phl,1999,41431999999.99999
phl,2000,45290000000
phl,2001,47049000000
phl,2002,48467000000
phl,2003,52941000000
phl,2004,55957000000
phl,2005,56568000000.00001
phl,2006,56784000000
phl,2007,59611999999.99999
phl,2008,60821000000.00001
phl,2009,61934000000
phl,2010,67742999999.99999
phl,2011,69176000000
phl,2012,72922000000
phl,2013,75266000000
phl,2014,77261000000.00002
phl,2015,82413000000
phl,2016,90797999999.99998
phl,2017,94370000000
pol,1985,137710000000
pol,1986,140290000000
pol,1987,145830000000
pol,1988,144340000000
pol,1989,145460000000
pol,1990,136310000000
pol,1991,134710000000.00002
pol,1992,132750000000
pol,1993,133870000000
pol,1994,135350000000
pol,1995,139010000000
pol,1996,143170000000
pol,1997,142790000000
pol,1998,142790000000
pol,1999,142130000000
pol,2000,145180000000
pol,2001,145620000000
pol,2002,144130000000
pol,2003,151630000000
pol,2004,154160000000
pol,2005,156940000000
pol,2006,161740000000
pol,2007,159350000000
pol,2008,155310000000
pol,2009,151720000000
pol,2010,157660000000
pol,2011,163550000000
pol,2012,162140000000
pol,2013,164560000000
pol,2014,159060000000
pol,2015,164940000000
pol,2016,166630000000
pol,2017,170340000000
prt,1985,18900000000
prt,1986,20355000000
prt,1987,20135000000
prt,1988,22489000000
prt,1989,25808000000
prt,1990,28500000000
prt,1991,29871000000
prt,1992,30087000000
prt,1993,31205000000
prt,1994,31381000000
prt,1995,33264000000
prt,1996,34520000000
prt,1997,34207000000
prt,1998,38984000000
prt,1999,43287000000
prt,2000,43763999999.99999
prt,2001,46508999999.99999
prt,2002,46107000000
prt,2003,46852000000
prt,2004,45105000000
prt,2005,46575000000
prt,2006,49041000000.00001
prt,2007,47253000000
prt,2008,45968999999.99999
prt,2009,50207000000
prt,2010,54093000000
prt,2011,52465000000
prt,2012,46613000000
prt,2013,51672000000
prt,2014,52802000000
prt,2015,52421000000.00001
prt,2016,60278000000
prt,2017,60048000000
qat,1985,3964000000
qat,1986,4318000000
qat,1987,4386000000
qat,1988,4614000000
qat,1989,4646000000
qat,1990,4842000000
qat,1991,4669000000
qat,1992,5183000000
qat,1993,5560000000
qat,1994,5850000000
qat,1995,6013000000
qat,1996,6615000000
qat,1997,6910000000
qat,1998,8166000000
qat,1999,8939000000
qat,2000,9134000000
qat,2001,9951000000
qat,2002,10940000000
qat,2003,12012000000
qat,2004,13233000000
qat,2005,14396000000
qat,2006,15325000000
qat,2007,19462000000
qat,2008,21616000000
qat,2009,24158000000
qat,2010,28144000000
qat,2011,30731000000
qat,2012,34788000000
qat,2013,34668000000
qat,2014,38693000000.00001
qat,2015,41498999999.99999
qat,2016,42306999999.99999
qat,2017,43843999999.99999
rou,1985,71818000000
rou,1986,75478000000.00002
rou,1987,74079000000
rou,1988,75322000000
rou,1989,75851000000
rou,1990,64309000000
rou,1991,56803000000.00001
rou,1992,54195000000
rou,1993,55476000000.00001
rou,1994,55136000000
rou,1995,59266000000.00001
rou,1996,61350000000
rou,1997,57148000000
rou,1998,53496000000
rou,1999,50710000000
rou,2000,51934000000
rou,2001,53866000000.00001
rou,2002,54738000000
rou,2003,55140000000
rou,2004,56498999999.99999
rou,2005,59413000000
rou,2006,62696000000.00001
rou,2007,61673000000
rou,2008,64956000000
rou,2009,58016000000.00001
rou,2010,60979000000
rou,2011,62216000000
rou,2012,59047000000
rou,2013,58888000000.00001
rou,2014,63285000000
rou,2015,66296000000.00001
rou,2016,65103000000.00001
rou,2017,63645000000
rus,1985,962000000000
rus,1986,1001400000000
rus,1987,1047300000000
rus,1988,1065500000000
rus,1989,1076500000000
rus,1990,1082200000000
rus,1991,1068200000000
rus,1992,1008500000000
rus,1993,956590000000
rus,1994,875910000000
rus,1995,860030000000
rus,1996,847180000000
rus,1997,834130000000
rus,1998,827160000000
rus,1999,846230000000
rus,2000,877760000000
rus,2001,891280000000
rus,2002,891290000000
rus,2003,916290000000
rus,2004,931900000000
rus,2005,954100000000
rus,2006,992100000000
rus,2007,1018700000000
rus,2008,1040000000000
rus,2009,993100000000
rus,2010,1038000000000
rus,2011,1054900000000.00012
rus,2012,1069300000000
rus,2013,1059099999999.99988
rus,2014,1064200000000
rus,2015,1067500000000
rus,2016,1091000000000
rus,2017,1091200000000
sau,1985,51654000000
sau,1986,55685000000
sau,1987,65000000000
sau,1988,70091000000.00002
sau,1989,75730000000
sau,1990,79880000000
sau,1991,84996000000.00002
sau,1992,93473000000
sau,1993,102670000000
sau,1994,106050000000
sau,1995,109930000000
sau,1996,112170000000
sau,1997,119100000000
sau,1998,126170000000
sau,1999,131000000000
sau,2000,138680000000
sau,2001,146090000000
sau,2002,154910000000
sau,2003,166590000000
sau,2004,173400000000
sau,2005,191050000000
sau,2006,196310000000
sau,2007,204430000000
sau,2008,216400000000
sau,2009,229180000000
sau,2010,251380000000
sau,2011,262240000000
sau,2012,284720000000
sau,2013,299310000000
sau,2014,333740000000
sau,2015,359650000000
sau,2016,370430000000
sau,2017,375580000000
sgp,1985,9876300000
sgp,1986,10576000000
sgp,1987,11814000000
sgp,1988,13018000000
sgp,1989,14039000000
sgp,1990,15618000000
sgp,1991,16597000000
sgp,1992,17543000000
sgp,1993,18962000000
sgp,1994,20675000000
sgp,1995,22057000000
sgp,1996,23909000000
sgp,1997,26709000000
sgp,1998,28375000000
sgp,1999,29520000000
sgp,2000,31665000000
sgp,2001,33061000000
sgp,2002,34665000000
sgp,2003,35282000000
sgp,2004,36810000000
sgp,2005,38213000000
sgp,2006,39442000000
sgp,2007,41138000000.00001
sgp,2008,41717000000
sgp,2009,41801000000
sgp,2010,45367000000
sgp,2011,45998999999.99999
sgp,2012,46936000000.00001
sgp,2013,47964000000
sgp,2014,49310000000
sgp,2015,50272000000
sgp,2016,51587000000
sgp,2017,52417000000
svk,1985,22506000000
svk,1986,24168000000
svk,1987,23629000000
svk,1988,23039000000
svk,1989,24070000000
svk,1990,26132000000
svk,1991,24747000000
svk,1992,23627000000
svk,1993,24442000000
svk,1994,25712000000
svk,1995,26774000000
svk,1996,25760000000
svk,1997,25347000000
svk,1998,26032000000
svk,1999,28407000000
svk,2000,31158000000
svk,2001,32046000000
svk,2002,32427000000
svk,2003,31147000000
svk,2004,30543000000
svk,2005,31294000000
svk,2006,31227000000
svk,2007,27907000000
svk,2008,29309000000
svk,2009,26074000000
svk,2010,27720000000
svk,2011,28135000000
svk,2012,28393000000
svk,2013,28590000000
svk,2014,27254000000
svk,2015,27191000000
svk,2016,27064000000
svk,2017,27637000000
svn,1990,12399000000
svn,1991,12744000000
svn,1992,12344000000
svn,1993,11946000000
svn,1994,12895000000
svn,1995,12913000000
svn,1996,12737000000
svn,1997,13178000000
svn,1998,13705000000
svn,1999,13261000000
svn,2000,13624000000
svn,2001,14466000000
svn,2002,14600000000
svn,2003,13821000000
svn,2004,15272000000
svn,2005,15117000000
svn,2006,15115000000
svn,2007,15043000000
svn,2008,16398000000
svn,2009,16403000000
svn,2010,16440000000
svn,2011,16059000000
svn,2012,15736000000
svn,2013,16103000000
svn,2014,17437000000
svn,2015,15100000000
svn,2016,16500000000
svn,2017,16303000000
swe,1985,137139999999.99998
swe,1986,138650000000
swe,1987,146570000000
swe,1988,146230000000
swe,1989,143090000000
swe,1990,146510000000
swe,1991,147380000000
swe,1992,146440000000
swe,1993,145810000000
swe,1994,143040000000
swe,1995,148350000000
swe,1996,140630000000
swe,1997,149410000000
swe,1998,159000000000
swe,1999,155160000000
swe,2000,145580000000
swe,2001,161620000000
swe,2002,146730000000
swe,2003,135440000000
swe,2004,152450000000
swe,2005,159060000000
swe,2006,143300000000
swe,2007,148740000000
swe,2008,149650000000
swe,2009,136680000000
swe,2010,148250000000
swe,2011,151160000000
swe,2012,166300000000
swe,2013,153160000000
swe,2014,153660000000
swe,2015,162060000000
swe,2016,156130000000
swe,2017,163930000000
tha,1985,23030000000
tha,1986,24670000000
tha,1987,28574000000
tha,1988,32413000000
tha,1989,37353000000
tha,1990,44113000000
tha,1991,50120000000
tha,1992,57028000000
tha,1993,63337000000
tha,1994,71102000000
tha,1995,79737000000
tha,1996,86992000000
tha,1997,92661000000
tha,1998,89532999999.99998
tha,1999,90215000000
tha,2000,95521000000
tha,2001,100990000000
tha,2002,108440000000
tha,2003,115930000000
tha,2004,124130000000
tha,2005,130430000000
tha,2006,136770000000.00002
tha,2007,142540000000
tha,2008,145440000000
tha,2009,145910000000
tha,2010,157580000000
tha,2011,153320000000
tha,2012,168960000000
tha,2013,168630000000
tha,2014,173760000000
tha,2015,177770000000
tha,2016,179740000000
tha,2017,176640000000
tkm,1985,10987000000
tkm,1986,12396000000
tkm,1987,13267000000
tkm,1988,12891000000
tkm,1989,14508000000
tkm,1990,14610000000
tkm,1991,14900000000
tkm,1992,13100000000
tkm,1993,12637000000
tkm,1994,10496000000
tkm,1995,9800000000
tkm,1996,10100000000
tkm,1997,9498000000
tkm,1998,9416000000
tkm,1999,8860000000
tkm,2000,9943000000
tkm,2001,10614000000
tkm,2002,10707000000
tkm,2003,10920000000
tkm,2004,11980000000
tkm,2005,12819000000
tkm,2006,13650000000
tkm,2007,14880000000
tkm,2008,15000000000
tkm,2009,16000000000
tkm,2010,16700000000
tkm,2011,17200000000
tkm,2012,17800000000
tkm,2013,18900000000
tkm,2014,20100000000
tkm,2015,21500000000
tkm,2016,22600000000
tkm,2017,22803000000
tto,1985,3023000000
tto,1986,3291000000
tto,1987,3481000000
tto,1988,3485000000
tto,1989,3428000000
tto,1990,3577000000
tto,1991,3720000000
tto,1992,3976000000
tto,1993,3817000000
tto,1994,4069000000
tto,1995,4307000000
tto,1996,4541000000
tto,1997,4988000000
tto,1998,5169000000
tto,1999,5247000000
tto,2000,5459100000
tto,2001,5644600000
tto,2002,5645000000
tto,2003,6438500000
tto,2004,6432200000
tto,2005,7060300000
tto,2006,7192700000
tto,2007,7678900000
tto,2008,7734100000
tto,2009,7846500000
tto,2010,8489000000
tto,2011,8776000000
tto,2012,9136000000
tto,2013,9509000000
tto,2014,9899000000
tto,2015,10304000000
tto,2016,10027000000
tto,2017,10257000000
tur,1985,34219000000
tur,1986,39695000000
tur,1987,44353000000
tur,1988,48049000000
tur,1989,52043000000
tur,1990,57543000000
tur,1991,60246000000
tur,1992,67342000000
tur,1993,73808000000
tur,1994,78322000000
tur,1995,86247000000.00002
tur,1996,94862000000.00002
tur,1997,103300000000
tur,1998,111020000000
tur,1999,116440000000
tur,2000,124920000000
tur,2001,122720000000
tur,2002,129400000000
tur,2003,140580000000
tur,2004,150700000000
tur,2005,161960000000
tur,2006,176300000000
tur,2007,191560000000
tur,2008,198420000000
tur,2009,194810000000
tur,2010,211210000000
tur,2011,229400000000
tur,2012,239500000000
tur,2013,240160000000
tur,2014,251960000000
tur,2015,261779999999.99997
tur,2016,274410000000.00003
tur,2017,295510000000
twn,1985,55556999999.99999
twn,1986,62333999999.99999
twn,1987,69179000000
twn,1988,76261000000.00002
twn,1989,84058000000
twn,1990,90194000000
twn,1991,99178000000
twn,1992,105530000000
twn,1993,115210000000
twn,1994,124630000000
twn,1995,133120000000
twn,1996,141960000000
twn,1997,150490000000
twn,1998,163190000000
twn,1999,169470000000
twn,2000,184840000000
twn,2001,188530000000
twn,2002,198830000000
twn,2003,209070000000
twn,2004,218400000000
twn,2005,227420000000
twn,2006,235530000000
twn,2007,243120000000
twn,2008,238310000000
twn,2009,230040000000
twn,2010,247060000000
twn,2011,252180000000
twn,2012,250390000000
twn,2013,252360000000
twn,2014,259990000000
twn,2015,258170000000.00003
twn,2016,264110000000
twn,2017,270250000000
ukr,1985,272000000000
ukr,1986,272700000000
ukr,1987,281500000000
ukr,1988,297200000000
ukr,1989,295300000000
ukr,1990,298830000000
ukr,1991,278680000000
ukr,1992,252520000000
ukr,1993,229910000000
ukr,1994,202920000000
ukr,1995,194020000000
ukr,1996,182990000000
ukr,1997,178000000000
ukr,1998,172820000000
ukr,1999,172120000000
ukr,2000,171440000000
ukr,2001,172970000000
ukr,2002,173730000000
ukr,2003,180360000000
ukr,2004,182160000000
ukr,2005,186060000000
ukr,2006,193380000000
ukr,2007,196250000000
ukr,2008,192590000000
ukr,2009,173620000000
ukr,2010,188830000000
ukr,2011,194950000000
ukr,2012,198880000000
ukr,2013,194380000000
ukr,2014,182810000000
ukr,2015,163680000000
ukr,2016,164570000000
ukr,2017,157130000000
usa,1985,2657200000000
usa,1986,2676100000000
usa,1987,2772200000000
usa,1988,2914400000000
usa,1989,3155400000000
usa,1990,3232800000000
usa,1991,3270700000000
usa,1992,3284400000000
usa,1993,3404700000000
usa,1994,3458500000000
usa,1995,3567300000000
usa,1996,3663400000000
usa,1997,3716400000000
usa,1998,3855800000000
usa,1999,3936100000000
usa,2000,4052300000000
usa,2001,3984500000000
usa,2002,4111800000000
usa,2003,4138000000000
usa,2004,4231700000000
usa,2005,4322800000000
usa,2006,4331000000000
usa,2007,4431800000000
usa,2008,4390100000000.00049
usa,2009,4206500000000
usa,2010,4394300000000
usa,2011,4363399999999.99951
usa,2012,4310600000000.00049
usa,2013,4330300000000
usa,2014,4363300000000
usa,2015,4348700000000
usa,2016,4347899999999.99951
usa,2017,4281800000000
uzb,1985,47938999999.99999
uzb,1986,52171000000.00001
uzb,1987,54755000000
uzb,1988,50590000000
uzb,1989,55873999999.99999
uzb,1990,56325000000
uzb,1991,54165000000
uzb,1992,50911000000
uzb,1993,49148999999.99999
uzb,1994,47800000000
uzb,1995,47453000000
uzb,1996,45419000000
uzb,1997,46053999999.99999
uzb,1998,45900000000
uzb,1999,45372000000
uzb,2000,46864000000
uzb,2001,47961000000.00001
uzb,2002,49310000000
uzb,2003,49400000000
uzb,2004,50000000000
uzb,2005,49200000000
uzb,2006,50920000000
uzb,2007,48950000000
uzb,2008,49400000000
uzb,2009,50000000000
uzb,2010,51728000000
uzb,2011,52400000000
uzb,2012,52534000000
uzb,2013,54207000000
uzb,2014,55600000000
uzb,2015,57600000000
uzb,2016,58318999999.99999
uzb,2017,60092000000
ven,1985,47290000000
ven,1986,50111999999.99999
ven,1987,54132000000
ven,1988,58245000000
ven,1989,57620000000
ven,1990,59321000000.00001
ven,1991,63337000000
ven,1992,67440000000
ven,1993,69382000000
ven,1994,71221000000
ven,1995,73446000000
ven,1996,75588000000.00002
ven,1997,78066000000
ven,1998,80904000000
ven,1999,80585000000
ven,2000,85211000000
ven,2001,90117000000
ven,2002,89395000000
ven,2003,90060000000
ven,2004,96870000000
ven,2005,104360000000
ven,2006,110640000000
ven,2007,113700000000
ven,2008,119320000000
ven,2009,124840000000
ven,2010,116720000000
ven,2011,122900000000
ven,2012,127850000000
ven,2013,130020000000.00002
ven,2014,128340000000
ven,2015,123750000000
ven,2016,111750000000
ven,2017,117650000000
vnm,1985,5069000000
vnm,1986,5527000000
vnm,1987,6051000000
vnm,1988,6785000000
vnm,1989,7784000000
vnm,1990,8681000000
vnm,1991,9210000000
vnm,1992,9705000000
vnm,1993,10662000000
vnm,1994,12288000000
vnm,1995,14648000000
vnm,1996,16944000000
vnm,1997,19132000000
vnm,1998,21688000000
vnm,1999,23559000000
vnm,2000,26561000000
vnm,2001,30608000000
vnm,2002,35796000000
vnm,2003,40925000000
vnm,2004,46208999999.99999
vnm,2005,52078000000
vnm,2006,57917000000
vnm,2007,64146999999.99999
vnm,2008,70960000000
vnm,2009,80643000000
vnm,2010,91722000000.00002
vnm,2011,101500000000
vnm,2012,115150000000
vnm,2013,124450000000
vnm,2014,141250000000
vnm,2015,157950000000
vnm,2016,174560000000
vnm,2017,190100000000
zaf,1985,143490000000
zaf,1986,148240000000
zaf,1987,152370000000
zaf,1988,158140000000
zaf,1989,163360000000
zaf,1990,167230000000
zaf,1991,168320000000
zaf,1992,168090000000
zaf,1993,174710000000
zaf,1994,181690000000
zaf,1995,186660000000
zaf,1996,200090000000
zaf,1997,210360000000
zaf,1998,205370000000
zaf,1999,203010000000
zaf,2000,210670000000
zaf,2001,210100000000
zaf,2002,220570000000
zaf,2003,234230000000
zaf,2004,244600000000
zaf,2005,244920000000
zaf,2006,253800000000
zaf,2007,263480000000.00003
zaf,2008,258290000000.00003
zaf,2009,249560000000
zaf,2010,259600000000.00003
zaf,2011,262540000000.00003
zaf,2012,257920000000.00003
zaf,2013,256140000000
zaf,2014,254760000000
zaf,2015,250150000000
zaf,2016,252750000000
zaf,2017,255100000000
