geo,time,coal_consumption_total
are,1965,0
are,1966,0
are,1967,0
are,1968,0
are,1969,0
are,1970,0
are,1971,0
are,1972,0
are,1973,0
are,1974,0
are,1975,0
are,1976,0
are,1977,0
are,1978,0
are,1979,0
are,1980,0
are,1981,0
are,1982,0
are,1983,0
are,1984,0
are,1985,0
are,1986,0
are,1987,0
are,1988,0
are,1989,0
are,1990,0
are,1991,0
are,1992,0
are,1993,0
are,1994,0
are,1995,0
are,1996,0
are,1997,0
are,1998,0
are,1999,0
are,2000,0
are,2001,774.01
are,2002,3947.4
are,2003,4644
are,2004,5263.18
are,2005,6088.78
are,2006,11790.61
are,2007,5676
are,2008,14370.6
are,2009,11466.81
are,2010,27550.15
are,2011,18626.19
are,2012,57876.82
are,2013,74091.5
are,2014,82606.4
are,2015,71789.72
are,2016,77061.24
are,2017,89136.97
are,2018,100818.14
are,2019,103005.71
arg,1965,30438.18
arg,1966,25098.55
arg,1967,28225.43
arg,1968,27428.53
arg,1969,32839.81
arg,1970,42201.35
arg,1971,36999.15
arg,1972,31144.66
arg,1973,34187.48
arg,1974,42573.32
arg,1975,41439.39
arg,1976,41913.31
arg,1977,39630.61
arg,1978,48309.1
arg,1979,45006.03
arg,1980,40120.52
arg,1981,38017.68
arg,1982,38397.87
arg,1983,34847.87
arg,1984,25866.81
arg,1985,38158.58
arg,1986,43593.66
arg,1987,48382.82
arg,1988,49580.46
arg,1989,53649.97
arg,1990,44158.08
arg,1991,38858.44
arg,1992,43805.39
arg,1993,29051.95
arg,1994,25434.39
arg,1995,26690.95
arg,1996,27960.54
arg,1997,22059.77
arg,1998,29654.67
arg,1999,35587.69
arg,2000,27045.53
arg,2001,22164.67
arg,2002,16510.67
arg,2003,20137.91
arg,2004,34271.35
arg,2005,39461.92
arg,2006,35725.75
arg,2007,51697.3
arg,2008,63057.85
arg,2009,34635.38
arg,2010,48499.49
arg,2011,52627.12
arg,2012,49209.05
arg,2013,53781.49
arg,2014,57210.18
arg,2015,56930.87
arg,2016,43879.11
arg,2017,45091.04
arg,2018,49352.93
arg,2019,22851.73
aus,1965,727300
aus,1966,753800
aus,1967,774900
aus,1968,798100
aus,1969,825400
aus,1970,834100
aus,1971,837250
aus,1972,874550
aus,1973,910750
aus,1974,950650
aus,1975,981150
aus,1976,1014450
aus,1977,1059050
aus,1978,1086700
aus,1979,1135950
aus,1980,1169150
aus,1981,1199300
aus,1982,1212050
aus,1983,1211600
aus,1984,1281250
aus,1985,1325300
aus,1986,1358950
aus,1987,1416100
aus,1988,1489550
aus,1989,1562250
aus,1990,1599650
aus,1991,1631750
aus,1992,1641450
aus,1993,1652000
aus,1994,1685750
aus,1995,1743000
aus,1996,1814250
aus,1997,1906050
aus,1998,1991100
aus,1999,2114529.69
aus,2000,2129700.93
aus,2001,2108202.8
aus,2002,2155660.36
aus,2003,2217399.17
aus,2004,2310588.35
aus,2005,2297264.11
aus,2006,2359484.51
aus,2007,2339022.15
aus,2008,2437994.8
aus,2009,2357241.93
aus,2010,2186380.86
aus,2011,2131171.38
aus,2012,1995832.98
aus,2013,1894232.98
aus,2014,1878550.19
aus,2015,1945262.49
aus,2016,1943987.26
aus,2017,1877342.82
aus,2018,1844549.39
aus,2019,1783109.99
aut,1965,212813.64
aut,1966,203283.35
aut,1967,192423.25
aut,1968,189985.26
aut,1969,186971.03
aut,1970,201075
aut,1971,184441
aut,1972,167234
aut,1973,166211
aut,1974,175402
aut,1975,152426
aut,1976,162216
aut,1977,136081
aut,1978,138248
aut,1979,150070
aut,1980,154205
aut,1981,157860
aut,1982,150140
aut,1983,160761
aut,1984,183191
aut,1985,182934
aut,1986,163089
aut,1987,161782
aut,1988,154922
aut,1989,155621
aut,1990,171506
aut,1991,179900
aut,1992,139975.29
aut,1993,125851.5
aut,1994,127636
aut,1995,145219.11
aut,1996,145836.69
aut,1997,154686.71
aut,1998,136188
aut,1999,135251.7
aut,2000,152924.42
aut,2001,157972.08
aut,2002,160486.96
aut,2003,171171.7
aut,2004,167674.7
aut,2005,167176.97
aut,2006,167032.69
aut,2007,161494.54
aut,2008,159539.07
aut,2009,120206.82
aut,2010,141338.45
aut,2011,145150.69
aut,2012,134837.46
aut,2013,137146.73
aut,2014,125624.03
aut,2015,135768.93
aut,2016,125926.54
aut,2017,130507.23
aut,2018,119585.08
aut,2019,125841.47
aze,1985,3851.86
aze,1986,3851.86
aze,1987,3851.86
aze,1988,3851.86
aze,1989,3851.86
aze,1990,3726.25
aze,1991,2805.16
aze,1992,502.42
aze,1993,125.6
aze,1994,167.47
aze,1995,125.6
aze,1996,125.6
aze,1997,125.6
aze,1998,0
aze,1999,0
aze,2000,0
aze,2001,125.6
aze,2002,83.74
aze,2003,125.6
aze,2004,38.52
aze,2005,134.81
aze,2006,134.81
aze,2007,206.4
aze,2008,154.8
aze,2009,154.8
aze,2010,232.2
aze,2011,206.4
aze,2012,154.8
aze,2013,129
aze,2014,77.4
aze,2015,129
aze,2016,51.6
aze,2017,51.6
aze,2018,51.6
aze,2019,51.6
bel,1965,802573.76
bel,1966,732135.58
bel,1967,718550.1
bel,1968,741831.04
bel,1969,722485.26
bel,1970,680884.17
bel,1971,563821.03
bel,1972,538500.39
bel,1973,451900.14
bel,1974,483362.78
bel,1975,361004.28
bel,1976,376213.58
bel,1977,381582.97
bel,1978,390758.61
bel,1979,435367.14
bel,1980,438892.22
bel,1981,454653.23
bel,1982,455365.84
bel,1983,388584.45
bel,1984,450642.73
bel,1985,449376.08
bel,1986,383434.06
bel,1987,381575.32
bel,1988,385590.59
bel,1989,405124.28
bel,1990,445074.22
bel,1991,425739.74
bel,1992,381024.88
bel,1993,360931.05
bel,1994,387956.42
bel,1995,370545.83
bel,1996,354627.65
bel,1997,331064.09
bel,1998,329316.52
bel,1999,288546.09
bel,2000,319261.13
bel,2001,304107.97
bel,2002,260699.1
bel,2003,252176.74
bel,2004,234555.55
bel,2005,215516.7
bel,2006,212676.29
bel,2007,194352.22
bel,2008,191937.82
bel,2009,123642.44
bel,2010,156961.79
bel,2011,147776.25
bel,2012,139185.52
bel,2013,147422.96
bel,2014,140658.02
bel,2015,141408.67
bel,2016,134050.49
bel,2017,131286.53
bel,2018,130189.47
bel,2019,127520.41
bgd,1965,0
bgd,1966,0
bgd,1967,0
bgd,1968,0
bgd,1969,0
bgd,1970,0
bgd,1971,0
bgd,1972,3913.15
bgd,1973,5085.04
bgd,1974,4520.03
bgd,1975,5231.49
bgd,1976,5168.73
bgd,1977,5398.92
bgd,1978,5231.49
bgd,1979,3892.26
bgd,1980,5199.59
bgd,1981,5345.2
bgd,1982,6475.22
bgd,1983,3664.75
bgd,1984,1466.59
bgd,1985,2050.74
bgd,1986,3097.06
bgd,1987,4875.74
bgd,1988,5022.23
bgd,1989,5231.49
bgd,1990,11781.32
bgd,1991,3766.7
bgd,1992,3536.51
bgd,1993,1318.34
bgd,1994,1234.65
bgd,1995,13434.48
bgd,1996,7365.96
bgd,1997,13518.21
bgd,1998,3892.22
bgd,1999,1925.17
bgd,2000,13811.16
bgd,2001,14648.19
bgd,2002,15296.89
bgd,2003,14627.26
bgd,2004,14648.19
bgd,2005,30052.78
bgd,2006,45661.94
bgd,2007,37265.03
bgd,2008,39225.83
bgd,2009,49013.39
bgd,2010,31232.76
bgd,2011,46495.95
bgd,2012,38365.61
bgd,2013,53114.67
bgd,2014,33526.06
bgd,2015,111684.03
bgd,2016,82619.16
bgd,2017,89544.25
bgd,2018,102338.45
bgd,2019,144330.32
bgr,1965,251040.53
bgr,1966,258869.84
bgr,1967,281101.75
bgr,1968,305385.19
bgr,1969,307018.04
bgr,1970,335823.23
bgr,1971,331468.96
bgr,1972,341642.88
bgr,1973,344280.56
bgr,1974,338419.04
bgr,1975,354789.43
bgr,1976,330715.33
bgr,1977,329375.56
bgr,1978,351188.78
bgr,1979,362116.33
bgr,1980,379826.5
bgr,1981,385688.02
bgr,1982,405198.5
bgr,1983,403649.39
bgr,1984,404277.41
bgr,1985,421945.7
bgr,1986,433710.61
bgr,1987,433333.8
bgr,1988,403691.26
bgr,1989,412022.99
bgr,1990,345808.49
bgr,1991,309102.11
bgr,1992,325040.59
bgr,1993,349955.23
bgr,1994,320367.91
bgr,1995,320407.72
bgr,1996,319043.75
bgr,1997,363798.59
bgr,1998,346495.05
bgr,1999,285311.75
bgr,2000,263497.22
bgr,2001,300342.11
bgr,2002,276587.38
bgr,2003,309665.99
bgr,2004,295906.9
bgr,2005,289835.79
bgr,2006,294299.17
bgr,2007,331090.34
bgr,2008,315593.36
bgr,2009,265656.19
bgr,2010,288169.11
bgr,2011,338919.74
bgr,2012,289540.67
bgr,2013,248852.09
bgr,2014,265865.99
bgr,2015,274451.48
bgr,2016,238408.95
bgr,2017,255601.25
bgr,2018,228409.74
bgr,2019,208555.07
blr,1985,90404.57
blr,1986,98898.79
blr,1987,96157.94
blr,1988,103018.85
blr,1989,101132.17
blr,1990,88956.73
blr,1991,84503.36
blr,1992,70380.69
blr,1993,60444.2
blr,1994,42349.52
blr,1995,39851.68
blr,1996,48364.45
blr,1997,50965.67
blr,1998,45229.72
blr,1999,41963.24
blr,2000,41658.21
blr,2001,29910.69
blr,2002,28214.81
blr,2003,26556.38
blr,2004,26013.38
blr,2005,28727.47
blr,2006,25720.88
blr,2007,29088.81
blr,2008,27117.55
blr,2009,25836.4
blr,2010,27026.46
blr,2011,32467.01
blr,2012,33117.67
blr,2013,35151.45
blr,2014,34871.24
blr,2015,31009.79
blr,2016,34070.67
blr,2017,35239.11
blr,2018,37020.19
blr,2019,39486.01
bra,1965,72640.98
bra,1966,78711.84
bra,1967,81349.52
bra,1968,80051.62
bra,1969,89346.31
bra,1970,102041.26
bra,1971,102716.79
bra,1972,108129.28
bra,1973,106266.82
bra,1974,112724.21
bra,1975,134010.89
bra,1976,143015.02
bra,1977,181389.73
bra,1978,208566.05
bra,1979,226543.18
bra,1980,247121.14
bra,1981,241768.28
bra,1982,255570.49
bra,1983,287412.52
bra,1984,354928.71
bra,1985,419572.96
bra,1986,424773.02
bra,1987,444797.25
bra,1988,454564.2
bra,1989,451049.32
bra,1990,401834.85
bra,1991,460668.75
bra,1992,447048.05
bra,1993,460570.57
bra,1994,472793.94
bra,1995,495827.36
bra,1996,511628.89
bra,1997,514696.54
bra,1998,504144.79
bra,1999,510508.07
bra,2000,544253.36
bra,2001,535636.82
bra,2002,518437.41
bra,2003,537907.42
bra,2004,563964.79
bra,2005,543904.57
bra,2006,536306.31
bra,2007,568338.2
bra,2008,576476.48
bra,2009,465145.78
bra,2010,605511.51
bra,2011,646810.92
bra,2012,640067.07
bra,2013,689916.58
bra,2014,733558.93
bra,2015,737919.76
bra,2016,666526.9
bra,2017,702977.1
bra,2018,696335.17
bra,2019,656076.92
can,1965,647949.17
can,1966,635221.3
can,1967,629359.78
can,1968,683746.31
can,1969,660132.76
can,1970,708741.5
can,1971,673656.12
can,1972,635681.84
can,1973,654689.92
can,1974,665198.78
can,1975,647153.68
can,1976,766184.4
can,1977,979041.31
can,1978,805037.9
can,1979,762290.68
can,1980,928409
can,1981,947942
can,1982,1001681
can,1983,1048015
can,1984,1167377
can,1985,1122086
can,1986,1039979
can,1987,1117744
can,1988,1200307
can,1989,1197786
can,1990,1136171
can,1991,1099786
can,1992,1120353
can,1993,994715
can,1994,1054689
can,1995,1102441
can,1996,1125471
can,1997,1176648
can,1998,1258325
can,1999,1210035
can,2000,1280648
can,2001,1331253
can,2002,1339455
can,2003,1336665
can,2004,1255911
can,2005,1258182
can,2006,1221034
can,2007,1268033
can,2008,1230879
can,2009,983286
can,2010,1036885
can,2011,928738
can,2012,882526
can,2013,869501.07
can,2014,821822.54
can,2015,832618.42
can,2016,782144.91
can,2017,779341.04
can,2018,650574.31
can,2019,558632.51
che,1965,53400
che,1966,44150
che,1967,37240
che,1968,35200
che,1969,31840
che,1970,27320
che,1971,18450
che,1972,15610
che,1973,14820
che,1974,12780
che,1975,9580
che,1976,9000
che,1977,10500
che,1978,9450
che,1979,9770
che,1980,14300
che,1981,21150
che,1982,18710
che,1983,16330
che,1984,20980
che,1985,21070
che,1986,18130
che,1987,16870
che,1988,14400
che,1989,14890
che,1990,14890
che,1991,12650
che,1992,8760
che,1993,7340
che,1994,7430
che,1995,7970
che,1996,5960
che,1997,4590
che,1998,3810
che,1999,3960
che,2000,5770
che,2001,6030
che,2002,5560
che,2003,5710
che,2004,5420
che,2005,6040
che,2006,6520
che,2007,7300
che,2008,6560
che,2009,6190
che,2010,6210
che,2011,5740
che,2012,5170
che,2013,5570
che,2014,5700
che,2015,5210
che,2016,4790
che,2017,4610
che,2018,4290
che,2019,4290
chl,1965,48776.22
chl,1966,50241.6
chl,1967,50241.6
chl,1968,50241.6
chl,1969,50241.6
chl,1970,53716.64
chl,1971,51874.45
chl,1972,42872.83
chl,1973,46557.22
chl,1974,44128.87
chl,1975,35252.86
chl,1976,35587.8
chl,1977,38309.22
chl,1978,37346.26
chl,1979,41323.72
chl,1980,45636.12
chl,1981,45552.38
chl,1982,30354.3
chl,1983,36383.29
chl,1984,49069.3
chl,1985,49111.16
chl,1986,46640.95
chl,1987,48064.46
chl,1988,66988.8
chl,1989,90518.62
chl,1990,109049.39
chl,1991,89589.15
chl,1992,77464.17
chl,1993,78155
chl,1994,92180.78
chl,1995,99377.88
chl,1996,137709.96
chl,1997,179271.66
chl,1998,168673.61
chl,1999,174062.02
chl,2000,134509.32
chl,2001,105532.48
chl,2002,106369.84
chl,2003,101701.56
chl,2004,117804.27
chl,2005,115452.39
chl,2006,144138.51
chl,2007,171077.65
chl,2008,182943.07
chl,2009,167247.27
chl,2010,188025
chl,2011,241151.31
chl,2012,281156.18
chl,2013,316036.41
chl,2014,318808.07
chl,2015,306197.43
chl,2016,310537.91
chl,2017,322882.79
chl,2018,311622.04
chl,2019,284528.78
chn,1965,4790536.56
chn,1966,5124643.2
chn,1967,4555238.4
chn,1968,4521325.32
chn,1969,5459796.54
chn,1970,6946738.56
chn,1971,8009557.74
chn,1972,8470524.42
chn,1973,8581474.62
chn,1974,8490830.4
chn,1975,9569559.42
chn,1976,9803392.2
chn,1977,10783940.76
chn,1978,11841107.76
chn,1979,12249739.44
chn,1980,12740469.16
chn,1981,12672702.08
chn,1982,13409416.3
chn,1983,14360416.27
chn,1984,15617759.2
chn,1985,17050552.08
chn,1986,17825126.16
chn,1987,19340070.59
chn,1988,20776405
chn,1989,21768846.5
chn,1990,22084261.34
chn,1991,23160339.99
chn,1992,24233389.4
chn,1993,25813284.16
chn,1994,27510002.23
chn,1995,27852661.92
chn,1996,29143402.24
chn,1997,28554884.9
chn,1998,28338180.15
chn,1999,29156517.85
chn,2000,29561062.34
chn,2001,31088717.1
chn,2002,34082847.13
chn,2003,40619010.88
chn,2004,47359006.93
chn,2005,55458380.66
chn,2006,60906174.26
chn,2007,66326086.57
chn,2008,67377314.24
chn,2009,70580164.57
chn,2010,73224993.2
chn,2011,79710499.19
chn,2012,80712841.22
chn,2013,82441148.81
chn,2014,81830351.05
chn,2015,80133622.23
chn,2016,79092551.34
chn,2017,79277449.13
chn,2018,79830762.3
chn,2019,81674796.49
col,1965,84322.15
col,1966,84322.15
col,1967,92528.28
col,1968,84280.28
col,1969,89974.33
col,1970,93909.92
col,1971,73030.65
col,1972,75878.93
col,1973,77275.18
col,1974,93446.57
col,1975,94984.46
col,1976,92900.55
col,1977,95236.68
col,1978,96259.72
col,1979,97099.18
col,1980,101833.6
col,1981,103752.04
col,1982,108029.73
col,1983,119068.3
col,1984,123961.82
col,1985,127853.02
col,1986,126246.35
col,1987,158739.42
col,1988,126628.71
col,1989,146712.19
col,1990,66895.2
col,1991,84127.88
col,1992,140713.17
col,1993,147535.66
col,1994,168870.75
col,1995,151116.87
col,1996,117147.65
col,1997,138746.16
col,1998,131950.77
col,1999,105379.38
col,2000,113176.13
col,2001,111450.31
col,2002,91661.07
col,2003,101609.39
col,2004,88915.38
col,2005,56024.43
col,2006,159588.16
col,2007,140514.98
col,2008,185911.56
col,2009,171003
col,2010,201266.43
col,2011,162959.14
col,2012,196417.22
col,2013,211283.99
col,2014,223800.9
col,2015,208007.91
col,2016,228769.32
col,2017,174341.3
col,2018,158061.04
col,2019,257706.28
cyp,1965,0
cyp,1966,0
cyp,1967,0
cyp,1968,0
cyp,1969,0
cyp,1970,0
cyp,1971,0
cyp,1972,0
cyp,1973,0
cyp,1974,0
cyp,1975,0
cyp,1976,0
cyp,1977,0
cyp,1978,0
cyp,1979,0
cyp,1980,0
cyp,1981,0
cyp,1982,0
cyp,1983,0
cyp,1984,0
cyp,1985,3893.72
cyp,1986,2386.48
cyp,1987,5066.03
cyp,1988,3056.36
cyp,1989,2721.42
cyp,1990,2553.95
cyp,1991,1884.06
cyp,1992,3475.04
cyp,1993,2930.76
cyp,1994,4019.33
cyp,1995,4479.88
cyp,1996,4186.8
cyp,1997,3181.97
cyp,1998,586.15
cyp,1999,1004.83
cyp,2000,1507.25
cyp,2001,2219
cyp,2002,1842.19
cyp,2003,1842.19
cyp,2004,1842.19
cyp,2005,1842.19
cyp,2006,1263.44
cyp,2007,1147.39
cyp,2008,938.49
cyp,2009,497.48
cyp,2010,613.53
cyp,2011,288.58
cyp,2012,10.05
cyp,2013,10.05
cyp,2014,92.84
cyp,2015,139.27
cyp,2016,18.59
cyp,2017,124.88
cyp,2018,569.88
cyp,2019,699.66
cze,1965,1479028.97
cze,1966,1474674.7
cze,1967,1426107.82
cze,1968,1476223.81
cze,1969,1534336.6
cze,1970,1553302.8
cze,1971,1618323.8
cze,1972,1595254.54
cze,1973,1560964.64
cze,1974,1555186.86
cze,1975,1588388.18
cze,1976,1619370.5
cze,1977,1654372.15
cze,1978,1660819.82
cze,1979,1661322.24
cze,1980,1609866.47
cze,1981,1603335.06
cze,1982,1615769.86
cze,1983,1606684.5
cze,1984,1636955.06
cze,1985,1601409.13
cze,1986,1594165.97
cze,1987,1575618.44
cze,1988,1594082.23
cze,1989,1532703.74
cze,1990,1245400.04
cze,1991,1140888.76
cze,1992,1065321.17
cze,1993,1036367.56
cze,1994,980880.07
cze,1995,981805.73
cze,1996,979627.17
cze,1997,920449.68
cze,1998,853208.04
cze,1999,777399.12
cze,2000,888181.05
cze,2001,871669.4
cze,2002,855470.46
cze,2003,869478.53
cze,2004,870798
cze,2005,841308.91
cze,2006,871110.97
cze,2007,869453.08
cze,2008,824578.58
cze,2009,761674.04
cze,2010,786172.18
cze,2011,773959.2
cze,2012,742137.01
cze,2013,707416.21
cze,2014,685568.99
cze,2015,683500.17
cze,2016,688345.93
cze,2017,652790.78
cze,2018,648715.18
cze,2019,604116.51
deu,1965,6730115.53
deu,1966,6283221.94
deu,1967,6052695.96
deu,1968,6139580.5
deu,1969,6321457.72
deu,1970,6242393.2
deu,1971,5973768.11
deu,1972,5831500.64
deu,1973,5850466.85
deu,1974,5875629.52
deu,1975,5322846.31
deu,1976,5619020.54
deu,1977,5396408.39
deu,1978,5466537.29
deu,1979,5784399.14
deu,1980,5917539.38
deu,1981,6016724.68
deu,1982,5873326.78
deu,1983,6087481.6
deu,1984,6282879.55
deu,1985,6249594.49
deu,1986,5905355.8
deu,1987,5881072.36
deu,1988,5811822.68
deu,1989,5904350.96
deu,1990,5506887
deu,1991,4836943
deu,1992,4372192.74
deu,1993,4124787.16
deu,1994,4001225.74
deu,1995,3794181.74
deu,1996,3777846.74
deu,1997,3660545.74
deu,1998,3573044.36
deu,1999,3440093.99
deu,2000,3571544.99
deu,2001,3581769.74
deu,2002,3589735.74
deu,2003,3649031.74
deu,2004,3557196.04
deu,2005,3403394.07
deu,2006,3539920.56
deu,2007,3629832.21
deu,2008,3354509.63
deu,2009,3003452.77
deu,2010,3226220
deu,2011,3278848
deu,2012,3369867
deu,2013,3468235
deu,2014,3333222
deu,2015,3294201
deu,2016,3203766
deu,2017,3009347
deu,2018,2904084
deu,2019,2304000
dnk,1965,154832.05
dnk,1966,175481.35
dnk,1967,150239.13
dnk,1968,134613.99
dnk,1969,122957.94
dnk,1970,98347.93
dnk,1971,60185.25
dnk,1972,61487.34
dnk,1973,94240.68
dnk,1974,89023.93
dnk,1975,85888.02
dnk,1976,119327.99
dnk,1977,137268.42
dnk,1978,151231.4
dnk,1979,180350.6
dnk,1980,257391.9
dnk,1981,205718.42
dnk,1982,248155.82
dnk,1983,236989.63
dnk,1984,249788.67
dnk,1985,304451.54
dnk,1986,307964.26
dnk,1987,302295.33
dnk,1988,282843.46
dnk,1989,232451.14
dnk,1990,255001.24
dnk,1991,345867.36
dnk,1992,288089.52
dnk,1993,302199.04
dnk,1994,324975.23
dnk,1995,271656.33
dnk,1996,373403.94
dnk,1997,277589.03
dnk,1998,235913.62
dnk,1999,198190.55
dnk,2000,166257.83
dnk,2001,175736.74
dnk,2002,175946.08
dnk,2003,240058.55
dnk,2004,184009.86
dnk,2005,155255.09
dnk,2006,235590.25
dnk,2007,194789.92
dnk,2008,171558.12
dnk,2009,168780.05
dnk,2010,160465.2
dnk,2011,135577.79
dnk,2012,103547.46
dnk,2013,135485.32
dnk,2014,109958.5
dnk,2015,72362.73
dnk,2016,87676.31
dnk,2017,65590.8
dnk,2018,66801.28
dnk,2019,38858.21
dza,1965,2930.76
dza,1966,2847.02
dza,1967,2177.14
dza,1968,2302.74
dza,1969,2930.76
dza,1970,3475.04
dza,1971,962.96
dza,1972,837.36
dza,1973,962.96
dza,1974,795.49
dza,1975,1004.83
dza,1976,1967.8
dza,1977,2553.95
dza,1978,1297.91
dza,1979,3014.5
dza,1980,2679.55
dza,1981,1884.06
dza,1982,34959.78
dza,1983,31191.66
dza,1984,34582.97
dza,1985,36090.22
dza,1986,37053.18
dza,1987,44296.34
dza,1988,41658.66
dza,1989,35210.99
dza,1990,27591.01
dza,1991,28470.24
dza,1992,33829.34
dza,1993,27549.14
dza,1994,25958.16
dza,1995,25958.16
dza,1996,12225.46
dza,1997,21436.42
dza,1998,22943.66
dza,1999,24576.52
dza,2000,20305.98
dza,2001,23446.08
dza,2002,30772.98
dza,2003,25372.01
dza,2004,30270.56
dza,2005,24869.59
dza,2006,36927.58
dza,2007,31694.08
dza,2008,31694.08
dza,2009,20347.85
dza,2010,12979.08
dza,2011,11513.7
dza,2012,12225.46
dza,2013,6615.14
dza,2014,7494.37
dza,2015,5568.44
dza,2016,2051.53
dza,2017,7619.98
dza,2018,20934
dza,2019,20934
ecu,1965,0
ecu,1966,0
ecu,1967,0
ecu,1968,0
ecu,1969,0
ecu,1970,0
ecu,1971,0
ecu,1972,0
ecu,1973,0
ecu,1974,0
ecu,1975,0
ecu,1976,0
ecu,1977,0
ecu,1978,0
ecu,1979,0
ecu,1980,0
ecu,1981,0
ecu,1982,0
ecu,1983,0
ecu,1984,0
ecu,1985,0
ecu,1986,0
ecu,1987,0
ecu,1988,0
ecu,1989,0
ecu,1990,0
ecu,1991,0
ecu,1992,0
ecu,1993,0
ecu,1994,0
ecu,1995,0
ecu,1996,0
ecu,1997,0
ecu,1998,0
ecu,1999,0
ecu,2000,0
ecu,2001,0
ecu,2002,0
ecu,2003,0
ecu,2004,0
ecu,2005,0
ecu,2006,0
ecu,2007,0
ecu,2008,0
ecu,2009,0
ecu,2010,0
ecu,2011,0
ecu,2012,0
ecu,2013,0
ecu,2014,0
ecu,2015,0
ecu,2016,0
ecu,2017,0
ecu,2018,0
ecu,2019,0
egy,1965,16872.8
egy,1966,11471.83
egy,1967,17668.3
egy,1968,18380.05
egy,1969,19845.43
egy,1970,18296.32
egy,1971,15014.41
egy,1972,13286.47
egy,1973,11572.82
egy,1974,20207.3
egy,1975,24150.47
egy,1976,23621.93
egy,1977,26940.89
egy,1978,25809.11
egy,1979,28627.71
egy,1980,23047.5
egy,1981,29704.76
egy,1982,30696.4
egy,1983,29116.26
egy,1984,29525.31
egy,1985,31174.7
egy,1986,31344.9
egy,1987,33158.83
egy,1988,36247.26
egy,1989,37097.06
egy,1990,31782.29
egy,1991,32711.93
egy,1992,33509.31
egy,1993,40364.35
egy,1994,43441.78
egy,1995,29067.24
egy,1996,39950.45
egy,1997,33812.55
egy,1998,33264.42
egy,1999,30237.36
egy,2000,36400.46
egy,2001,32020.81
egy,2002,34351.65
egy,2003,35618.57
egy,2004,36405.06
egy,2005,35618.57
egy,2006,35638.46
egy,2007,32396.79
egy,2008,29153.65
egy,2009,25912.02
egy,2010,19427.17
egy,2011,18454.91
egy,2012,16350.54
egy,2013,16153.72
egy,2014,16286.65
egy,2015,34360.09
egy,2016,52276.79
egy,2017,50537.06
egy,2018,90138.35
egy,2019,83138.73
esp,1965,406119.6
esp,1966,375723.43
esp,1967,381836.16
esp,1968,386525.38
esp,1969,388953.72
esp,1970,410892.55
esp,1971,412944.08
esp,1972,422908.67
esp,1973,414200.12
esp,1974,401179.18
esp,1975,444596.29
esp,1976,430612.38
esp,1977,461259.76
esp,1978,396406.22
esp,1979,451797.59
esp,1980,520796.05
esp,1981,642464.46
esp,1982,711965.34
esp,1983,748851.05
esp,1984,761327.71
esp,1985,752702.9
esp,1986,780000.84
esp,1987,756722.23
esp,1988,656573.98
esp,1989,809392.18
esp,1990,804368.02
esp,1991,837318.13
esp,1992,854274.67
esp,1993,768445.27
esp,1994,792226.3
esp,1995,794110.36
esp,1996,671018.44
esp,1997,768487.14
esp,1998,732313.19
esp,1999,820738.4
esp,2000,876548.45
esp,2001,802525.82
esp,2002,904265.06
esp,2003,842760.97
esp,2004,881279.53
esp,2005,858838.28
esp,2006,749772.14
esp,2007,838909.12
esp,2008,565385.47
esp,2009,394815.24
esp,2010,288763.6
esp,2011,535533.59
esp,2012,648619.06
esp,2013,477169.6
esp,2014,487301.65
esp,2015,573022.69
esp,2016,439452.39
esp,2017,563075.2
esp,2018,462742.59
esp,2019,210056.02
est,1985,243073.09
est,1986,246029.46
est,1987,248152.36
est,1988,236715.24
est,1989,245053.94
est,1990,233274.26
est,1991,208686.73
est,1992,182361.27
est,1993,133980.74
est,1994,135370.51
est,1995,131917.15
est,1996,137144.45
est,1997,135844.16
est,1998,123163.3
est,1999,112106.64
est,2000,118432.89
est,2001,116803.22
est,2002,113896.87
est,2003,131698.77
est,2004,135056.37
est,2005,129474.4
est,2006,122695.81
est,2007,147894.1
est,2008,140793.63
est,2009,127807.85
est,2010,163651.46
est,2011,174563.18
est,2012,163327.65
est,2013,175388.61
est,2014,176937.68
est,2015,160031.14
est,2016,161679.06
est,2017,178273.23
est,2018,199396.98
est,2019,140946.58
fin,1965,72935.35
fin,1966,67696.33
fin,1967,65130.82
fin,1968,78439.03
fin,1969,94096.99
fin,1970,95643
fin,1971,84886
fin,1972,94168
fin,1973,104515
fin,1974,106507
fin,1975,96498
fin,1976,130032
fin,1977,131115
fin,1978,176739
fin,1979,170327
fin,1980,193277
fin,1981,118779
fin,1982,131747
fin,1983,143103
fin,1984,164818
fin,1985,208893
fin,1986,190999
fin,1987,213937
fin,1988,214200
fin,1989,209543
fin,1990,220635
fin,1991,220362
fin,1992,200569
fin,1993,229280
fin,1994,279203
fin,1995,246978
fin,1996,294289
fin,1997,278741
fin,1998,228740
fin,1999,221636
fin,2000,209978
fin,2001,253761
fin,2002,275728
fin,2003,344133
fin,2004,309166
fin,2005,198608
fin,2006,310154
fin,2007,292871
fin,2008,223357
fin,2009,224963
fin,2010,284130
fin,2011,230823
fin,2012,189006
fin,2013,208949
fin,2014,187289
fin,2015,159858
fin,2016,182831
fin,2017,167502
fin,2018,175473
fin,2019,146333
fra,1965,1732087.59
fra,1966,1604930.71
fra,1967,1584153.31
fra,1968,1523379.06
fra,1969,1524971.01
fra,1970,1451416
fra,1971,1329966.56
fra,1972,1183005.31
fra,1973,1170150.4
fra,1974,1184423.84
fra,1975,1038391.53
fra,1976,1220871.26
fra,1977,1175850.9
fra,1978,1226824.09
fra,1979,1332354.69
fra,1980,1304499.9
fra,1981,1189051.2
fra,1982,1215846.72
fra,1983,1100291.04
fra,1984,1052142.84
fra,1985,1021160.52
fra,1986,844058.88
fra,1987,768277.8
fra,1988,750274.56
fra,1989,816844.68
fra,1990,795073.32
fra,1991,846152.28
fra,1992,746087.76
fra,1993,609598.08
fra,1994,599549.76
fra,1995,613784.88
fra,1996,653978.16
fra,1997,572754.24
fra,1998,681192.36
fra,1999,610016.76
fra,2000,593140.65
fra,2001,519076.11
fra,2002,534995.63
fra,2003,568725.66
fra,2004,541398.42
fra,2005,562264.3
fra,2006,519543.32
fra,2007,537872.25
fra,2008,505472.36
fra,2009,450101.89
fra,2010,481935.18
fra,2011,408984.67
fra,2012,463321.29
fra,2013,484179.25
fra,2014,361612.06
fra,2015,351009.27
fra,2016,341559.14
fra,2017,388116.36
fra,2018,350937.58
fra,2019,269694.92
gbr,1965,4915177.6
gbr,1966,4677911.64
gbr,1967,4369805.03
gbr,1968,4373112.6
gbr,1969,4262581.08
gbr,1970,4020332.83
gbr,1971,3562966.8
gbr,1972,3120924.46
gbr,1973,3380338.58
gbr,1974,2975977.44
gbr,1975,2993771.34
gbr,1976,3046566.89
gbr,1977,3056573.34
gbr,1978,2977694.03
gbr,1979,3200808.6
gbr,1980,2975349.42
gbr,1981,2959188.37
gbr,1982,2759896.69
gbr,1983,2785561.78
gbr,1984,1979351.57
gbr,1985,2632617.97
gbr,1986,2843172.14
gbr,1987,2912714.89
gbr,1988,2827429.78
gbr,1989,2721587.47
gbr,1990,2719117.26
gbr,1991,2723722.74
gbr,1992,2560981.82
gbr,1993,2230140.89
gbr,1994,2082263.11
gbr,1995,1986887.81
gbr,1996,1857515.69
gbr,1997,1656633.02
gbr,1998,1615288.37
gbr,1999,1436101.71
gbr,2000,1537732.09
gbr,2001,1629163.43
gbr,2002,1495110.47
gbr,2003,1595334.09
gbr,2004,1533209.44
gbr,2005,1567088.94
gbr,2006,1713754.32
gbr,2007,1607209.82
gbr,2008,1491133.21
gbr,2009,1247356.1
gbr,2010,1294885.34
gbr,2011,1316705.91
gbr,2012,1631095.44
gbr,2013,1547990.17
gbr,2014,1245752.2
gbr,2015,966069.77
gbr,2016,464016.35
gbr,2017,379242.02
gbr,2018,317431.03
gbr,2019,262245.83
grc,1965,88215.88
grc,1966,88048.4
grc,1967,84154.68
grc,1968,95040.36
grc,1969,91984
grc,1970,105842.3
grc,1971,156000.17
grc,1972,166634.64
grc,1973,195984.11
grc,1974,206409.24
grc,1975,270299.81
grc,1976,319410.97
grc,1977,339716.95
grc,1978,302077.62
grc,1979,165839.15
grc,1980,165839.15
grc,1981,164164.43
grc,1982,166676.51
grc,1983,204399.58
grc,1984,218257.88
grc,1985,253092.06
grc,1986,241536.49
grc,1987,275742.65
grc,1988,309488.26
grc,1989,332725
grc,1990,337415.76
grc,1991,324617.09
grc,1992,338717.65
grc,1993,338570.19
grc,1994,339296.72
grc,1995,338155.11
grc,1996,328958.89
grc,1997,354279.56
grc,1998,370621.61
grc,1999,356504.14
grc,2000,377812.1
grc,2001,390513.81
grc,2002,375716.27
grc,2003,377738.96
grc,2004,387208.91
grc,2005,381953.52
grc,2006,351746.72
grc,2007,370859
grc,2008,349089.31
grc,2009,352829.51
grc,2010,329420.1
grc,2011,330658.18
grc,2012,340772.03
grc,2013,292540.34
grc,2014,281152.83
grc,2015,235586.88
grc,2016,182491.6
grc,2017,200807.09
grc,2018,191433.64
grc,2019,138658.56
hkg,1965,5149.76
hkg,1966,4438.01
hkg,1967,3558.78
hkg,1968,2553.95
hkg,1969,1507.25
hkg,1970,879.23
hkg,1971,1130.44
hkg,1972,544.28
hkg,1973,293.08
hkg,1974,293.08
hkg,1975,251.21
hkg,1976,334.94
hkg,1977,293.08
hkg,1978,209.34
hkg,1979,167.47
hkg,1980,83.74
hkg,1981,1465.38
hkg,1982,37471.86
hkg,1983,88006.54
hkg,1984,114885.79
hkg,1985,142225.6
hkg,1986,164583.11
hkg,1987,206241.77
hkg,1988,238605.73
hkg,1989,255646.01
hkg,1990,229939.06
hkg,1991,248109.77
hkg,1992,263014.78
hkg,1993,304589.7
hkg,1994,217588
hkg,1995,234544.54
hkg,1996,174296.48
hkg,1997,147082.28
hkg,1998,182837.56
hkg,1999,156289
hkg,2000,181619
hkg,2001,286878
hkg,2002,223159
hkg,2003,283015
hkg,2004,264263
hkg,2005,287504
hkg,2006,287043
hkg,2007,313193
hkg,2008,286998
hkg,2009,299692
hkg,2010,260723
hkg,2011,310129
hkg,2012,305268
hkg,2013,325355
hkg,2014,341014
hkg,2015,280444
hkg,2016,280423
hkg,2017,262684
hkg,2018,262684
hkg,2019,258369
hrv,1990,33852.33
hrv,1991,19033.61
hrv,1992,16730.37
hrv,1993,14218.75
hrv,1994,8899.88
hrv,1995,7316.89
hrv,1996,5991.06
hrv,1997,10184.81
hrv,1998,9737.49
hrv,1999,8636.36
hrv,2000,18074.37
hrv,2001,20120.3
hrv,2002,24457.44
hrv,2003,27201.18
hrv,2004,28884.86
hrv,2005,28624.1
hrv,2006,26572.7
hrv,2007,28849.1
hrv,2008,29688.72
hrv,2009,21215.44
hrv,2010,28583.33
hrv,2011,29421.56
hrv,2012,26385.17
hrv,2013,28267.39
hrv,2014,27075.87
hrv,2015,25360.08
hrv,2016,27255.36
hrv,2017,16426.24
hrv,2018,15293.71
hrv,2019,18066.08
hun,1965,456779.88
hun,1966,438064.88
hun,1967,380035.84
hun,1968,375095.41
hun,1969,380705.72
hun,1970,386902.19
hun,1971,374509.26
hun,1972,363958.52
hun,1973,365842.58
hun,1974,348927.91
hun,1975,332431.92
hun,1976,336828.06
hun,1977,342605.84
hun,1978,342270.9
hun,1979,344908.58
hun,1980,338209.7
hun,1981,339842.56
hun,1982,354328.88
hun,1983,333101.81
hun,1984,324142.06
hun,1985,318364.27
hun,1986,314638.02
hun,1987,314470.55
hun,1988,296718.52
hun,1989,265778.06
hun,1990,257793.12
hun,1991,240060.14
hun,1992,216485.9
hun,1993,195010.68
hun,1994,184993.34
hun,1995,181968.29
hun,1996,179700.05
hun,1997,171654.19
hun,1998,166578.29
hun,1999,173414.41
hun,2000,161975.02
hun,2001,153898.44
hun,2002,148488.76
hun,2003,151957.73
hun,2004,144085.75
hun,2005,128136.97
hun,2006,128624.19
hun,2007,130804.3
hun,2008,127058.12
hun,2009,106982.37
hun,2010,112711.42
hun,2011,113570.93
hun,2012,109272.51
hun,2013,95676.96
hun,2014,94575.88
hun,2015,98013.91
hun,2016,91823.43
hun,2017,93856
hun,2018,88794.91
hun,2019,78720.86
idn,1965,5400.97
idn,1966,6615.14
idn,1967,4647.35
idn,1968,3475.04
idn,1969,4186.8
idn,1970,3642.52
idn,1971,4186.8
idn,1972,4186.8
idn,1973,2805.16
idn,1974,3056.36
idn,1975,3893.72
idn,1976,3893.72
idn,1977,4186.8
idn,1978,5568.44
idn,1979,8373.6
idn,1980,10592.6
idn,1981,11304.36
idn,1982,10676.34
idn,1983,10676.34
idn,1984,11178.76
idn,1985,37681.2
idn,1986,60541.13
idn,1987,94914.76
idn,1988,99143.42
idn,1989,148798.87
idn,1990,143236.53
idn,1991,144958.6
idn,1992,176943.25
idn,1993,206268.25
idn,1994,206340.57
idn,1995,227078.89
idn,1996,270680.07
idn,1997,333823.95
idn,1998,358242.87
idn,1999,493070.4
idn,2000,551049.87
idn,2001,699594.4
idn,2002,721640.91
idn,2003,968712.27
idn,2004,889976.87
idn,2005,1019939.86
idn,2006,1208491.75
idn,2007,1516193.15
idn,2008,1318948.72
idn,2009,1388548.78
idn,2010,1652593.8
idn,2011,1962339.21
idn,2012,2219273.51
idn,2013,2386506.21
idn,2014,1888661.63
idn,2015,2141320.03
idn,2016,2233468.19
idn,2017,2393301.14
idn,2018,2838514.85
idn,2019,3406217.81
ind,1965,1488266.46
ind,1966,1484695.3
ind,1967,1509426.91
ind,1968,1561768.98
ind,1969,1659028.35
ind,1970,1572511.96
ind,1971,1594339.93
ind,1972,1683659.11
ind,1973,1661217.86
ind,1974,1875081.97
ind,1975,2015662.33
ind,1976,2098925.4
ind,1977,2197246.2
ind,1978,2126390.8
ind,1979,2258974.38
ind,1980,2374433.94
ind,1981,2671712.7
ind,1982,2642054.52
ind,1983,2804572.98
ind,1984,2945918.99
ind,1985,3086629.49
ind,1986,3316464.19
ind,1987,3641867.4
ind,1988,3908006.46
ind,1989,4247788.07
ind,1990,4593690.52
ind,1991,4888359.71
ind,1992,5177723.62
ind,1993,5362651.18
ind,1994,5534233.49
ind,1995,5873808.25
ind,1996,6042537.1
ind,1997,6321324.55
ind,1998,6531625.07
ind,1999,6470333.61
ind,2000,6882449.18
ind,2001,6939810.85
ind,2002,7248442.13
ind,2003,7591744.27
ind,2004,8076702.68
ind,2005,8842008.06
ind,2006,9181534.09
ind,2007,10049653.88
ind,2008,10855144.37
ind,2009,11757861.65
ind,2010,12157704.79
ind,2011,12754227.46
ind,2012,13815927.23
ind,2013,14770269.81
ind,2014,16225692.91
ind,2015,16549282.01
ind,2016,16856492.89
ind,2017,17457008.61
ind,2018,18557663.69
ind,2019,18619987.42
irl,1965,130879.37
irl,1966,149091.95
irl,1967,158763.46
irl,1968,193890.71
irl,1969,184596.01
irl,1970,90016.2
irl,1971,85913.14
irl,1972,79967.88
irl,1973,78000.08
irl,1974,84112.81
irl,1975,71217.47
irl,1976,73227.13
irl,1977,76702.18
irl,1978,72557.24
irl,1979,83233.58
irl,1980,78879.31
irl,1981,82563.7
irl,1982,87336.65
irl,1983,94747.28
irl,1984,90811.69
irl,1985,104335.06
irl,1986,114676.45
irl,1987,147333.49
irl,1988,150013.04
irl,1989,150306.12
irl,1990,144941.5
irl,1991,139039.17
irl,1992,132432.53
irl,1993,128686.45
irl,1994,123133
irl,1995,123976.13
irl,1996,124651.29
irl,1997,118759.18
irl,1998,119548.52
irl,1999,102849.08
irl,2000,109509.31
irl,2001,114700.4
irl,2002,110268.09
irl,2003,106742.47
irl,2004,99728.89
irl,2005,110824.6
irl,2006,99980.78
irl,2007,97636.18
irl,2008,95542.78
irl,2009,83526.66
irl,2010,83149.85
irl,2011,81600.73
irl,2012,94663.55
irl,2013,85661.93
irl,2014,84196.55
irl,2015,91819.44
irl,2016,88215.88
irl,2017,75112.13
irl,2018,59058.18
irl,2019,40153.54
irn,1965,8834.15
irn,1966,9713.38
irn,1967,10718.21
irn,1968,11806.78
irn,1969,13020.95
irn,1970,14360.72
irn,1971,10117.49
irn,1972,15807.89
irn,1973,26579.69
irn,1974,29110.11
irn,1975,53926.11
irn,1976,53298.09
irn,1977,53918.49
irn,1978,32946.01
irn,1979,47555.39
irn,1980,50081.37
irn,1981,41821.19
irn,1982,56407.21
irn,1983,53220.59
irn,1984,41146.2
irn,1985,40480.79
irn,1986,39869.98
irn,1987,39219.01
irn,1988,40471.2
irn,1989,29732.98
irn,1990,29740.22
irn,1991,42451.18
irn,1992,37387.83
irn,1993,45959.42
irn,1994,46144.23
irn,1995,43217.99
irn,1996,45209.99
irn,1997,46339.21
irn,1998,53960.99
irn,1999,51353.57
irn,2000,54574.77
irn,2001,53503.2
irn,2002,50693.61
irn,2003,54925.79
irn,2004,57496.4
irn,2005,65169.97
irn,2006,62905.58
irn,2007,65575.42
irn,2008,49103.75
irn,2009,56840.54
irn,2010,53831.4
irn,2011,59757.61
irn,2012,47043.6
irn,2013,60069.4
irn,2014,68439.74
irn,2015,65345.44
irn,2016,63327.44
irn,2017,68914.73
irn,2018,55432.57
irn,2019,51729.07
irq,1965,0
irq,1966,0
irq,1967,0
irq,1968,0
irq,1969,0
irq,1970,0
irq,1971,0
irq,1972,0
irq,1973,0
irq,1974,0
irq,1975,0
irq,1976,0
irq,1977,0
irq,1978,0
irq,1979,0
irq,1980,0
irq,1981,0
irq,1982,0
irq,1983,0
irq,1984,0
irq,1985,0
irq,1986,0
irq,1987,0
irq,1988,0
irq,1989,0
irq,1990,0
irq,1991,0
irq,1992,0
irq,1993,0
irq,1994,0
irq,1995,0
irq,1996,0
irq,1997,0
irq,1998,0
irq,1999,0
irq,2000,0
irq,2001,0
irq,2002,0
irq,2003,0
irq,2004,0
irq,2005,0
irq,2006,0
irq,2007,0
irq,2008,0
irq,2009,0
irq,2010,0
irq,2011,0
irq,2012,0
irq,2013,0
irq,2014,0
irq,2015,0
irq,2016,0
irq,2017,0
irq,2018,0
irq,2019,0
isl,1965,273.68
isl,1966,201.52
isl,1967,154.88
isl,1968,122.32
isl,1969,86.24
isl,1970,57.64
isl,1971,39.6
isl,1972,28.6
isl,1973,18.04
isl,1974,14.52
isl,1975,9.74
isl,1976,9.91
isl,1977,9.03
isl,1978,7.64
isl,1979,659.99
isl,1980,879.98
isl,1981,1495.97
isl,1982,1395.24
isl,1983,1994.2
isl,1984,2756.13
isl,1985,2946.7
isl,1986,3319.14
isl,1987,2647.38
isl,1988,2669.56
isl,1989,2851.89
isl,1990,2720.36
isl,1991,2806.3
isl,1992,2210.66
isl,1993,2283.55
isl,1994,2256.08
isl,1995,2653.8
isl,1996,2628.75
isl,1997,2726.52
isl,1998,2447.65
isl,1999,2862.69
isl,2000,3958.82
isl,2001,4294.68
isl,2002,4278
isl,2003,4200
isl,2004,4400
isl,2005,4200
isl,2006,4300
isl,2007,4600
isl,2008,4000
isl,2009,3700
isl,2010,3900
isl,2011,3900
isl,2012,3990
isl,2013,4590
isl,2014,3760
isl,2015,4160
isl,2016,4840
isl,2017,4800
isl,2018,4800
isl,2019,4800
isr,1965,0
isr,1966,0
isr,1967,0
isr,1968,0
isr,1969,0
isr,1970,0
isr,1971,0
isr,1972,0
isr,1973,0
isr,1974,0
isr,1975,0
isr,1976,0
isr,1977,0
isr,1978,0
isr,1979,0
isr,1980,41.87
isr,1981,41.87
isr,1982,23236.74
isr,1983,43793.93
isr,1984,70882.52
isr,1985,77330.2
isr,1986,85871.27
isr,1987,91439.71
isr,1988,87629.72
isr,1989,94663.55
isr,1990,99234.82
isr,1991,107454.47
isr,1992,132254.48
isr,1993,149423.63
isr,1994,158372.16
isr,1995,172868.45
isr,1996,209568.26
isr,1997,227887.9
isr,1998,244632.97
isr,1999,240268.02
isr,2000,261880.45
isr,2001,302287.63
isr,2002,319537.75
isr,2003,331156.91
isr,2004,334344.91
isr,2005,332413.42
isr,2006,328633.64
isr,2007,336094.69
isr,2008,330731.26
isr,2009,323876.65
isr,2010,323711.15
isr,2011,332106.99
isr,2012,368888.26
isr,2013,296789.69
isr,2014,275804.03
isr,2015,270097.86
isr,2016,230835.5
isr,2017,209494.21
isr,2018,197212.9
isr,2019,209421.35
ita,1965,361153.37
ita,1966,375639.7
ita,1967,411646.18
ita,1968,398667.1
ita,1969,409217.83
ita,1970,413237.16
ita,1971,399211.38
ita,1972,371494.76
ita,1973,376937.6
ita,1974,410473.87
ita,1975,411562.44
ita,1976,408087.4
ita,1977,401304.78
ita,1978,408213
ita,1979,447987.6
ita,1980,525610.87
ita,1981,538673.69
ita,1982,602271.18
ita,1983,563710.75
ita,1984,639324.36
ita,1985,631201.97
ita,1986,620441.89
ita,1987,615878.28
ita,1988,577275.98
ita,1989,602313.05
ita,1990,612932.61
ita,1991,582207.07
ita,1992,510699.21
ita,1993,446650.34
ita,1994,471609.15
ita,1995,507265.78
ita,1996,466767.03
ita,1997,473583.81
ita,1998,491623.81
ita,1999,490965.6
ita,2000,524088.51
ita,2001,556907.45
ita,2002,574841.78
ita,2003,620276.56
ita,2004,694845.81
ita,2005,689520.7
ita,2006,698080.45
ita,2007,683453.99
ita,2008,661323.27
ita,2009,517764.39
ita,2010,572499.05
ita,2011,641771.92
ita,2012,657839.9
ita,2013,566651.23
ita,2014,552410.7
ita,2015,516223.65
ita,2016,459836.37
ita,2017,402854.11
ita,2018,369385.71
ita,2019,297949.18
jpn,1965,2039482.39
jpn,1966,2173582.24
jpn,1967,2387500.93
jpn,1968,2456838.1
jpn,1969,2624337.74
jpn,1970,2528298.83
jpn,1971,2295597.74
jpn,1972,2243237.2
jpn,1973,2371757.3
jpn,1974,2514044.45
jpn,1975,2351747.75
jpn,1976,2299645.95
jpn,1977,2169564.17
jpn,1978,1964636.64
jpn,1979,2098131.5
jpn,1980,2437417.63
jpn,1981,2732651.93
jpn,1982,2606210.57
jpn,1983,2568896.55
jpn,1984,2872729.7
jpn,1985,2998175.43
jpn,1986,2855072.29
jpn,1987,2913575.28
jpn,1988,3149178.66
jpn,1989,3154190.68
jpn,1990,3267683.1
jpn,1991,3241730.8
jpn,1992,3186916.8
jpn,1993,3250099.8
jpn,1994,3403172.55
jpn,1995,3527479.9
jpn,1996,3620096.94
jpn,1997,3718605.65
jpn,1998,3544989.94
jpn,1999,3729517.7
jpn,2000,3998172.1
jpn,2001,4093756.74
jpn,2002,4348469.1
jpn,2003,4468533.96
jpn,2004,4586769.19
jpn,2005,4806841.64
jpn,2006,4725555.35
jpn,2007,4960583.84
jpn,2008,5094876.65
jpn,2009,4274748.07
jpn,2010,4871088.44
jpn,2011,4619263.76
jpn,2012,4876909.01
jpn,2013,5072374.63
jpn,2014,4986907.27
jpn,2015,5031172.57
jpn,2016,5021603.37
jpn,2017,5095619.73
jpn,2018,4991584.84
jpn,2019,4905217.15
kaz,1985,1596594.31
kaz,1986,1677483.29
kaz,1987,1742964.84
kaz,1988,1818076.03
kaz,1989,1735261.13
kaz,1990,1621106.17
kaz,1991,1582468.32
kaz,1992,1594152.49
kaz,1993,1447654.47
kaz,1994,1416140.71
kaz,1995,1143685.48
kaz,1996,1021474.43
kaz,1997,876908.71
kaz,1998,863476.28
kaz,1999,799501.3
kaz,2000,746870.6
kaz,2001,933652.21
kaz,2002,945902.79
kaz,2003,1044405.63
kaz,2004,1113307.8
kaz,2005,1125616.99
kaz,2006,1186430.26
kaz,2007,1303719.28
kaz,2008,1414622.17
kaz,2009,1295255.24
kaz,2010,1397720.47
kaz,2011,1521504.05
kaz,2012,1584955.01
kaz,2013,1569170.77
kaz,2014,1550581.38
kaz,2015,1433518.45
kaz,2016,1419025.29
kaz,2017,1522496.11
kaz,2018,1704784.38
kaz,2019,1671917.92
kor,1965,207330.34
kor,1966,234753.88
kor,1967,223951.93
kor,1968,211433.4
kor,1969,220811.83
kor,1970,235674.97
kor,1971,238187.05
kor,1972,244132.31
kor,1973,308734.63
kor,1974,318406.14
kor,1975,336409.38
kor,1976,375011.68
kor,1977,409385.3
kor,1978,414241.99
kor,1979,495842.72
kor,1980,552615.73
kor,1981,638244.17
kor,1982,646885.72
kor,1983,690449.37
kor,1984,831791.56
kor,1985,922021.28
kor,1986,976780.44
kor,1987,989713.47
kor,1988,1053495.18
kor,1989,1025451.99
kor,1990,1010032.01
kor,1991,1013465.18
kor,1992,986837.13
kor,1993,1081864.93
kor,1994,1110862.71
kor,1995,1151177.41
kor,1996,1343962.8
kor,1997,1462340.38
kor,1998,1509366.52
kor,1999,1597561.46
kor,2000,1797167.15
kor,2001,1914380.81
kor,2002,2057004.15
kor,2003,2140476.38
kor,2004,2227310.61
kor,2005,2294177.99
kor,2006,2371922.68
kor,2007,2497551.8
kor,2008,2767466.43
kor,2009,2871935.46
kor,2010,3229772.88
kor,2011,3503824.06
kor,2012,3376084.8
kor,2013,3414084.19
kor,2014,3533604.77
kor,2015,3575577.44
kor,2016,3412212.69
kor,2017,3608046.08
kor,2018,3627895.69
kor,2019,3436316.1
kwt,1965,0
kwt,1966,0
kwt,1967,0
kwt,1968,0
kwt,1969,0
kwt,1970,0
kwt,1971,0
kwt,1972,0
kwt,1973,0
kwt,1974,0
kwt,1975,0
kwt,1976,0
kwt,1977,0
kwt,1978,0
kwt,1979,0
kwt,1980,0
kwt,1981,0
kwt,1982,0
kwt,1983,0
kwt,1984,0
kwt,1985,0
kwt,1986,0
kwt,1987,0
kwt,1988,0
kwt,1989,0
kwt,1990,0
kwt,1991,0
kwt,1992,0
kwt,1993,0
kwt,1994,0
kwt,1995,0
kwt,1996,0
kwt,1997,0
kwt,1998,0
kwt,1999,0
kwt,2000,1.04
kwt,2001,2.72
kwt,2002,11.81
kwt,2003,3.92
kwt,2004,3.55
kwt,2005,0
kwt,2006,97.73
kwt,2007,16.63
kwt,2008,28.13
kwt,2009,0
kwt,2010,160.95
kwt,2011,566.86
kwt,2012,0
kwt,2013,11470.78
kwt,2014,9118.61
kwt,2015,7558.85
kwt,2016,9319.5
kwt,2017,7120.69
kwt,2018,8018.66
kwt,2019,7595
lka,1965,0
lka,1966,0
lka,1967,0
lka,1968,0
lka,1969,0
lka,1970,0
lka,1971,0
lka,1972,0
lka,1973,0
lka,1974,0
lka,1975,0
lka,1976,18.46
lka,1977,105.51
lka,1978,109.73
lka,1979,71.22
lka,1980,96.01
lka,1981,53.28
lka,1982,745.41
lka,1983,749.1
lka,1984,1456
lka,1985,880.99
lka,1986,329.71
lka,1987,308.61
lka,1988,158.26
lka,1989,18.46
lka,1990,0
lka,1991,23.74
lka,1992,23.74
lka,1993,16.09
lka,1994,14.51
lka,1995,41.94
lka,1996,8.7
lka,1997,0
lka,1998,8.18
lka,1999,0
lka,2000,14.24
lka,2001,3.69
lka,2002,455.53
lka,2003,2501.58
lka,2004,658.1
lka,2005,2446.19
lka,2006,1834.77
lka,2007,1789.93
lka,2008,2413.22
lka,2009,2456.21
lka,2010,2509.23
lka,2011,12522.67
lka,2012,19091.56
lka,2013,20083.85
lka,2014,38546.06
lka,2015,51872.43
lka,2016,54914.47
lka,2017,56884.29
lka,2018,57158.61
lka,2019,63040.65
ltu,1985,34047.73
ltu,1986,39626.05
ltu,1987,39007.08
ltu,1988,39323.12
ltu,1989,36740.51
ltu,1990,33377.17
ltu,1991,37279.27
ltu,1992,17471.52
ltu,1993,15491.16
ltu,1994,12861.85
ltu,1995,10274.41
ltu,1996,9441.23
ltu,1997,7632.54
ltu,1998,6657.01
ltu,1999,5681.49
ltu,2000,3864.42
ltu,2001,3508.54
ltu,2002,5656.37
ltu,2003,7305.97
ltu,2004,7063.13
ltu,2005,7737.21
ltu,2006,10508.87
ltu,2007,10446.07
ltu,2008,8863.46
ltu,2009,7046.38
ltu,2010,8666.68
ltu,2011,10035.76
ltu,2012,9784.55
ltu,2013,11258.31
ltu,2014,9524.97
ltu,2015,7636.72
ltu,2016,7737.21
ltu,2017,8294.05
ltu,2018,8850.9
ltu,2019,8532.44
lux,1965,114178.22
lux,1966,103095.76
lux,1967,96602.04
lux,1968,103543.75
lux,1969,109999.8
lux,1970,112788.21
lux,1971,103941.5
lux,1972,102296.08
lux,1973,101362.43
lux,1974,108061.31
lux,1975,82170.14
lux,1976,76099.28
lux,1977,65590.41
lux,1978,69345.97
lux,1979,77007.81
lux,1980,76392.35
lux,1981,61441.29
lux,1982,56580.42
lux,1983,51920.51
lux,1984,59109.24
lux,1985,58669.63
lux,1986,52138.22
lux,1987,37563.97
lux,1988,38305.03
lux,1989,47453.19
lux,1990,46071.55
lux,1991,43823.24
lux,1992,41281.85
lux,1993,42655.12
lux,1994,36781.04
lux,1995,20686.98
lux,1996,19493.74
lux,1997,12367.81
lux,1998,4115.62
lux,1999,4161.68
lux,2000,4592.92
lux,2001,4957.17
lux,2002,3085.67
lux,2003,2369.73
lux,2004,3328.51
lux,2005,3248.96
lux,2006,3876.98
lux,2007,3282.45
lux,2008,3135.91
lux,2009,2800.97
lux,2010,2805.16
lux,2011,2445.09
lux,2012,2248.31
lux,2013,2005.48
lux,2014,2235.42
lux,2015,2057.23
lux,2016,2193.21
lux,2017,1897.92
lux,2018,1763.94
lux,2019,2339.05
lva,1985,30396.17
lva,1986,38356.95
lva,1987,35121.39
lva,1988,35252.02
lva,1989,28788.44
lva,1990,29663.48
lva,1991,26000.03
lva,1992,22872.49
lva,1993,20904.69
lva,1994,15725.62
lva,1995,11187.13
lva,1996,10487.93
lva,1997,9370.06
lva,1998,6912.41
lva,1999,5342.36
lva,2000,5509.83
lva,2001,5141.39
lva,2002,4144.93
lva,2003,3717.88
lva,2004,2813.53
lva,2005,3387.12
lva,2006,3629.96
lva,2007,4488.25
lva,2008,4446.38
lva,2009,3588.09
lva,2010,4580.36
lva,2011,4647.35
lva,2012,3713.69
lva,2013,3135.91
lva,2014,2500.36
lva,2015,1935.98
lva,2016,1716.59
lva,2017,1674.72
lva,2018,2009.66
lva,2019,3056.36
mar,1965,7609.2
mar,1966,11667
mar,1967,11617.8
mar,1968,10440.6
mar,1969,10433.4
mar,1970,11962.8
mar,1971,12516
mar,1972,15468.6
mar,1973,15325.8
mar,1974,15178.2
mar,1975,17251.8
mar,1976,18718.2
mar,1977,17676.6
mar,1978,17819.4
mar,1979,17381.4
mar,1980,16660.8
mar,1981,17700.6
mar,1982,19719.6
mar,1983,24427.2
mar,1984,20979
mar,1985,27716.62
mar,1986,37639.33
mar,1987,43668.32
mar,1988,43082.17
mar,1989,47562.05
mar,1990,45887.33
mar,1991,49990.39
mar,1992,46347.88
mar,1993,50618.41
mar,1994,56438.06
mar,1995,68370.44
mar,1996,87504.12
mar,1997,83359.19
mar,1998,99436.5
mar,1999,95082.23
mar,2000,112415.58
mar,2001,142895.48
mar,2002,142099.99
mar,2003,137017.22
mar,2004,151562.16
mar,2005,158930.93
mar,2006,161610.48
mar,2007,135345.85
mar,2008,153417.75
mar,2009,113291.91
mar,2010,116695.39
mar,2011,124653.25
mar,2012,126613.86
mar,2013,125646.71
mar,2014,169030.33
mar,2015,186107.45
mar,2016,179337.39
mar,2017,186412.13
mar,2018,215612.65
mar,2019,279052.3
mex,1965,28880
mex,1966,30805
mex,1967,37798
mex,1968,39623
mex,1969,40165
mex,1970,45045
mex,1971,56551
mex,1972,62502
mex,1973,67005
mex,1974,74025
mex,1975,85026
mex,1976,65250
mex,1977,93852
mex,1978,97853
mex,1979,96131
mex,1980,97337
mex,1981,86036
mex,1982,103036
mex,1983,117303
mex,1984,117637
mex,1985,127518
mex,1986,140607
mex,1987,135982
mex,1988,128702
mex,1989,142464
mex,1990,141268
mex,1991,136638
mex,1992,138177
mex,1993,155853
mex,1994,188346
mex,1995,209731
mex,1996,240479
mex,1997,240711
mex,1998,246052
mex,1999,250371
mex,2000,274273
mex,2001,301224.9
mex,2002,504380.88
mex,2003,371946.14
mex,2004,380590.93
mex,2005,480346.29
mex,2006,515513.83
mex,2007,473701.5
mex,2008,423163.08
mex,2009,431087.22
mex,2010,533227.52
mex,2011,616777.34
mex,2012,537357.64
mex,2013,533615.8
mex,2014,532579.86
mex,2015,531541.63
mex,2016,520679.92
mex,2017,636310.04
mex,2018,567163.67
mex,2019,507516.22
mkd,1990,55680.34
mkd,1991,55920.95
mkd,1992,55592.96
mkd,1993,55869.08
mkd,1994,58034.62
mkd,1995,59858.18
mkd,1996,57915.42
mkd,1997,54168.61
mkd,1998,70038.93
mkd,1999,61080.81
mkd,2000,55961.98
mkd,2001,61876.76
mkd,2002,53793.3
mkd,2003,61939.64
mkd,2004,58860.55
mkd,2005,61077.75
mkd,2006,59352.75
mkd,2007,60903.7
mkd,2008,62416.35
mkd,2009,55980.11
mkd,2010,54206.16
mkd,2011,61907.66
mkd,2012,58273.01
mkd,2013,48745.32
mkd,2014,45103.64
mkd,2015,40667.48
mkd,2016,36677.79
mkd,2017,40089.21
mkd,2018,36220.13
mkd,2019,44203.08
mys,1965,628.02
mys,1966,837.36
mys,1967,502.42
mys,1968,502.42
mys,1969,628.02
mys,1970,669.89
mys,1971,1716.59
mys,1972,4354.27
mys,1973,4144.93
mys,1974,4144.93
mys,1975,376.81
mys,1976,418.68
mys,1977,460.55
mys,1978,1004.83
mys,1979,1423.51
mys,1980,2093.4
mys,1981,3893.72
mys,1982,3558.78
mys,1983,9252.83
mys,1984,10006.45
mys,1985,13355.89
mys,1986,9922.72
mys,1987,13690.84
mys,1988,10885.68
mys,1989,50116
mys,1990,55479.84
mys,1991,65354.08
mys,1992,68617.6
mys,1993,57362.64
mys,1994,63722.32
mys,1995,69830.96
mys,1996,70165.68
mys,1997,67864.48
mys,1998,72425.04
mys,1999,81169.6
mys,2000,104014.24
mys,2001,124306.64
mys,2002,152381.28
mys,2003,222421.44
mys,2004,277482.88
mys,2005,288235.76
mys,2006,305348.32
mys,2007,370158.48
mys,2008,409278.88
mys,2009,444466.32
mys,2010,618269.68
mys,2011,618060.48
mys,2012,664502.88
mys,2013,630403.28
mys,2014,642536.88
mys,2015,728267.04
mys,2016,784248.96
mys,2017,869058.64
mys,2018,927297.47
mys,2019,897672.97
nld,1965,371000
nld,1966,338000
nld,1967,325000
nld,1968,308000
nld,1969,262000
nld,1970,192000
nld,1971,145000
nld,1972,124000
nld,1973,126000
nld,1974,120000
nld,1975,101000
nld,1976,126000
nld,1977,132000
nld,1978,151000
nld,1979,144000
nld,1980,167000
nld,1981,185000
nld,1982,214000
nld,1983,221000
nld,1984,267000
nld,1985,266000
nld,1986,274000
nld,1987,289000
nld,1988,346000
nld,1989,343000
nld,1990,366000
nld,1991,337000
nld,1992,336000
nld,1993,339000
nld,1994,361000
nld,1995,373000
nld,1996,360000
nld,1997,350000
nld,1998,357000
nld,1999,313000
nld,2000,325000
nld,2001,346000
nld,2002,348000
nld,2003,360000
nld,2004,355000
nld,2005,339000
nld,2006,323000
nld,2007,352000
nld,2008,333000
nld,2009,314000
nld,2010,316000
nld,2011,311700
nld,2012,342500
nld,2013,342700
nld,2014,379100
nld,2015,461100
nld,2016,427300
nld,2017,383000
nld,2018,343800
nld,2019,266500
nor,1965,31958.72
nor,1966,29425.25
nor,1967,30892.35
nor,1968,31445
nor,1969,35033.13
nor,1970,35785.58
nor,1971,33652.91
nor,1972,36539.25
nor,1973,39280.73
nor,1974,43549.59
nor,1975,41407.62
nor,1976,39952.25
nor,1977,34399.75
nor,1978,35452.4
nor,1979,44149.22
nor,1980,40867.61
nor,1981,40940.54
nor,1982,39375.51
nor,1983,41947.88
nor,1984,47039.03
nor,1985,46847.28
nor,1986,41750.31
nor,1987,40335.09
nor,1988,41407.08
nor,1989,36278.37
nor,1990,33975.08
nor,1991,30237.54
nor,1992,30378.05
nor,1993,32851.01
nor,1994,37038.17
nor,1995,40438.49
nor,1996,40213.68
nor,1997,39904.56
nor,1998,43304.88
nor,1999,40579
nor,2000,41562.56
nor,2001,37038.17
nor,2002,32120.36
nor,2003,31361.61
nor,2004,35408.27
nor,2005,30237.54
nor,2006,25937.96
nor,2007,28523.33
nor,2008,29394.48
nor,2009,23400
nor,2010,31900
nor,2011,35400
nor,2012,34300
nor,2013,32500
nor,2014,35600
nor,2015,31905.84
nor,2016,32760.83
nor,2017,34248.11
nor,2018,33445.92
nor,2019,33652.87
nzl,1965,68872.86
nzl,1966,66988.8
nzl,1967,61169.15
nzl,1968,57568.5
nzl,1969,59033.88
nzl,1970,59075.75
nzl,1971,52544.34
nzl,1972,53842.25
nzl,1973,61001.68
nzl,1974,62800.42
nzl,1975,59099.83
nzl,1976,60900.1
nzl,1977,58000.22
nzl,1978,53500.02
nzl,1979,47699.98
nzl,1980,49061.61
nzl,1981,48880.61
nzl,1982,47917.95
nzl,1983,53095.5
nzl,1984,49381.79
nzl,1985,45597.71
nzl,1986,52404.68
nzl,1987,43739.52
nzl,1988,47397.46
nzl,1989,51603.39
nzl,1990,50141.8
nzl,1991,47809.96
nzl,1992,52645.56
nzl,1993,51862.66
nzl,1994,49023.74
nzl,1995,49159.45
nzl,1996,48447.92
nzl,1997,52302.06
nzl,1998,47689.65
nzl,1999,48856.8
nzl,2000,46295.75
nzl,2001,57335.68
nzl,2002,57307.03
nzl,2003,82707.95
nzl,2004,85459.17
nzl,2005,95138.9
nzl,2006,93677.35
nzl,2007,70995.62
nzl,2008,88100.67
nzl,2009,67748.22
nzl,2010,57859.14
nzl,2011,58570.77
nzl,2012,72979.3
nzl,2013,64359.02
nzl,2014,59435.58
nzl,2015,60024.51
nzl,2016,49666.09
nzl,2017,52330.92
nzl,2018,54317.84
nzl,2019,62045.99
omn,1965,0
omn,1966,0
omn,1967,0
omn,1968,0
omn,1969,0
omn,1970,0
omn,1971,0
omn,1972,0
omn,1973,0
omn,1974,0
omn,1975,0
omn,1976,0
omn,1977,0
omn,1978,0
omn,1979,0
omn,1980,0
omn,1981,0
omn,1982,0
omn,1983,0
omn,1984,0
omn,1985,0
omn,1986,0
omn,1987,0
omn,1988,0
omn,1989,0
omn,1990,0
omn,1991,0
omn,1992,0
omn,1993,0
omn,1994,0.5
omn,1995,0.27
omn,1996,0.17
omn,1997,1.4
omn,1998,2.01
omn,1999,0.24
omn,2000,10.45
omn,2001,5.9
omn,2002,14.06
omn,2003,0
omn,2004,33.42
omn,2005,13.14
omn,2006,128.81
omn,2007,29.39
omn,2008,50.22
omn,2009,58.63
omn,2010,1240.58
omn,2011,426.14
omn,2012,1292.9
omn,2013,1880.8
omn,2014,1496.61
omn,2015,2059.88
omn,2016,2306.09
omn,2017,3180.58
omn,2018,3118.93
omn,2019,6882.32
pak,1965,57735.97
pak,1966,48734.35
pak,1967,46808.42
pak,1968,51539.51
pak,1969,46389.74
pak,1970,38644.16
pak,1971,30605.51
pak,1972,24534.65
pak,1973,24367.18
pak,1974,22315.64
pak,1975,21645.76
pak,1976,21436.42
pak,1977,23320.48
pak,1978,24827.72
pak,1979,27674.75
pak,1980,29475.07
pak,1981,33452.53
pak,1982,37932.41
pak,1983,43040.3
pak,1984,48818.09
pak,1985,55391.36
pak,1986,62843.87
pak,1987,71343.07
pak,1988,74608.78
pak,1989,81726.34
pak,1990,86624.89
pak,1991,85745.66
pak,1992,88048.4
pak,1993,92444.54
pak,1994,91774.66
pak,1995,92528.28
pak,1996,93784.32
pak,1997,87671.59
pak,1998,87755.33
pak,1999,87797.2
pak,2000,84908.3
pak,2001,88132.14
pak,2002,98808.48
pak,2003,125515.49
pak,2004,140209.28
pak,2005,155903.46
pak,2006,166150.55
pak,2007,227394.96
pak,2008,250768.53
pak,2009,206233.31
pak,2010,193790.66
pak,2011,167040.27
pak,2012,169374.91
pak,2013,134189.31
pak,2014,197974.45
pak,2015,194758.01
pak,2016,223626.41
pak,2017,299222.15
pak,2018,495115.82
pak,2019,550560.57
per,1965,1510.94
per,1966,1905.85
per,1967,2146.23
per,1968,2129.06
per,1969,3588.49
per,1970,3640
per,1971,5105
per,1972,5523
per,1973,6317
per,1974,6736
per,1975,7029
per,1976,5439
per,1977,6234
per,1978,5314
per,1979,5648
per,1980,5942
per,1981,6025
per,1982,6820
per,1983,5774
per,1984,4603
per,1985,5021
per,1986,6820
per,1987,7699
per,1988,7573
per,1989,8410
per,1990,6066
per,1991,11757
per,1992,11506
per,1993,12092
per,1994,14895
per,1995,15648
per,1996,16401
per,1997,17071
per,1998,18715
per,1999,16973
per,2000,26366
per,2001,23923
per,2002,32760
per,2003,35156
per,2004,38014
per,2005,38580
per,2006,32825
per,2007,43340
per,2008,38645
per,2009,34718
per,2010,34048
per,2011,34242
per,2012,36547
per,2013,36859
per,2014,36400
per,2015,33927
per,2016,41004
per,2017,36424.41
per,2018,32280.82
per,2019,21773.12
phl,1965,1855.88
phl,1966,1758.2
phl,1967,1367.49
phl,1968,625.14
phl,1969,820.5
phl,1970,820.5
phl,1971,800.96
phl,1972,781.42
phl,1973,781.42
phl,1974,1093.99
phl,1975,2070.77
phl,1976,2461.49
phl,1977,6075.57
phl,1978,5567.65
phl,1979,4864.37
phl,1980,5860.68
phl,1981,10158.52
phl,1982,11330.65
phl,1983,20629.6
phl,1984,33054.25
phl,1985,46748.71
phl,1986,36824.62
phl,1987,39168.9
phl,1988,49600.91
phl,1989,39207.97
phl,1990,44775.62
phl,1991,50284.66
phl,1992,50108.84
phl,1993,50909.8
phl,1994,49053.91
phl,1995,59173.36
phl,1996,82401.2
phl,1997,102229.84
phl,1998,103226.16
phl,1999,121062.17
phl,2000,167986.7
phl,2001,171542.18
phl,2002,149486.48
phl,2003,155581.59
phl,2004,169119.77
phl,2005,192106.85
phl,2006,210177.36
phl,2007,226087.2
phl,2008,265861.8
phl,2009,253720.08
phl,2010,293913.36
phl,2011,323527.38
phl,2012,338528.15
phl,2013,418846.4
phl,2014,445626.28
phl,2015,486362.16
phl,2016,547976.62
phl,2017,647990.95
phl,2018,684609.6
phl,2019,729494.89
pol,1965,2490350.51
pol,1966,2523719.3
pol,1967,2569397.29
pol,1968,2693033.5
pol,1969,2829313.84
pol,1970,2938296.24
pol,1971,3007671.52
pol,1972,3146254.6
pol,1973,3159191.81
pol,1974,3248245.04
pol,1975,3504393.47
pol,1976,3664119.89
pol,1977,3794078.16
pol,1978,3970719.25
pol,1979,4018616.24
pol,1980,4255630.99
pol,1981,3794496.84
pol,1982,3927846.42
pol,1983,3918342.38
pol,1984,4085730.65
pol,1985,4180729.14
pol,1986,4287618.14
pol,1987,4442194.8
pol,1988,4319898.37
pol,1989,4127807.99
pol,1990,3284146.85
pol,1991,3252804.47
pol,1992,3144747.35
pol,1993,3108552.46
pol,1994,2895071.72
pol,1995,2944308.48
pol,1996,3013754.94
pol,1997,2941038.59
pol,1998,2650051.81
pol,1999,2542438.49
pol,2000,2354811.23
pol,2001,2327069.49
pol,2002,2283015.99
pol,2003,2350423.47
pol,2004,2281355
pol,2005,2307683
pol,2006,2403302
pol,2007,2342412
pol,2008,2311857
pol,2009,2170349
pol,2010,2305883
pol,2011,2301184
pol,2012,2144870
pol,2013,2234960
pol,2014,2070175
pol,2015,2037770
pol,2016,2072410
pol,2017,2083965
pol,2018,2084804
pol,2019,1910427.1
prt,1965,24785.86
prt,1966,25288.27
prt,1967,25162.67
prt,1968,22650.59
prt,1969,21352.68
prt,1970,19552.36
prt,1971,18086.98
prt,1972,15993.58
prt,1973,23655.42
prt,1974,18380.05
prt,1975,17249.62
prt,1976,16747.2
prt,1977,15198.08
prt,1978,17919.5
prt,1979,18715
prt,1980,14653.8
prt,1981,16621.6
prt,1982,15323.69
prt,1983,16747.2
prt,1984,20724.66
prt,1985,32196.49
prt,1986,60708.6
prt,1987,79046.78
prt,1988,91146.64
prt,1989,101697.37
prt,1990,119240.06
prt,1991,124934.11
prt,1992,126483.23
prt,1993,137745.72
prt,1994,143481.64
prt,1995,175929.34
prt,1996,164122.56
prt,1997,149301.29
prt,1998,149259.42
prt,1999,155000.89
prt,2000,155424.11
prt,2001,132908.42
prt,2002,146533.9
prt,2003,140284.34
prt,2004,138791.21
prt,2005,139666.08
prt,2006,138292.77
prt,2007,120373.89
prt,2008,105340.77
prt,2009,119579.91
prt,2010,68982.85
prt,2011,92982.84
prt,2012,121864.98
prt,2013,110935.5
prt,2014,112166.72
prt,2015,136490.56
prt,2016,119156.33
prt,2017,135945.4
prt,2018,114006.56
prt,2019,57652.24
qat,1965,0
qat,1966,0
qat,1967,0
qat,1968,0
qat,1969,0
qat,1970,0
qat,1971,0
qat,1972,0
qat,1973,0
qat,1974,0
qat,1975,0
qat,1976,0
qat,1977,0
qat,1978,0
qat,1979,0
qat,1980,0
qat,1981,0
qat,1982,0
qat,1983,0
qat,1984,0
qat,1985,0
qat,1986,0
qat,1987,0
qat,1988,0
qat,1989,0
qat,1990,0
qat,1991,0
qat,1992,0
qat,1993,0
qat,1994,0
qat,1995,0
qat,1996,0
qat,1997,0
qat,1998,0
qat,1999,0
qat,2000,0
qat,2001,0
qat,2002,0
qat,2003,0
qat,2004,0
qat,2005,0
qat,2006,0
qat,2007,0
qat,2008,0
qat,2009,0
qat,2010,0
qat,2011,0
qat,2012,0
qat,2013,0
qat,2014,0
qat,2015,0
qat,2016,0
qat,2017,0
qat,2018,0
qat,2019,0
rou,1965,182528.83
rou,1966,196579.91
rou,1967,217836.66
rou,1968,238823.19
rou,1969,275977.47
rou,1970,299846.28
rou,1971,316689.55
rou,1972,331510.82
rou,1973,373295.09
rou,1974,392596.24
rou,1975,406998.83
rou,1976,413069.69
rou,1977,418261.32
rou,1978,469675.22
rou,1979,505849.18
rou,1980,517655.95
rou,1981,544116.53
rou,1982,519916.82
rou,1983,600680.2
rou,1984,599633.5
rou,1985,624754.3
rou,1986,632751.08
rou,1987,677507.98
rou,1988,733652.96
rou,1989,732815.6
rou,1990,525808.24
rou,1991,438879.8
rou,1992,432113.68
rou,1993,427398.8
rou,1994,428015.68
rou,1995,442347.1
rou,1996,442035.27
rou,1997,401687.2
rou,1998,338523.21
rou,1999,294283.14
rou,2000,307930.98
rou,2001,318451.23
rou,2002,342973.36
rou,2003,383822.88
rou,2004,377430.73
rou,2005,359935.8
rou,2006,407714.69
rou,2007,411151.3
rou,2008,395594.15
rou,2009,315401.82
rou,2010,294821.23
rou,2011,343674.15
rou,2012,316819.3
rou,2013,246079.97
rou,2014,243315.97
rou,2015,252322.48
rou,2016,224564.29
rou,2017,225036.31
rou,2018,214637.68
rou,2019,191566.11
rus,1985,8293986.03
rus,1986,8519259.51
rus,1987,8649231.07
rus,1988,8521566.84
rus,1989,8239922.17
rus,1990,7632768.3
rus,1991,6994479.73
rus,1992,6572543.57
rus,1993,5932331.11
rus,1994,5188410.56
rus,1995,4998044.4
rus,1996,4905493.21
rus,1997,4523213.59
rus,1998,4235222.54
rus,1999,4269573.46
rus,2000,4428204.26
rus,2001,4319668.89
rus,2002,4337782.06
rus,2003,4364688.61
rus,2004,4182306.94
rus,2005,3959649.49
rus,2006,4062105.63
rus,2007,3932076.72
rus,2008,4216874.38
rus,2009,3858296.33
rus,2010,3790863.62
rus,2011,3936303.76
rus,2012,4120883.02
rus,2013,3789765.76
rus,2014,3665618.76
rus,2015,3856880.16
rus,2016,3736719
rus,2017,3513981.24
rus,2018,3628280.88
rus,2019,3628824.17
sau,1965,0
sau,1966,0
sau,1967,0
sau,1968,0
sau,1969,0
sau,1970,0
sau,1971,0
sau,1972,0
sau,1973,0
sau,1974,0
sau,1975,0
sau,1976,0
sau,1977,0
sau,1978,0
sau,1979,0
sau,1980,0
sau,1981,0
sau,1982,0
sau,1983,0
sau,1984,0
sau,1985,0
sau,1986,0
sau,1987,0
sau,1988,0
sau,1989,0
sau,1990,0
sau,1991,0
sau,1992,0
sau,1993,0
sau,1994,0
sau,1995,0
sau,1996,0
sau,1997,0
sau,1998,0
sau,1999,0
sau,2000,0
sau,2001,330.36
sau,2002,519.13
sau,2003,660.71
sau,2004,589.92
sau,2005,1171.16
sau,2006,829.92
sau,2007,2322.63
sau,2008,2687.11
sau,2009,984.51
sau,2010,2829.71
sau,2011,2685.81
sau,2012,3090.5
sau,2013,4017.5
sau,2014,6944.78
sau,2015,5545.25
sau,2016,3704.7
sau,2017,4936.86
sau,2018,4281.77
sau,2019,4281.77
sgp,1965,167.47
sgp,1966,209.34
sgp,1967,125.6
sgp,1968,251.21
sgp,1969,125.6
sgp,1970,125.6
sgp,1971,166.22
sgp,1972,125.39
sgp,1973,181.79
sgp,1974,222.61
sgp,1975,53.42
sgp,1976,141.01
sgp,1977,181.79
sgp,1978,192.97
sgp,1979,28.22
sgp,1980,124.68
sgp,1981,192.97
sgp,1982,68.29
sgp,1983,136.57
sgp,1984,209.3
sgp,1985,474.99
sgp,1986,293.87
sgp,1987,491.28
sgp,1988,575.89
sgp,1989,519.5
sgp,1990,897.98
sgp,1991,531.39
sgp,1992,773.3
sgp,1993,857.88
sgp,1994,1027.11
sgp,1995,479.39
sgp,1996,11.89
sgp,1997,0
sgp,1998,0
sgp,1999,0
sgp,2000,0
sgp,2001,0
sgp,2002,281.98
sgp,2003,366.6
sgp,2004,289.52
sgp,2005,351.69
sgp,2006,209.34
sgp,2007,339.13
sgp,2008,205.15
sgp,2009,167.47
sgp,2010,326.57
sgp,2011,267.96
sgp,2012,1042.51
sgp,2013,11032.22
sgp,2014,16265.72
sgp,2015,17015.16
sgp,2016,17835.77
sgp,2017,37605.84
sgp,2018,19987.78
sgp,2019,26147.89
svk,1965,252830
svk,1966,256009.43
svk,1967,246863.12
svk,1968,259624.4
svk,1969,273082.53
svk,1970,275303.78
svk,1971,288805.46
svk,1972,293955.23
svk,1973,285832.84
svk,1974,284869.87
svk,1975,283655.7
svk,1976,281143.62
svk,1977,288763.6
svk,1978,302789.38
svk,1979,297807.08
svk,1980,338963.33
svk,1981,329877.97
svk,1982,335781.36
svk,1983,336241.91
svk,1984,357678.32
svk,1985,354831.3
svk,1986,327742.7
svk,1987,344280.56
svk,1988,358808.76
svk,1989,346080.89
svk,1990,327873.96
svk,1991,291368.37
svk,1992,259592.03
svk,1993,256280.22
svk,1994,228580.48
svk,1995,227920.43
svk,1996,224222.69
svk,1997,210568.78
svk,1998,191755.19
svk,1999,190708.32
svk,2000,179114.28
svk,2001,185175.26
svk,2002,179365.69
svk,2003,194366.2
svk,2004,190644.81
svk,2005,176737.93
svk,2006,184315.25
svk,2007,165168.13
svk,2008,164718.76
svk,2009,160357.58
svk,2010,161233.54
svk,2011,152850.4
svk,2012,144149.64
svk,2013,143284.14
svk,2014,140722.41
svk,2015,135657.93
svk,2016,133895.12
svk,2017,139915.61
svk,2018,138867.99
svk,2019,114193.62
svn,1990,65883.48
svn,1991,60151.76
svn,1992,62659.65
svn,1993,59724.7
svn,1994,55630.01
svn,1995,57706.66
svn,1996,53256.1
svn,1997,59046.44
svn,1998,59795.88
svn,1999,54700.54
svn,2000,56835.98
svn,2001,60258.14
svn,2002,65640.44
svn,2003,62284.8
svn,2004,63324.76
svn,2005,63542.9
svn,2006,64794.21
svn,2007,65864.02
svn,2008,63457.49
svn,2009,58918.16
svn,2010,60109.93
svn,2011,60937.58
svn,2012,57859.65
svn,2013,55888.97
svn,2014,44111.04
svn,2015,44577.49
svn,2016,47647.88
svn,2017,47500.25
svn,2018,46196.02
svn,2019,43059.69
swe,1965,93337.38
swe,1966,89065.5
swe,1967,88404.41
swe,1968,77235.53
swe,1969,75416.74
swe,1970,79668.52
swe,1971,71817.69
swe,1972,61702.67
swe,1973,68202.76
swe,1974,75348.08
swe,1975,81270.85
swe,1976,78016.83
swe,1977,61927.08
swe,1978,63525.77
swe,1979,75047.85
swe,1980,71528.3
swe,1981,61507.02
swe,1982,68434.59
swe,1983,85762.62
swe,1984,103488.82
swe,1985,121828.97
swe,1986,129884.75
swe,1987,128244.82
swe,1988,125897.79
swe,1989,118702.23
swe,1990,124045.63
swe,1991,121091.43
swe,1992,112755.13
swe,1993,114801.8
swe,1994,116512.07
swe,1995,116511.07
swe,1996,129032.53
swe,1997,110253.52
swe,1998,111000.02
swe,1999,106103.52
swe,2000,107416.58
swe,2001,116402.17
swe,2002,125000.64
swe,2003,122555.8
swe,2004,126089.25
swe,2005,115254.44
swe,2006,127259.46
swe,2007,118576.16
swe,2008,118610.08
swe,2009,83618.85
swe,2010,115310.63
swe,2011,102964.72
swe,2012,88303
swe,2013,90134.94
swe,2014,84547.49
swe,2015,84485.98
swe,2016,82902.95
swe,2017,82691.85
swe,2018,82916.81
swe,2019,84711.12
tha,1965,1884.06
tha,1966,2721.42
tha,1967,4856.69
tha,1968,5359.1
tha,1969,5694.05
tha,1970,6070.86
tha,1971,4783.42
tha,1972,3759.83
tha,1973,4025.48
tha,1974,6036.32
tha,1975,5769.79
tha,1976,6692.39
tha,1977,6436.87
tha,1978,8289.65
tha,1979,17430.82
tha,1980,18847.63
tha,1981,20965.19
tha,1982,27329.46
tha,1983,26240.52
tha,1984,33041.64
tha,1985,66366.06
tha,1986,65113.56
tha,1987,94011.58
tha,1988,96862.46
tha,1989,117976.65
tha,1990,163263.67
tha,1991,191211.39
tha,1992,204647.83
tha,1993,227948.9
tha,1994,263579.84
tha,1995,300683.8
tha,1996,365842.12
tha,1997,377293.87
tha,1998,302705.04
tha,1999,321827.27
tha,2000,330105.23
tha,2001,367479.52
tha,2002,392190.85
tha,2003,400579.89
tha,2004,448822.39
tha,2005,485143.68
tha,2006,517746.46
tha,2007,581861.62
tha,2008,627513.62
tha,2009,629622.13
tha,2010,646145.06
tha,2011,657067.97
tha,2012,689622.1
tha,2013,678726.99
tha,2014,748333.49
tha,2015,734665.45
tha,2016,748909.03
tha,2017,751884.16
tha,2018,801611.19
tha,2019,713991.08
tkm,1985,13481.5
tkm,1986,13481.5
tkm,1987,13481.5
tkm,1988,11555.57
tkm,1989,13481.5
tkm,1990,15407.42
tkm,1991,13481.5
tkm,1992,5777.78
tkm,1993,0
tkm,1994,209.34
tkm,1995,209.34
tkm,1996,1925.93
tkm,1997,0
tkm,1998,0
tkm,1999,0
tkm,2000,0
tkm,2001,0
tkm,2002,0
tkm,2003,0
tkm,2004,0
tkm,2005,0
tkm,2006,0
tkm,2007,0
tkm,2008,0
tkm,2009,0
tkm,2010,0
tkm,2011,0
tkm,2012,0
tkm,2013,0
tkm,2014,0
tkm,2015,0
tkm,2016,0
tkm,2017,0
tkm,2018,0
tkm,2019,0
tto,1965,0
tto,1966,0
tto,1967,0
tto,1968,0
tto,1969,0
tto,1970,0
tto,1971,0
tto,1972,0
tto,1973,0
tto,1974,0
tto,1975,0
tto,1976,0
tto,1977,0
tto,1978,0
tto,1979,0
tto,1980,0
tto,1981,0
tto,1982,0
tto,1983,0
tto,1984,0
tto,1985,0
tto,1986,0
tto,1987,0
tto,1988,0
tto,1989,0
tto,1990,0
tto,1991,0
tto,1992,0
tto,1993,0
tto,1994,0
tto,1995,0
tto,1996,0
tto,1997,0
tto,1998,0
tto,1999,0
tto,2000,0
tto,2001,0
tto,2002,0
tto,2003,0
tto,2004,0
tto,2005,0
tto,2006,0
tto,2007,0
tto,2008,0
tto,2009,0
tto,2010,0
tto,2011,0
tto,2012,0
tto,2013,0
tto,2014,0
tto,2015,0
tto,2016,0
tto,2017,0
tto,2018,0
tto,2019,0
tur,1965,153655.56
tur,1966,170988.91
tur,1967,151562.16
tur,1968,164750.58
tur,1969,175008.24
tur,1970,193848.84
tur,1971,199291.68
tur,1972,213861.74
tur,1973,218592.83
tur,1974,238396.39
tur,1975,247565.48
tur,1976,259707.2
tur,1977,267578.39
tur,1978,271472.11
tur,1979,278212.86
tur,1980,294499.51
tur,1981,300612.24
tur,1982,337581.68
tur,1983,371452.9
tur,1984,417382.09
tur,1985,499610.84
tur,1986,549810.58
tur,1987,580457.95
tur,1988,561198.67
tur,1989,632416.14
tur,1990,671478.98
tur,1991,717324.44
tur,1992,714728.63
tur,1993,661346.93
tur,1994,663314.72
tur,1995,692412.98
tur,1996,778870.4
tur,1997,870100.78
tur,1998,902757.82
tur,1999,838783.51
tur,2000,940397.15
tur,2001,772590.2
tur,2002,806921.96
tur,2003,871524.29
tur,2004,924696.65
tur,2005,927669.28
tur,2006,1095601.82
tur,2007,1233598.75
tur,2008,1239125.33
tur,2009,1293637.46
tur,2010,1316246.18
tur,2011,1418437.6
tur,2012,1527972.66
tur,2013,1321529.92
tur,2014,1512523.37
tur,2015,1454493.86
tur,2016,1610136.64
tur,2017,1652082.57
tur,2018,1710792.9
tur,2019,1696463.03
twn,1965,124975.98
twn,1966,124306.09
twn,1967,126148.28
twn,1968,127153.12
twn,1969,116727.98
twn,1970,114048.43
twn,1971,101278.69
twn,1972,96463.87
twn,1973,86331.82
twn,1974,87880.93
twn,1975,80135.35
twn,1976,84866.44
twn,1977,97175.63
twn,1978,107223.95
twn,1979,135359.24
twn,1980,160145.1
twn,1981,147794.04
twn,1982,169679.7
twn,1983,229048.15
twn,1984,265732.47
twn,1985,281496.57
twn,1986,342700.3
twn,1987,370780.2
twn,1988,429683.12
twn,1989,449644.32
twn,1990,443534.9
twn,1991,485076.66
twn,1992,560458.91
twn,1993,624997.72
twn,1994,651311.71
twn,1995,672259.36
twn,1996,760183.5
twn,1997,870355.54
twn,1998,944811
twn,1999,1151186.16
twn,2000,1151186.16
twn,2001,1209740.23
twn,2002,1313644.59
twn,2003,1418905.08
twn,2004,1460759.13
twn,2005,1510936.75
twn,2006,1581886.66
twn,2007,1644824.09
twn,2008,1573123.36
twn,2009,1507137.46
twn,2010,1595986.6
twn,2011,1670209.92
twn,2012,1646161.75
twn,2013,1691226.55
twn,2014,1708111.08
twn,2015,1641464.62
twn,2016,1666097.83
twn,2017,1701216.97
twn,2018,1698317.38
twn,2019,1630499.84
ukr,1985,3556484.03
ukr,1986,3530820.89
ukr,1987,3498741.96
ukr,1988,3299852.59
ukr,1989,3009003.63
ukr,1990,3477356.01
ukr,1991,3086607.66
ukr,1992,3038303.54
ukr,1993,2706097.54
ukr,1994,2159796.12
ukr,1995,2135249.24
ukr,1996,1606698.6
ukr,1997,1567542.12
ukr,1998,1606442.32
ukr,1999,1588977.91
ukr,2000,1613813
ukr,2001,1571224.71
ukr,2002,1581112.58
ukr,2003,1624891.54
ukr,2004,1543860.34
ukr,2005,1561553.91
ukr,2006,1678999.45
ukr,2007,1785963.28
ukr,2008,1749998.66
ukr,2009,1501805.16
ukr,2010,1601492.87
ukr,2011,1737103.32
ukr,2012,1788517.22
ukr,2013,1734465.64
ukr,2014,1489495.97
ukr,2015,1144838.59
ukr,2016,1358616.6
ukr,2017,1078394.08
ukr,2018,1154991.94
ukr,2019,1103228.17
usa,1965,11607278.83
usa,1966,12171046.24
usa,1967,11941188.08
usa,1968,12359075.29
usa,1969,12410055.43
usa,1970,12292773.94
usa,1971,11625122.84
usa,1972,12104730.86
usa,1973,13001364.12
usa,1974,12692041.37
usa,1975,12691949.16
usa,1976,13615351.92
usa,1977,13954166.44
usa,1978,13797277.95
usa,1979,15074223.07
usa,1980,15458328.65
usa,1981,15944161.99
usa,1982,15356867.52
usa,1983,15931047.85
usa,1984,17109936.67
usa,1985,17518681.87
usa,1986,17300156.75
usa,1987,18049925.54
usa,1988,18889716.19
usa,1989,19113680.81
usa,1990,19216790.73
usa,1991,19035408.96
usa,1992,19166511.2
usa,1993,19880829.54
usa,1994,19955315.69
usa,1995,20134992.54
usa,1996,21050282.67
usa,1997,21494801.07
usa,1998,21705618.48
usa,1999,21672342.02
usa,2000,22631530.01
usa,2001,21964737.87
usa,2002,21954435.2
usa,2003,22372334.44
usa,2004,22517935.99
usa,2005,22849044.81
usa,2006,22498857.16
usa,2007,22801859.38
usa,2008,22438996.61
usa,2009,19736555.03
usa,2010,20881949.88
usa,2011,19703057.06
usa,2012,17418257.12
usa,2013,18080177.05
usa,2014,18039081.63
usa,2015,15584679.98
usa,2016,14258668.11
usa,2017,13869333.51
usa,2018,13282051.07
usa,2019,11340643.17
ussr,1965,12453077.81
ussr,1966,12906788.57
ussr,1967,13106592.97
ussr,1968,12992293.33
ussr,1969,13178547.63
ussr,1970,13069417.29
ussr,1971,13333698.41
ussr,1972,13690883.97
ussr,1973,13853145.53
ussr,1974,13921154.37
ussr,1975,14317411.48
ussr,1976,14301909.96
ussr,1977,14558812.28
ussr,1978,14470706.24
ussr,1979,14575447.85
ussr,1980,14131764.88
ussr,1981,14042101.98
ussr,1982,14257177.43
ussr,1983,14293750.44
ussr,1984,14158843.95
uzb,1985,62299.05
uzb,1986,70527.23
uzb,1987,58772.69
uzb,1988,64649.96
uzb,1989,72878.14
uzb,1990,76404.5
uzb,1991,69916
uzb,1992,55011.24
uzb,1993,44749.53
uzb,1994,45196.2
uzb,1995,37345.44
uzb,1996,34889.99
uzb,1997,34662.89
uzb,1998,34758.44
uzb,1999,34746.42
uzb,2000,29698.13
uzb,2001,32253.47
uzb,2002,32785.46
uzb,2003,22913.46
uzb,2004,32028.29
uzb,2005,35579.46
uzb,2006,36817.32
uzb,2007,38626.6
uzb,2008,42452.36
uzb,2009,43102.29
uzb,2010,42814.74
uzb,2011,45717.22
uzb,2012,48696.69
uzb,2013,67974.27
uzb,2014,64700.65
uzb,2015,58366.87
uzb,2016,54608.16
uzb,2017,64395.92
uzb,2018,85047.59
uzb,2019,72696.05
ven,1965,837.36
ven,1966,879.23
ven,1967,921.1
ven,1968,962.96
ven,1969,1004.83
ven,1970,1004.83
ven,1971,5973.89
ven,1972,6293.64
ven,1973,11405.39
ven,1974,8541.83
ven,1975,10546.76
ven,1976,6917.77
ven,1977,10720.01
ven,1978,3302.55
ven,1979,6884.52
ven,1980,6557.32
ven,1981,6478.28
ven,1982,3697.49
ven,1983,5173.96
ven,1984,5660.47
ven,1985,7494.83
ven,1986,8334.16
ven,1987,10948.06
ven,1988,7958.23
ven,1989,21851.62
ven,1990,19375.92
ven,1991,0
ven,1992,152.82
ven,1993,1191.98
ven,1994,2322.88
ven,1995,213.95
ven,1996,672.4
ven,1997,1436.49
ven,1998,1497.62
ven,1999,1528.18
ven,2000,5532.1
ven,2001,2047.81
ven,2002,764.09
ven,2003,1803.3
ven,2004,0
ven,2005,1558.75
ven,2006,10361.2
ven,2007,5807.13
ven,2008,5898.87
ven,2009,9933.31
ven,2010,8343.96
ven,2011,8588.47
ven,2012,8832.98
ven,2013,8802.41
ven,2014,8252.27
ven,2015,5715.48
ven,2016,5165.3
ven,2017,5317.24
ven,2018,4814.82
ven,2019,3160.86
vnm,1965,37576.97
vnm,1966,39471.61
vnm,1967,43260.9
vnm,1968,47997.48
vnm,1969,51155.2
vnm,1970,54628.71
vnm,1971,59996.84
vnm,1972,45133.7
vnm,1973,64979.14
vnm,1974,77623.27
vnm,1975,107893.84
vnm,1976,101864.84
vnm,1977,111661.96
vnm,1978,107935.7
vnm,1979,111620.09
vnm,1980,95207.83
vnm,1981,106009.78
vnm,1982,117230.4
vnm,1983,117984.02
vnm,1984,118109.63
vnm,1985,117397.87
vnm,1986,129372.12
vnm,1987,144235.26
vnm,1988,135108.04
vnm,1989,108521.86
vnm,1990,93072.56
vnm,1991,89890.6
vnm,1992,90141.8
vnm,1993,87252.91
vnm,1994,96338.27
vnm,1995,129650.42
vnm,1996,144822.03
vnm,1997,186045.65
vnm,1998,199552.37
vnm,1999,149371.16
vnm,2000,196330.05
vnm,2001,214557.14
vnm,2002,245012.35
vnm,2003,285253.93
vnm,2004,373838.2
vnm,2005,391465.01
vnm,2006,239814.58
vnm,2007,262513.37
vnm,2008,497741.3
vnm,2009,467036.97
vnm,2010,609326.49
vnm,2011,726157.25
vnm,2012,673999.28
vnm,2013,719893.98
vnm,2014,869820.89
vnm,2015,1098444.19
vnm,2016,1188645.71
vnm,2017,1189055.39
vnm,2018,1589540.24
vnm,2019,2069962.76
zaf,1965,1032339.28
zaf,1966,1019276.46
zaf,1967,1048709.66
zaf,1968,1097737.09
zaf,1969,1108539.04
zaf,1970,1145173.54
zaf,1971,1224631.12
zaf,1972,1233304.74
zaf,1973,1313748.78
zaf,1974,1376226.48
zaf,1975,1468836.12
zaf,1976,1542198.4
zaf,1977,1597651.58
zaf,1978,1551711.74
zaf,1979,1655088.41
zaf,1980,1788235.42
zaf,1981,2119896.16
zaf,1982,2324113.93
zaf,1983,2360524.61
zaf,1984,2543531.89
zaf,1985,2612065.37
zaf,1986,2648396.36
zaf,1987,2694863.05
zaf,1988,2915738.14
zaf,1989,2721163.47
zaf,1990,2818431.64
zaf,1991,2767510.3
zaf,1992,2778063.8
zaf,1993,2789025.91
zaf,1994,2878668.08
zaf,1995,2986968.02
zaf,1996,3033026.36
zaf,1997,3099912.39
zaf,1998,3006821.07
zaf,1999,3141717.73
zaf,2000,3124675.33
zaf,2001,3135847.83
zaf,2002,2982953.2
zaf,2003,3315478.35
zaf,2004,3632784.65
zaf,2005,3348950.53
zaf,2006,3411100.49
zaf,2007,3502718.86
zaf,2008,3907809.14
zaf,2009,3928210.37
zaf,2010,3886330.31
zaf,2011,3789562.08
zaf,2012,3698582.06
zaf,2013,3699403.73
zaf,2014,3746590.76
zaf,2015,3515356.09
zaf,2016,3780194.57
zaf,2017,3718601.29
zaf,2018,3760496.37
zaf,2019,3813803.89
