geo,time,natural_gas_production_total
are,1965,0
are,1966,0
are,1967,15935.4
are,1968,21060
are,1969,20709
are,1970,29484
are,1971,46683
are,1972,48438
are,1973,60723
are,1974,63180
are,1975,58266
are,1976,68094
are,1977,118638
are,1978,140751
are,1979,153036
are,1980,172692
are,1981,217971
are,1982,228852
are,1983,208845
are,1984,287118
are,1985,355212
are,1986,431379
are,1987,492102
are,1988,497718
are,1989,606177
are,1990,593541
are,1991,714636
are,1992,658125
are,1993,689364
are,1994,797121
are,1995,870129
are,1996,952965
are,1997,1017900
are,1998,1066689
are,1999,1102842
are,2000,1103193
are,2001,1133028
are,2002,1279044
are,2003,1329588
are,2004,1411371
are,2005,1475955
are,2006,1521936
are,2007,1725776.44
are,2008,2086996.16
are,2009,2073170.62
are,2010,2133779.19
are,2011,2218901.18
are,2012,2301507
are,2013,2330986.62
are,2014,2283658.85
are,2015,2575736.31
are,2016,2618115.49
are,2017,2688305.59
are,2018,2677924.73
are,2019,2735660.97
arg,1965,148442.4
arg,1966,160765.92
arg,1967,168118.02
arg,1968,187198.47
arg,1969,186498.27
arg,1970,210760.2
arg,1971,227529.99
arg,1972,255327.93
arg,1973,290547.99
arg,1974,307527.84
arg,1975,315090
arg,1976,354651.3
arg,1977,370405.8
arg,1978,360252.9
arg,1979,370405.8
arg,1980,403665.3
arg,1981,421870.5
arg,1982,479286.9
arg,1983,515347.2
arg,1984,548606.7
arg,1985,560510.1
arg,1986,605673
arg,1987,606023.1
arg,1988,707902.2
arg,1989,743612.4
arg,1990,710352.9
arg,1991,723306.6
arg,1992,782123.4
arg,1993,825885.9
arg,1994,848992.5
arg,1995,944919.9
arg,1996,1084259.7
arg,1997,999185.4
arg,1998,1068155.1
arg,1999,1132923.6
arg,2000,1162682.1
arg,2001,1088460.9
arg,2002,1059752.7
arg,2003,1210645.8
arg,2004,1325128.5
arg,2005,1414404
arg,2006,1463418
arg,2007,1537639.2
arg,2008,1554794.1
arg,2009,1506080.1
arg,2010,1515147
arg,2011,1578232.39
arg,2012,1643911.54
arg,2013,1656996.8
arg,2014,1661579.25
arg,2015,1679492.46
arg,2016,1735560.4
arg,2017,1738801.03
arg,2018,1753352.63
arg,2019,1709661.42
aus,1965,106.11
aus,1966,141.48
aus,1967,141.48
aus,1968,1096.47
aus,1969,14855.4
aus,1970,62294.31
aus,1971,92976.05
aus,1972,133467.35
aus,1973,169447.68
aus,1974,193327.16
aus,1975,207611.89
aus,1976,245077.98
aus,1977,279966.38
aus,1978,301411.37
aus,1979,346950.66
aus,1980,398397.16
aus,1981,431799.8
aus,1982,421131.01
aus,1983,457469.35
aus,1984,451142.15
aus,1985,482229.44
aus,1986,526785.41
aus,1987,537820.53
aus,1988,550776.22
aus,1989,600752.31
aus,1990,603934.12
aus,1991,578955.63
aus,1992,598930.45
aus,1993,620976.36
aus,1994,689639.64
aus,1995,696296.49
aus,1996,701375.88
aus,1997,688698.18
aus,1998,709031.54
aus,1999,726265.93
aus,2000,739982.86
aus,2001,798095.49
aus,2002,821333.41
aus,2003,827794.41
aus,2004,844329.63
aus,2005,837323.36
aus,2006,933950.27
aus,2007,1044713.36
aus,2008,1027258.49
aus,2009,1048911.63
aus,2010,1216210.52
aus,2011,1270190.93
aus,2012,1274064.46
aus,2013,1338245.37
aus,2014,1443597.02
aus,2015,1515850.92
aus,2016,1502138.6
aus,2017,1484720.59
aus,2018,1491384
aus,2019,1934650.22
aut,1965,63103.13
aut,1966,67755.72
aut,1967,64914.06
aut,1968,69224.29
aut,1969,83984.96
aut,1970,101872.81
aut,1971,117023.93
aut,1972,126467.11
aut,1973,139000.32
aut,1974,150667.09
aut,1975,150485.83
aut,1976,171396.41
aut,1977,174673.22
aut,1978,181685.66
aut,1979,180145.32
aut,1980,173066.32
aut,1981,164966.75
aut,1982,159678.95
aut,1983,162925.41
aut,1984,181403.6
aut,1985,194369.78
aut,1986,188716.55
aut,1987,196868.8
aut,1988,188586.11
aut,1989,202535.35
aut,1990,222965.65
aut,1991,236391.09
aut,1992,232136.04
aut,1993,244124.83
aut,1994,251105.38
aut,1995,274165.78
aut,1996,291819.17
aut,1997,281252.58
aut,1998,288746.25
aut,1999,294939.46
aut,2000,281538.55
aut,2001,298375.06
aut,2002,293347.33
aut,2003,322666.99
aut,2004,325772.42
aut,2005,342997.43
aut,2006,322315.23
aut,2007,304952.24
aut,2008,326467.98
aut,2009,317948.9
aut,2010,346061.24
aut,2011,325505.04
aut,2012,310469.1
aut,2013,295216.6
aut,2014,270395.12
aut,2015,286851.42
aut,2016,300318.85
aut,2017,326514.74
aut,2018,312729.08
aut,2019,320415.88
aze,1985,477358.99
aze,1986,530391.08
aze,1987,523845.42
aze,1988,517299.77
aze,1989,543499.94
aze,1990,554292.37
aze,1991,530391.08
aze,1992,412499.1
aze,1993,304487.02
aze,1994,284832.5
aze,1995,281550.9
aze,1996,206267.1
aze,1997,196439.84
aze,1998,183313.43
aze,1999,196439.84
aze,2000,189876.64
aze,2001,272355.4
aze,2002,273127.54
aze,2003,280076.81
aze,2004,328420.49
aze,2005,339235.78
aze,2006,358617.62
aze,2007,315749.12
aze,2008,361244.7
aze,2009,308453.27
aze,2010,293215.5
aze,2011,321124.64
aze,2012,337012.04
aze,2013,338507.62
aze,2014,354760.06
aze,2015,401275.89
aze,2016,393503.31
aze,2017,382197.78
aze,2018,389369.25
aze,2019,424412.48
bel,1965,2646
bel,1966,4775.4
bel,1967,18199.8
bel,1968,44276.4
bel,1969,91206
bel,1970,143106.3
bel,1971,197333.1
bel,1972,248808.6
bel,1973,299060.1
bel,1974,350484.3
bel,1975,346301.1
bel,1976,365801.4
bel,1977,359890.2
bel,1978,356848.2
bel,1979,389898.9
bel,1980,373073.4
bel,1981,344089.8
bel,1982,286870.5
bel,1983,298111.5
bel,1984,307621.8
bel,1985,309110.4
bel,1986,277542
bel,1987,306059.4
bel,1988,302061.6
bel,1989,335679.3
bel,1990,344514.6
bel,1991,367480.8
bel,1992,378724.5
bel,1993,396334.8
bel,1994,405273.6
bel,1995,448291.8
bel,1996,498314.7
bel,1997,475361.1
bel,1998,520718.4
bel,1999,556056.9
bel,2000,558945.9
bel,2001,552153.6
bel,2002,569970.9
bel,2003,607196.7
bel,2004,618768
bel,2005,608165.1
bel,2006,626000.4
bel,2007,630684.9
bel,2008,626452.2
bel,2009,632666.37
bel,2010,698544
bel,2011,594864
bel,2012,602640
bel,2013,595188
bel,2014,520668
bel,2015,570596.4
bel,2016,582811.2
bel,2017,590814
bel,2018,607467.6
bel,2019,625806
bgd,1965,0
bgd,1966,0
bgd,1967,0
bgd,1968,0
bgd,1969,0
bgd,1970,0
bgd,1971,0
bgd,1972,15826.1
bgd,1973,21896.96
bgd,1974,24074.1
bgd,1975,24199.7
bgd,1976,31861.55
bgd,1977,35545.93
bgd,1978,39230.32
bgd,1979,45133.7
bgd,1980,50827.75
bgd,1981,49009.88
bgd,1982,63629.45
bgd,1983,70801.87
bgd,1984,81722.39
bgd,1985,92809.71
bgd,1986,104652.54
bgd,1987,122961.33
bgd,1988,144723.88
bgd,1989,152995.22
bgd,1990,164671.25
bgd,1991,169586.95
bgd,1992,184932.59
bgd,1993,207009.11
bgd,1994,219548.58
bgd,1995,242724.02
bgd,1996,260512.8
bgd,1997,256077.87
bgd,1998,276712.06
bgd,1999,301692.87
bgd,2000,326094.79
bgd,2001,365155.52
bgd,2002,384160.96
bgd,2003,413223.47
bgd,2004,444248.35
bgd,2005,477480.88
bgd,2006,517081.26
bgd,2007,552109.34
bgd,2008,589551.13
bgd,2009,674882.58
bgd,2010,693134.18
bgd,2011,704957.38
bgd,2012,768106.05
bgd,2013,790300.32
bgd,2014,828801.78
bgd,2015,930746.26
bgd,2016,952234.08
bgd,2017,957336.21
bgd,2018,987444.05
bgd,2019,1236814.87
bgr,1965,2025.81
bgr,1966,3022.11
bgr,1967,9199.17
bgr,1968,14081.04
bgr,1969,14645.61
bgr,1970,13217.58
bgr,1971,10355.4
bgr,1972,6976.8
bgr,1973,7029
bgr,1974,15316.2
bgr,1975,40675.5
bgr,1976,71138.7
bgr,1977,90775.8
bgr,1978,96840.9
bgr,1979,103606.2
bgr,1980,133169.4
bgr,1981,144861.3
bgr,1982,160300.8
bgr,1983,168442.2
bgr,1984,177102
bgr,1985,193168.8
bgr,1986,191827.8
bgr,1987,213922.8
bgr,1988,207808.2
bgr,1989,213923.7
bgr,1990,226863
bgr,1991,191590.2
bgr,1992,169636.5
bgr,1993,157844.7
bgr,1994,157905.9
bgr,1995,190581.3
bgr,1996,194703.3
bgr,1997,155330.1
bgr,1998,129965.4
bgr,1999,112602.6
bgr,2000,122645.7
bgr,2001,103101.3
bgr,2002,91414.8
bgr,2003,96598.8
bgr,2004,94315.5
bgr,2005,117590.4
bgr,2006,121165.2
bgr,2007,122108.4
bgr,2008,122116.5
bgr,2009,87349.5
bgr,2010,96201.9
bgr,2011,110140.2
bgr,2012,102644.1
bgr,2013,99158.4
bgr,2014,98501.4
bgr,2015,108012.6
bgr,2016,112501.8
bgr,2017,115691.4
bgr,2018,108825.3
bgr,2019,101911.5
blr,1985,311514.62
blr,1986,317479.36
blr,1987,358356.39
blr,1988,414937.2
blr,1989,436976.42
blr,1990,465570.12
blr,1991,487255.5
blr,1992,565841.84
blr,1993,524998.51
blr,1994,458948.25
blr,1995,414937.2
blr,1996,436976.42
blr,1997,499825.27
blr,1998,506127.01
blr,1999,515562.76
blr,2000,546970.34
blr,2001,543836.32
blr,2002,559540.11
blr,2003,550104.35
blr,2004,667237.28
blr,2005,684095.82
blr,2006,698211.96
blr,2007,700975.29
blr,2008,717892.25
blr,2009,609551.33
blr,2010,746221.06
blr,2011,692142.65
blr,2012,698763.54
blr,2013,693729.98
blr,2014,688371.82
blr,2015,644360.78
blr,2016,640350.58
blr,2017,655515.19
blr,2018,695313.84
blr,2019,693485.41
bra,1965,1848.32
bra,1966,2161.45
bra,1967,2443.38
bra,1968,2582.24
bra,1969,2721.47
bra,1970,2919.64
bra,1971,4598.44
bra,1972,6313.73
bra,1973,7226.12
bra,1974,13904.81
bra,1975,15109.16
bra,1976,17408.38
bra,1977,21714.86
bra,1978,28576.02
bra,1979,31313.19
bra,1980,36605.04
bra,1981,32846
bra,1982,46933.29
bra,1983,63465.77
bra,1984,73867.01
bra,1985,92662.22
bra,1986,107953.86
bra,1987,120508.33
bra,1988,121311.23
bra,1989,124376.86
bra,1990,113238.49
bra,1991,117722.19
bra,1992,133358.38
bra,1993,156220.66
bra,1994,170610.13
bra,1995,188297.81
bra,1996,207458.96
bra,1997,225449.7
bra,1998,236273.48
bra,1999,280369.64
bra,2000,349362.19
bra,2001,442302.98
bra,2002,522585.07
bra,2003,584902.51
bra,2004,695609.41
bra,2005,724576.16
bra,2006,762112.14
bra,2007,784858.91
bra,2008,923791.88
bra,2009,744070.1
bra,2010,992764.05
bra,2011,989403.3
bra,2012,1172755.2
bra,2013,1381779.82
bra,2014,1463597.07
bra,2015,1545715.47
bra,2016,1335163.77
bra,2017,1354753.02
bra,2018,1292068.72
bra,2019,1289141.92
can,1965,780063.21
can,1966,854009.59
can,1967,906901.92
can,1968,1009874.79
can,1969,1128586.77
can,1970,1246818.69
can,1971,1330794.9
can,1972,1496861.37
can,1973,1591844.67
can,1974,1609126.83
can,1975,1661693.4
can,1976,1676438.1
can,1977,1758391.2
can,1978,1775193.3
can,1979,1802282.4
can,1980,1790966.7
can,1981,1737817.2
can,1982,1840344.3
can,1983,1754962.2
can,1984,1948014.9
can,1985,2043361.67
can,1986,1966514.35
can,1987,1990328.76
can,1988,2190510.35
can,1989,2368012.54
can,1990,2295376.03
can,1991,2311238.58
can,1992,2449993.07
can,1993,2599494.04
can,1994,2691103.2
can,1995,2781068.4
can,1996,2828096.1
can,1997,2883803.4
can,1998,2835261.9
can,1999,3030890.4
can,2000,3211946.1
can,2001,3025519.2
can,2002,3148794.9
can,2003,3232252.8
can,2004,3161511.9
can,2005,3115643.4
can,2006,3068899.2
can,2007,3272504.4
can,2008,3216105.9
can,2009,3116381.4
can,2010,3178112.4
can,2011,3511123.2
can,2012,3499557.3
can,2013,3753497.7
can,2014,3945339
can,2015,3951109.8
can,2016,3822708.6
can,2017,3935585.7
can,2018,4258056.6
can,2019,4331248.84
che,1965,0
che,1966,0
che,1967,0
che,1968,0
che,1969,9
che,1970,1386
che,1971,3348
che,1972,4248
che,1973,5751
che,1974,12114
che,1975,19512
che,1976,20367
che,1977,23256
che,1978,25515
che,1979,28620
che,1980,32652
che,1981,35226
che,1982,37206
che,1983,40905
che,1984,45621
che,1985,47763
che,1986,48915
che,1987,52443
che,1988,52812
che,1989,57438
che,1990,61479
che,1991,69012
che,1992,72540
che,1993,76104
che,1994,75069
che,1995,82728
che,1996,89550
che,1997,86454
che,1998,88992
che,1999,102450
che,2000,101880
che,2001,106040
che,2002,104080
che,2003,110010
che,2004,113490
che,2005,116510
che,2006,113290
che,2007,110310
che,2008,117530
che,2009,112810
che,2010,126010
che,2011,111770
che,2012,122520
che,2013,129030
che,2014,111770
che,2015,119420
che,2016,125460
che,2017,125990
che,2018,119510
che,2019,122394.21
chl,1965,22240.08
chl,1966,23225.4
chl,1967,20586.15
chl,1968,17595
chl,1969,23155.02
chl,1970,23119.83
chl,1971,23577.3
chl,1972,21465.9
chl,1973,16856.01
chl,1974,17559.81
chl,1975,19917.54
chl,1976,21747.42
chl,1977,22380.84
chl,1978,20902.86
chl,1979,24738.57
chl,1980,25336.8
chl,1981,24949.71
chl,1982,25829.46
chl,1983,27870.48
chl,1984,28503.9
chl,1985,28468.71
chl,1986,26040.6
chl,1987,25266.42
chl,1988,35506.71
chl,1989,55389.06
chl,1990,59471.1
chl,1991,70040.98
chl,1992,78343.4
chl,1993,81122.53
chl,1994,78242.92
chl,1995,74977.21
chl,1996,76199.76
chl,1997,103677.73
chl,1998,143176
chl,1999,195582.18
chl,2000,252505.91
chl,2001,286205.46
chl,2002,288637.99
chl,2003,312259.92
chl,2004,338940.65
chl,2005,327879.28
chl,2006,303420.59
chl,2007,178851.72
chl,2008,99545.36
chl,2009,100617.18
chl,2010,206631.14
chl,2011,210114.56
chl,2012,190830.16
chl,2013,191253.02
chl,2014,158361.52
chl,2015,173674.28
chl,2016,212986.83
chl,2017,202125.49
chl,2018,230893.54
chl,2019,233328.33
chn,1965,39911.5
chn,1966,48619.47
chn,1967,52973.45
chn,1968,50796.46
chn,1969,71115.04
chn,1970,104132.74
chn,1971,135699.12
chn,1972,175610.62
chn,1973,216973.45
chn,1974,273212.39
chn,1975,321106.19
chn,1976,366460.18
chn,1977,439752.21
chn,1978,498168.14
chn,1979,526469.03
chn,1980,517761.06
chn,1981,462247.79
chn,1982,432858.41
chn,1983,443017.7
chn,1984,451000
chn,1985,469141.59
chn,1986,499256.64
chn,1987,503973.45
chn,1988,517398.23
chn,1989,546025.66
chn,1990,555060.18
chn,1991,562026.55
chn,1992,572911.5
chn,1993,608287.61
chn,1994,637096.46
chn,1995,643663.72
chn,1996,674504.42
chn,1997,712746.9
chn,1998,734988.5
chn,1999,779870.8
chn,2000,889046.9
chn,2001,995247.79
chn,2002,1058888.5
chn,2003,1230290.27
chn,2004,1439422.92
chn,2005,1691103.89
chn,2006,2080215.25
chn,2007,2558804.36
chn,2008,2949584.61
chn,2009,3248065.08
chn,2010,3919465.98
chn,2011,4865863.4
chn,2012,5431592.96
chn,2013,6187627.51
chn,2014,6781072.88
chn,2015,7008823.01
chn,2016,7539879.2
chn,2017,8655781.32
chn,2018,10187854.61
chn,2019,11064010.11
col,1965,32224.5
col,1966,33610.5
col,1967,41580
col,1968,42376.95
col,1969,46275.07
col,1970,44975.7
col,1971,46816.2
col,1972,57186.9
col,1973,59256
col,1974,61652.7
col,1975,58112.1
col,1976,61936.2
col,1977,69317.1
col,1978,85862.7
col,1979,92597.4
col,1980,102137.4
col,1981,110284.2
col,1982,118912.5
col,1983,131615.1
col,1984,130700.7
col,1985,131156.1
col,1986,133454.7
col,1987,135490.5
col,1988,136001.7
col,1989,129812.4
col,1990,134710.2
col,1991,138897
col,1992,136676.7
col,1993,141900.3
col,1994,140387.4
col,1995,149301
col,1996,162369.9
col,1997,204264
col,1998,237190.5
col,1999,204872.4
col,2000,206489.06
col,2001,213803.75
col,2002,215952.53
col,2003,206999.28
col,2004,220853.52
col,2005,232068.39
col,2006,243528.56
col,2007,257818.83
col,2008,261904.12
col,2009,301655.51
col,2010,314824.96
col,2011,306538.97
col,2012,340772.32
col,2013,377181.2
col,2014,409826.23
col,2015,403622.26
col,2016,435476.24
col,2017,445176.11
col,2018,475564.23
col,2019,484071.97
cyp,1965,0
cyp,1966,0
cyp,1967,0
cyp,1968,0
cyp,1969,0
cyp,1970,0
cyp,1971,0
cyp,1972,0
cyp,1973,0
cyp,1974,0
cyp,1975,0
cyp,1976,0
cyp,1977,0
cyp,1978,0
cyp,1979,0
cyp,1980,0
cyp,1981,0
cyp,1982,0
cyp,1983,0
cyp,1984,0
cyp,1985,0
cyp,1986,0
cyp,1987,0
cyp,1988,0
cyp,1989,0
cyp,1990,0
cyp,1991,0
cyp,1992,0
cyp,1993,0
cyp,1994,0
cyp,1995,0
cyp,1996,0
cyp,1997,0
cyp,1998,0
cyp,1999,0
cyp,2000,0
cyp,2001,0
cyp,2002,0
cyp,2003,0
cyp,2004,0
cyp,2005,0
cyp,2006,0
cyp,2007,0
cyp,2008,0
cyp,2009,0
cyp,2010,0
cyp,2011,0
cyp,2012,0
cyp,2013,0
cyp,2014,0
cyp,2015,0
cyp,2016,0
cyp,2017,0
cyp,2018,0
cyp,2019,0
cze,1965,15445.8
cze,1966,16164.9
cze,1967,19417.5
cze,1968,23944.5
cze,1969,26258.4
cze,1970,28845
cze,1971,35838
cze,1972,38917.8
cze,1973,42741
cze,1974,52110.9
cze,1975,59659.2
cze,1976,65866.5
cze,1977,74854.8
cze,1978,83876.4
cze,1979,94106.7
cze,1980,108400.5
cze,1981,108747
cze,1982,115191.9
cze,1983,135150.3
cze,1984,143856.9
cze,1985,176628.6
cze,1986,186645.6
cze,1987,203601.6
cze,1988,204898.5
cze,1989,211455.9
cze,1990,219710.7
cze,1991,212003.1
cze,1992,242821.8
cze,1993,248154.3
cze,1994,242387.1
cze,1995,274302.9
cze,1996,315673.2
cze,1997,321079.5
cze,1998,321768.9
cze,1999,323497.8
cze,2000,314016.3
cze,2001,336290.4
cze,2002,324981
cze,2003,328337.1
cze,2004,326063.7
cze,2005,322527.6
cze,2006,317925.9
cze,2007,303067.8
cze,2008,300341.7
cze,2009,284880.6
cze,2010,337855.5
cze,2011,285085.8
cze,2012,287051.4
cze,2013,290832.3
cze,2014,258832.8
cze,2015,271420.2
cze,2016,293759.1
cze,2017,301491.9
cze,2018,287381.7
cze,2019,299698.2
deu,1965,111512.43
deu,1966,134027.72
deu,1967,172759.13
deu,1968,283931.06
deu,1969,404338.95
deu,1970,575055.1
deu,1971,759689.04
deu,1972,983607.69
deu,1973,1268389.99
deu,1974,1586753.71
deu,1975,1674516.54
deu,1976,1772238.88
deu,1977,1882048.82
deu,1978,2017523.65
deu,1979,2230120.81
deu,1980,2198624.94
deu,1981,2102179.46
deu,1982,1950701.32
deu,1983,2028036.47
deu,1984,2117884.84
deu,1985,2093369.13
deu,1986,2087282.76
deu,1987,2263021.24
deu,1988,2227865.03
deu,1989,2280088.6
deu,1990,2292780
deu,1991,2409094
deu,1992,2381857
deu,1993,2520408
deu,1994,2566538
deu,1995,2798545
deu,1996,3131676
deu,1997,2991721
deu,1998,3019141
deu,1999,3010287
deu,2000,2985285
deu,2001,3148135
deu,2002,3143260
deu,2003,3181391
deu,2004,3197558
deu,2005,3250117.77
deu,2006,3312248.27
deu,2007,3190903.05
deu,2008,3222022.69
deu,2009,3039484.38
deu,2010,3170565
deu,2011,2910986
deu,2012,2919962
deu,2013,3059076
deu,2014,2660221
deu,2015,2770330
deu,2016,3055851
deu,2017,3158585
deu,2018,3090626
deu,2019,3191646.46
dnk,1965,0
dnk,1966,0
dnk,1967,0
dnk,1968,0
dnk,1969,0
dnk,1970,0
dnk,1971,0
dnk,1972,0
dnk,1973,0
dnk,1974,0
dnk,1975,0
dnk,1976,0
dnk,1977,0
dnk,1978,0
dnk,1979,0
dnk,1980,0
dnk,1981,0
dnk,1982,0
dnk,1983,525.42
dnk,1984,4240.89
dnk,1985,24169.32
dnk,1986,43084.44
dnk,1987,54681.21
dnk,1988,66690.81
dnk,1989,71081.82
dnk,1990,75773.07
dnk,1991,87464.93
dnk,1992,91966.36
dnk,1993,103346.35
dnk,1994,115480.96
dnk,1995,133719.13
dnk,1996,157517.8
dnk,1997,164588.08
dnk,1998,177472.74
dnk,1999,186097.23
dnk,2000,183669.66
dnk,2001,191933.53
dnk,2002,193744.64
dnk,2003,195873.04
dnk,2004,194941.06
dnk,2005,187220.1
dnk,2006,190738.47
dnk,2007,170962.61
dnk,2008,171777.96
dnk,2009,164980.52
dnk,2010,186623.23
dnk,2011,156505.12
dnk,2012,146170.41
dnk,2013,137872.17
dnk,2014,118419.78
dnk,2015,119133.09
dnk,2016,121149.12
dnk,2017,116385.11
dnk,2018,113045.66
dnk,2019,105098.21
dza,1965,26749.8
dza,1966,27789.3
dza,1967,26957.7
dza,1968,28343.7
dza,1969,37266.08
dza,1970,35031.15
dza,1971,39778.2
dza,1972,46188.45
dza,1973,64293.08
dza,1974,74428.2
dza,1975,102564
dza,1976,121275
dza,1977,129244.5
dza,1978,207553.5
dza,1979,293485.5
dza,1980,393970.5
dza,1981,512127
dza,1982,581080.5
dza,1983,636174
dza,1984,558904.5
dza,1985,553707
dza,1986,606375
dza,1987,620235
dza,1988,698890.5
dza,1989,657657
dza,1990,702355.5
dza,1991,693693
dza,1992,716215.5
dza,1993,642757.5
dza,1994,677407.5
dza,1995,727996.5
dza,1996,747747
dza,1997,698544
dza,1998,722452.5
dza,1999,738391.5
dza,2000,687646.58
dza,2001,710359.65
dza,2002,701419.95
dza,2003,741354.07
dza,2004,762837.07
dza,2005,804815.55
dza,2006,822591
dza,2007,841704.53
dza,2008,878550.75
dza,2009,943623.45
dza,2010,911780.1
dza,2011,964690.65
dza,2012,1075466.7
dza,2013,1156374.45
dza,2014,1299305.7
dza,2015,1365210
dza,2016,1389465
dza,2017,1420650
dza,2018,1562715
dza,2019,1628550
ecu,1965,0
ecu,1966,0
ecu,1967,0
ecu,1968,0
ecu,1969,0
ecu,1970,2512.08
ecu,1971,2512.08
ecu,1972,3642.52
ecu,1973,2093.4
ecu,1974,4186.8
ecu,1975,5233.5
ecu,1976,4772.95
ecu,1977,3056.36
ecu,1978,3140.1
ecu,1979,2260.87
ecu,1980,1758.46
ecu,1981,2847.02
ecu,1982,3684.38
ecu,1983,4563.61
ecu,1984,6573.28
ecu,1985,6698.88
ecu,1986,6657.01
ecu,1987,6196.46
ecu,1988,7243.16
ecu,1989,5735.92
ecu,1990,9420.3
ecu,1991,11555.57
ecu,1992,11597.44
ecu,1993,13355.89
ecu,1994,12057.98
ecu,1995,11639.3
ecu,1996,12351.06
ecu,1997,11262.49
ecu,1998,11471.83
ecu,1999,10801.94
ecu,2000,11764.91
ecu,2001,11974.25
ecu,2002,4767.15
ecu,2003,8319.08
ecu,2004,19364.04
ecu,2005,19881.72
ecu,2006,21723.91
ecu,2007,19685.91
ecu,2008,17956.49
ecu,2009,21163.28
ecu,2010,22280.48
ecu,2011,20187.23
ecu,2012,26962.87
ecu,2013,30642.54
ecu,2014,31411.87
ecu,2015,29557.2
ecu,2016,31907.13
ecu,2017,29636.53
ecu,2018,25460.42
ecu,2019,22753.83
egy,1965,1697.85
egy,1966,1940.4
egy,1967,1940.4
egy,1968,1940.4
egy,1969,2460.15
egy,1970,2945.25
egy,1971,2945.25
egy,1972,2460.15
egy,1973,1975.05
egy,1974,2079
egy,1975,1732.5
egy,1976,13167
egy,1977,15939
egy,1978,25641
egy,1979,38808
egy,1980,75537
egy,1981,84546
egy,1982,92515.5
egy,1983,108454.5
egy,1984,139293
egy,1985,170824.5
egy,1986,196812
egy,1987,217602
egy,1988,239778
egy,1989,268191
egy,1990,279625.5
egy,1991,314622
egy,1992,340263
egy,1993,391198.5
egy,1994,415800
egy,1995,436590
egy,1996,450450
egy,1997,464310
egy,1998,474705
egy,1999,568260
egy,2000,693000
egy,2001,848925
egy,2002,918225
egy,2003,1029105
egy,2004,1098405
egy,2005,1094940
egy,2006,1264725
egy,2007,1329174
egy,2008,1415106
egy,2009,1474011
egy,2010,1563061.5
egy,2011,1719333
egy,2012,1822936.5
egy,2013,1782049.5
egy,2014,1663874.98
egy,2015,1656675.75
egy,2016,1776748.05
egy,2017,2013629.09
egy,2018,2145405.93
egy,2019,2122029.55
esp,1965,0
esp,1966,0
esp,1967,0
esp,1968,0
esp,1969,3381.48
esp,1970,2690.64
esp,1971,14325.84
esp,1972,42177.6
esp,1973,40723.2
esp,1974,50904
esp,1975,52503.84
esp,1976,60284.88
esp,1977,57957.84
esp,1978,59375.88
esp,1979,57376.08
esp,1980,73556.28
esp,1981,83991.6
esp,1982,91590.84
esp,1983,99044.64
esp,1984,81228.24
esp,1985,86173.2
esp,1986,101517.12
esp,1987,108680.04
esp,1988,140240.52
esp,1989,180018.36
esp,1990,208059.81
esp,1991,234396.85
esp,1992,245085.9
esp,1993,240406.79
esp,1994,263584.54
esp,1995,323255.67
esp,1996,361762.87
esp,1997,473360.32
esp,1998,485953.4
esp,1999,556291.08
esp,2000,637070.36
esp,2001,686499.66
esp,2002,784923.64
esp,2003,893834.21
esp,2004,1053686.68
esp,2005,1249270.39
esp,2006,1307425.32
esp,2007,1330461.79
esp,2008,1461318.24
esp,2009,1307077.98
esp,2010,1303072.85
esp,2011,1211259
esp,2012,1196122.11
esp,2013,1091811.46
esp,2014,990860.4
esp,2015,1027361.72
esp,2016,1048363.21
esp,2017,1141589.72
esp,2018,1132879.53
esp,2019,1299984.5
est,1985,37750.44
est,1986,34309.29
est,1987,37171.24
est,1988,40033.19
est,1989,40033.19
est,1990,51175
est,1991,51386
est,1992,30043
est,1993,14891
est,1994,21387
est,1995,24388
est,1996,26896
est,1997,26134
est,1998,24804
est,1999,24146
est,2000,27757
est,2001,29803
est,2002,24963
est,2003,27509
est,2004,32458
est,2005,33481
est,2006,33895
est,2007,33715
est,2008,32310
est,2009,21944
est,2010,23553
est,2011,21234
est,2012,22096
est,2013,22780
est,2014,17809
est,2015,15832
est,2016,17401
est,2017,16531
est,2018,16934.2
est,2019,15489.41
fin,1965,0
fin,1966,0
fin,1967,0
fin,1968,0
fin,1969,0
fin,1970,0
fin,1971,0
fin,1972,0
fin,1973,0
fin,1974,16000
fin,1975,26478
fin,1976,31026
fin,1977,31554
fin,1978,34356
fin,1979,34234
fin,1980,32204
fin,1981,25625
fin,1982,24204
fin,1983,23473
fin,1984,26884
fin,1985,34112
fin,1986,41300
fin,1987,54620
fin,1988,58752
fin,1989,77040
fin,1990,90756
fin,1991,95652
fin,1992,99324
fin,1993,102636
fin,1994,113292
fin,1995,117648
fin,1996,123082
fin,1997,121098
fin,1998,138731
fin,1999,138888
fin,2000,141876
fin,2001,153936
fin,2002,152856
fin,2003,169200
fin,2004,163008
fin,2005,149148
fin,2006,159408
fin,2007,147456
fin,2008,150770
fin,2009,134568
fin,2010,148680
fin,2011,130032
fin,2012,115002
fin,2013,106944
fin,2014,95603
fin,2015,82363
fin,2016,72189
fin,2017,65986
fin,2018,75614
fin,2019,72752
fra,1965,180169.18
fra,1966,190067.41
fra,1967,217221.32
fra,1968,259763.39
fra,1969,301861.79
fra,1970,343905.3
fra,1971,407611.82
fra,1972,481995.89
fra,1973,565331.42
fra,1974,590253.31
fra,1975,658332.01
fra,1976,707231.7
fra,1977,738306.89
fra,1978,787606.2
fra,1979,872553.61
fra,1980,906191.12
fra,1981,920581.19
fra,1982,884780.12
fra,1983,942489
fra,1984,961171.21
fra,1985,1028849.41
fra,1986,1034694.9
fra,1987,1046937.6
fra,1988,1041700.5
fra,1989,1019331.89
fra,1990,1089912.6
fra,1991,1193998.5
fra,1992,1191564
fra,1993,1218653.1
fra,1994,1163340.9
fra,1995,1238321.7
fra,1996,1368527.4
fra,1997,1312089.3
fra,1998,1398941.1
fra,1999,1426361.4
fra,2000,1497468.6
fra,2001,1572062.4
fra,2002,1569393.9
fra,2003,1646165.7
fra,2004,1680930.9
fra,2005,1717652.7
fra,2006,1658899.8
fra,2007,1611393.3
fra,2008,1669912.2
fra,2009,1610318.7
fra,2010,1784320.2
fra,2011,1548685.26
fra,2012,1599994.62
fra,2013,1625153.53
fra,2014,1364700.62
fra,2015,1467063.52
fra,2016,1603077.82
fra,2017,1611565.16
fra,2018,1537635.58
fra,2019,1563648.97
gbr,1965,30940.45
gbr,1966,30186.83
gbr,1967,50785.88
gbr,1968,114676.45
gbr,1969,223449.52
gbr,1970,425797.56
gbr,1971,686551.46
gbr,1972,974268.36
gbr,1973,1054110.64
gbr,1974,1260812.95
gbr,1975,1321102.87
gbr,1976,1401280.09
gbr,1977,1489370.36
gbr,1978,1544887.33
gbr,1979,1692597.64
gbr,1980,1687573.48
gbr,1981,1710433.4
gbr,1982,1701892.33
gbr,1983,1774030.9
gbr,1984,1815019.67
gbr,1985,1952011.76
gbr,1986,1984501.33
gbr,1987,2038176.11
gbr,1988,1941419.16
gbr,1989,1897290.29
gbr,1990,1975457.84
gbr,1991,2133970.09
gbr,1992,2123712.43
gbr,1993,2420179.74
gbr,1994,2492108.96
gbr,1995,2657110.75
gbr,1996,3095426.84
gbr,1997,3183056.57
gbr,1998,3309857.64
gbr,1999,3523956.84
gbr,2000,3648301.56
gbr,2001,3630714.84
gbr,2002,3583229.4
gbr,2003,3593130.52
gbr,2004,3671564.66
gbr,2005,3577916.59
gbr,2006,3393368.55
gbr,2007,3430818.52
gbr,2008,3521970.95
gbr,2009,3284053.29
gbr,2010,3545742.35
gbr,2011,2949066.27
gbr,2012,2768354.6
gbr,2013,2747727.16
gbr,2014,2521998.27
gbr,2015,2593636.47
gbr,2016,2904251.06
gbr,2017,2829149.44
gbr,2018,2853253.1
gbr,2019,2838301.05
grc,1965,0
grc,1966,0
grc,1967,0
grc,1968,0
grc,1969,0
grc,1970,0
grc,1971,0
grc,1972,0
grc,1973,0
grc,1974,0
grc,1975,0
grc,1976,0
grc,1977,0
grc,1978,0
grc,1979,0
grc,1980,0
grc,1981,0
grc,1982,3036.6
grc,1983,2894.4
grc,1984,3184.2
grc,1985,2992.5
grc,1986,4099.5
grc,1987,4680
grc,1988,5613.3
grc,1989,5661
grc,1990,5783.4
grc,1991,5713.2
grc,1992,5279.4
grc,1993,3893.4
grc,1994,1991.7
grc,1995,1836.9
grc,1996,2063.7
grc,1997,7159.5
grc,1998,29322.6
grc,1999,52573.34
grc,2000,70566.75
grc,2001,69641.17
grc,2002,74898.5
grc,2003,84672.7
grc,2004,93077.03
grc,2005,93717
grc,2006,110494.8
grc,2007,139924.12
grc,2008,145896.49
grc,2009,122513.19
grc,2010,134264.19
grc,2011,165563.57
grc,2012,152165.44
grc,2013,134304.93
grc,2014,102393.69
grc,2015,110569.97
grc,2016,143920.8
grc,2017,173566.8
grc,2018,169941.24
grc,2019,185297.28
hkg,1965,0
hkg,1966,0
hkg,1967,0
hkg,1968,0
hkg,1969,0
hkg,1970,0
hkg,1971,0
hkg,1972,0
hkg,1973,0
hkg,1974,0
hkg,1975,0
hkg,1976,0
hkg,1977,0
hkg,1978,0
hkg,1979,0
hkg,1980,0
hkg,1981,0
hkg,1982,0
hkg,1983,0
hkg,1984,0
hkg,1985,0
hkg,1986,0
hkg,1987,0
hkg,1988,0
hkg,1989,0
hkg,1990,0
hkg,1991,0
hkg,1992,0
hkg,1993,0
hkg,1994,0
hkg,1995,1094.21
hkg,1996,69367.25
hkg,1997,108311.74
hkg,1998,101612.36
hkg,1999,112048.69
hkg,2000,101293
hkg,2001,102228.12
hkg,2002,97119.13
hkg,2003,62451.31
hkg,2004,90219.53
hkg,2005,90427.54
hkg,2006,99204.63
hkg,2007,92679.45
hkg,2008,107211.11
hkg,2009,104121.45
hkg,2010,129395.26
hkg,2011,103051.38
hkg,2012,94893.25
hkg,2013,89399.8
hkg,2014,85933.43
hkg,2015,109642.94
hkg,2016,112556.35
hkg,2017,112180.98
hkg,2018,108624.6
hkg,2019,112181.84
hrv,1990,91881.9
hrv,1991,85089.6
hrv,1992,88201.8
hrv,1993,93126.6
hrv,1994,87620.4
hrv,1995,80982
hrv,1996,90746.1
hrv,1997,94067.1
hrv,1998,90424.8
hrv,1999,91683
hrv,2000,92503.8
hrv,2001,96930
hrv,2002,99241.2
hrv,2003,98646.3
hrv,2004,102306
hrv,2005,98936.6
hrv,2006,97845.2
hrv,2007,112427.8
hrv,2008,108973.4
hrv,2009,100619.6
hrv,2010,110211
hrv,2011,107610
hrv,2012,101037.8
hrv,2013,95536.6
hrv,2014,84548.56
hrv,2015,87164.32
hrv,2016,90876.72
hrv,2017,104388.01
hrv,2018,101470.38
hrv,2019,106007
hun,1965,48950.1
hun,1966,60682.5
hun,1967,77885.1
hun,1968,98024.4
hun,1969,116697.6
hun,1970,130870.8
hun,1971,136279.8
hun,1972,147095.1
hun,1973,174672.9
hun,1974,186031.8
hun,1975,206651.7
hun,1976,248138.1
hun,1977,267407.1
hun,1978,292828.5
hun,1979,309320.1
hun,1980,333791.1
hun,1981,341427.6
hun,1982,356575.5
hun,1983,355484.7
hun,1984,362035.8
hun,1985,369603
hun,1986,392048.1
hun,1987,389218.5
hun,1988,384977.7
hun,1989,392212.8
hun,1990,373172
hun,1991,370042
hun,1992,325296
hun,1993,350056
hun,1994,353506
hun,1995,384134
hun,1996,428622
hun,1997,406490
hun,1998,409314
hun,1999,414705
hun,2000,404309
hun,2001,448433
hun,2002,452616
hun,2003,497645
hun,2004,490368
hun,2005,506349
hun,2006,479672
hun,2007,448190
hun,2008,442161
hun,2009,383171
hun,2010,410955
hun,2011,392887
hun,2012,350639
hun,2013,326885
hun,2014,292306
hun,2015,313584
hun,2016,336104
hun,2017,357629
hun,2018,346407
hun,2019,353192.63
idn,1965,18270
idn,1966,18635.4
idn,1967,22764.42
idn,1968,23129.82
idn,1969,43592.22
idn,1970,45273.06
idn,1971,45784.62
idn,1972,44907.66
idn,1973,29232
idn,1974,41180.58
idn,1975,85138.2
idn,1976,85869
idn,1977,182700
idn,1978,211201.2
idn,1979,272588.4
idn,1980,256876.2
idn,1981,256510.8
idn,1982,243721.8
idn,1983,327033
idn,1984,381843
idn,1985,451634.4
idn,1986,487078.2
idn,1987,503886.6
idn,1988,534945.6
idn,1989,598890.6
idn,1990,618229.02
idn,1991,711672.5
idn,1992,776145.23
idn,1993,823287.97
idn,1994,974993.18
idn,1995,1028103.91
idn,1996,1070298.84
idn,1997,1116410.87
idn,1998,1076362.2
idn,1999,1169702.13
idn,2000,1188185.49
idn,2001,1228845.15
idn,2002,1335724.1
idn,2003,1424094.3
idn,2004,1303278.63
idn,2005,1310168.27
idn,2006,1336009.04
idn,2007,1247113.49
idn,2008,1429008.68
idn,2009,1515628.98
idn,2010,1585713.13
idn,2011,1538434.83
idn,2012,1546963.51
idn,2013,1602197.42
idn,2014,1585505.23
idn,2015,1647199.89
idn,2016,1606707.69
idn,2017,1555752.22
idn,2018,1603029.14
idn,2019,1577425.04
ind,1965,8541.07
ind,1966,9587.77
ind,1967,12811.61
ind,1968,14235.12
ind,1969,17082.14
ind,1970,22782.48
ind,1971,24142.39
ind,1972,26481.26
ind,1973,26411.96
ind,1974,29894.29
ind,1975,38270.92
ind,1976,46491.64
ind,1977,49653.45
ind,1978,55457.33
ind,1979,68970.82
ind,1980,40791.71
ind,1981,71214.41
ind,1982,93364.43
ind,1983,111087.9
ind,1984,127226.14
ind,1985,155621.81
ind,1986,217440.88
ind,1987,250477.23
ind,1988,293417.59
ind,1989,348856.55
ind,1990,417338.46
ind,1991,464788.86
ind,1992,519648.82
ind,1993,528015.06
ind,1994,570849.05
ind,1995,650801.84
ind,1996,710341.98
ind,1997,772294.79
ind,1998,847543.5
ind,1999,868441.27
ind,2000,913056.95
ind,2001,915398.95
ind,2002,955958.85
ind,2003,1023368.35
ind,2004,1104088.99
ind,2005,1235722.95
ind,2006,1291578.75
ind,2007,1397169.39
ind,2008,1439555.98
ind,2009,1767891.05
ind,2010,2122618.4
ind,2011,2170291.57
ind,2012,2005167.31
ind,2013,1764694.87
ind,2014,1746056.4
ind,2015,1721046.15
ind,2016,1828475.35
ind,2017,1934479.61
ind,2018,2091288.9
ind,2019,2148510.57
irl,1965,0
irl,1966,0
irl,1967,0
irl,1968,0
irl,1969,0
irl,1970,0
irl,1971,0
irl,1972,0
irl,1973,0
irl,1974,0
irl,1975,0
irl,1976,0
irl,1977,0
irl,1978,0
irl,1979,9944.55
irl,1980,29036.7
irl,1981,43659
irl,1982,64067.85
irl,1983,69300
irl,1984,73423.35
irl,1985,75606.3
irl,1986,53326.35
irl,1987,53118.45
irl,1988,63721.35
irl,1989,72262.57
irl,1990,78586.24
irl,1991,80512.16
irl,1992,79632.94
irl,1993,90476.75
irl,1994,92025.86
irl,1995,97929.25
irl,1996,111243.28
irl,1997,116267.44
irl,1998,117565.34
irl,1999,125729.6
irl,2000,144151.52
irl,2001,150347.99
irl,2002,154325.45
irl,2003,153195.01
irl,2004,152943.8
irl,2005,145575.04
irl,2006,165253
irl,2007,179404.38
irl,2008,187945.45
irl,2009,178399.55
irl,2010,196821.47
irl,2011,173124.18
irl,2012,168852.16
irl,2013,160819.74
irl,2014,155817.7
irl,2015,157549.28
irl,2016,177143.51
irl,2017,180679.7
irl,2018,187579.41
irl,2019,191371.85
irn,1965,28127.8
irn,1966,29490.07
irn,1967,30916.59
irn,1968,33023.95
irn,1969,38750.13
irn,1970,91888.4
irn,1971,106356.46
irn,1972,121744.61
irn,1973,147877.46
irn,1974,150354.3
irn,1975,153391.79
irn,1976,172784.46
irn,1977,176690.61
irn,1978,136830.35
irn,1979,183314.52
irn,1980,163274.55
irn,1981,177409.46
irn,1982,242967.69
irn,1983,277679.2
irn,1984,323239.38
irn,1985,348711.77
irn,1986,334997.09
irn,1987,410103.61
irn,1988,445228.84
irn,1989,562206.07
irn,1990,820746.4
irn,1991,955117.37
irn,1992,1098658.28
irn,1993,594473.97
irn,1994,939790.12
irn,1995,1147247.88
irn,1996,1349257.84
irn,1997,1431084.68
irn,1998,1664328.54
irn,1999,1979015.01
irn,2000,2139871.67
irn,2001,2395177.38
irn,2002,2815931.73
irn,2003,2889962.59
irn,2004,3357216.71
irn,2005,3493688.5
irn,2006,3808224
irn,2007,4267880.04
irn,2008,4528321.76
irn,2009,4852598.83
irn,2010,5198018.35
irn,2011,5514933.99
irn,2012,5491639.22
irn,2013,5538041.75
irn,2014,6242433.98
irn,2015,6624701.47
irn,2016,7067485.71
irn,2017,7528091.07
irn,2018,8068916.86
irn,2019,8050259.99
irq,1965,17031.6
irq,1966,20759.4
irq,1967,16552.8
irq,1968,16587
irq,1969,26060.4
irq,1970,26676
irq,1971,31635
irq,1972,31977
irq,1973,31122
irq,1974,28591.2
irq,1975,44289
irq,1976,61731
irq,1977,40287.6
irq,1978,41758.2
irq,1979,59884.2
irq,1980,43810.2
irq,1981,21204
irq,1982,23256
irq,1983,16074
irq,1984,20178
irq,1985,29070
irq,1986,53010
irq,1987,128250
irq,1988,191520
irq,1989,220590
irq,1990,136116
irq,1991,59508
irq,1992,77634
irq,1993,87210
irq,1994,108414
irq,1995,108414
irq,1996,110808
irq,1997,104310
irq,1998,100890
irq,1999,108756
irq,2000,107730
irq,2001,94392
irq,2002,80712
irq,2003,53352
irq,2004,34200
irq,2005,49590
irq,2006,49590
irq,2007,163546.45
irq,2008,232474.5
irq,2009,246698.28
irq,2010,256869.36
irq,2011,226869.12
irq,2012,228288.42
irq,2013,254615.58
irq,2014,271110.03
irq,2015,262839.48
irq,2016,356240.81
irq,2017,411366.81
irq,2018,525616.07
irq,2019,717237.34
isl,1965,0
isl,1966,0
isl,1967,0
isl,1968,0
isl,1969,0
isl,1970,0
isl,1971,0
isl,1972,0
isl,1973,0
isl,1974,0
isl,1975,0
isl,1976,0
isl,1977,0
isl,1978,0
isl,1979,0
isl,1980,0
isl,1981,0
isl,1982,0
isl,1983,0
isl,1984,0
isl,1985,0
isl,1986,0
isl,1987,0
isl,1988,0
isl,1989,0
isl,1990,0
isl,1991,0
isl,1992,0
isl,1993,0
isl,1994,0
isl,1995,0
isl,1996,0
isl,1997,0
isl,1998,0
isl,1999,0
isl,2000,0
isl,2001,0
isl,2002,0
isl,2003,0
isl,2004,0
isl,2005,0
isl,2006,0
isl,2007,0
isl,2008,0
isl,2009,0
isl,2010,0
isl,2011,0
isl,2012,0
isl,2013,0
isl,2014,0
isl,2015,0
isl,2016,0
isl,2017,0
isl,2018,0
isl,2019,0
isr,1965,2651.04
isr,1966,3436.78
isr,1967,3848.69
isr,1968,4938.97
isr,1969,5076.6
isr,1970,4639.32
isr,1971,4342.59
isr,1972,4292.81
isr,1973,1863.34
isr,1974,2277.2
isr,1975,2081.01
isr,1976,2004.87
isr,1977,1992.18
isr,1978,1959.97
isr,1979,1395.8
isr,1980,66.37
isr,1981,70.28
isr,1982,1564.66
isr,1983,2216.68
isr,1984,1935.57
isr,1985,1821.37
isr,1986,1365.54
isr,1987,1555.87
isr,1988,1428.01
isr,1989,1310.88
isr,1990,1134.21
isr,1991,943.87
isr,1992,807.22
isr,1993,804.29
isr,1994,742.8
isr,1995,865.78
isr,1996,543.68
isr,1997,649.09
isr,1998,408
isr,1999,367.01
isr,2000,329.92
isr,2001,345.53
isr,2002,308.44
isr,2003,280.14
isr,2004,41019.3
isr,2005,56530.8
isr,2006,78936.3
isr,2007,94447.8
isr,2008,129951.9
isr,2009,144084.6
isr,2010,184069.8
isr,2011,170971.2
isr,2012,87898.5
isr,2013,238877.1
isr,2014,260937.9
isr,2015,289892.7
isr,2016,332980.2
isr,2017,356178.51
isr,2018,378825.3
isr,2019,387787.5
ita,1965,265489.2
ita,1966,289876.5
ita,1967,316631.7
ita,1968,371856.6
ita,1969,408282.3
ita,1970,440467.2
ita,1971,455031
ita,1972,521806.5
ita,1973,586199.7
ita,1974,659286.9
ita,1975,759714.3
ita,1976,919874.7
ita,1977,939432.6
ita,1978,925537.5
ita,1979,950882.4
ita,1980,943789.5
ita,1981,915115.5
ita,1982,911925.9
ita,1983,937754.1
ita,1984,1104750.9
ita,1985,1122842.7
ita,1986,1187195.4
ita,1987,1316898
ita,1988,1428654.6
ita,1989,1545402.6
ita,1990,1635336.9
ita,1991,1737295.2
ita,1992,1721284.2
ita,1993,1756350.9
ita,1994,1697195.7
ita,1995,1869500.7
ita,1996,1928724.3
ita,1997,2002672.04
ita,1998,2156202
ita,1999,2343603.17
ita,2000,2443625.82
ita,2001,2450324.7
ita,2002,2433703.1
ita,2003,2683194.52
ita,2004,2784305.74
ita,2005,2979703.69
ita,2006,2918115.86
ita,2007,2932420.53
ita,2008,2910654.57
ita,2009,2675432.11
ita,2010,2849396.43
ita,2011,2671778.56
ita,2012,2568836.99
ita,2013,2402655.44
ita,2014,2122977.36
ita,2015,2315355.04
ita,2016,2431650.12
ita,2017,2576836.69
ita,2018,2491706.99
ita,2019,2548462.13
jpn,1965,65741.4
jpn,1966,67463.1
jpn,1967,69789.6
jpn,1968,75942
jpn,1969,83971.97
jpn,1970,128597.37
jpn,1971,137886.32
jpn,1972,137940.52
jpn,1973,191952.5
jpn,1974,262342.63
jpn,1975,314220.91
jpn,1976,376685.29
jpn,1977,460026.25
jpn,1978,645639.48
jpn,1979,766039.71
jpn,1980,906513.78
jpn,1981,908317.82
jpn,1982,930180.04
jpn,1983,1001028.12
jpn,1984,1346331.38
jpn,1985,1442151.62
jpn,1986,1467425.21
jpn,1987,1504963.66
jpn,1988,1596204.15
jpn,1989,1658014.56
jpn,1990,1811372.09
jpn,1991,1915252.44
jpn,1992,1991190.3
jpn,1993,2004979.26
jpn,1994,2144213.05
jpn,1995,2182233.19
jpn,1996,2328380.59
jpn,1997,2416852.27
jpn,1998,2489899.76
jpn,1999,2615107.09
jpn,2000,2723940.62
jpn,2001,2798221.97
jpn,2002,2737657.36
jpn,2003,3005936.15
jpn,2004,2901745.93
jpn,2005,2978206.91
jpn,2006,3187812.07
jpn,2007,3434042.31
jpn,2008,3567581.81
jpn,2009,3329208.91
jpn,2010,3597721.85
jpn,2011,4032908.82
jpn,2012,4435742.91
jpn,2013,4447327.85
jpn,2014,4491076.27
jpn,2015,4273835.26
jpn,2016,4191028.04
jpn,2017,4211513.42
jpn,2018,4165493.6
jpn,2019,3892361.89
kaz,1985,324841.5
kaz,1986,393321.6
kaz,1987,410880.6
kaz,1988,428439.6
kaz,1989,442486.8
kaz,1990,471634.74
kaz,1991,495163.8
kaz,1992,509211
kaz,1993,488140.2
kaz,1994,354691.8
kaz,1995,407368.8
kaz,1996,340644.6
kaz,1997,267388.45
kaz,1998,265070.66
kaz,1999,300118.43
kaz,2000,188257.06
kaz,2001,165384.71
kaz,2002,174186.56
kaz,2003,204976.28
kaz,2004,226494.85
kaz,2005,298739.97
kaz,2006,316691
kaz,2007,383131.68
kaz,2008,380906.06
kaz,2009,365029.94
kaz,2010,396874.75
kaz,2011,437821.32
kaz,2012,466301.82
kaz,2013,488241.43
kaz,2014,539193.1
kaz,2015,552046.45
kaz,2016,569018.39
kaz,2017,603105.44
kaz,2018,683835.37
kaz,2019,644503.22
kor,1965,0
kor,1966,0
kor,1967,0
kor,1968,0
kor,1969,0
kor,1970,0
kor,1971,0
kor,1972,0
kor,1973,0
kor,1974,0
kor,1975,0
kor,1976,0
kor,1977,0
kor,1978,0
kor,1979,0
kor,1980,0
kor,1981,0
kor,1982,0
kor,1983,0
kor,1984,0
kor,1985,0
kor,1986,2562.32
kor,1987,79281.24
kor,1988,102417.5
kor,1989,99101.56
kor,1990,113910.27
kor,1991,131959.56
kor,1992,172617.58
kor,1993,215649.51
kor,1994,287055.38
kor,1995,347156.9
kor,1996,458655.57
kor,1997,557380.31
kor,1998,521432.45
kor,1999,634890.54
kor,2000,713079.03
kor,2001,783279.1
kor,2002,870398.04
kor,2003,911658.95
kor,2004,1068299.7
kor,2005,1143812.83
kor,2006,1205949.12
kor,2007,1306143.44
kor,2008,1344126.09
kor,2009,1277694.13
kor,2010,1620593.05
kor,2011,1744036.66
kor,2012,1891031.02
kor,2013,1979129.67
kor,2014,1800143.97
kor,2015,1643390.18
kor,2016,1715172.86
kor,2017,1791230.14
kor,2018,2080944.27
kor,2019,2014813.76
kwt,1965,62141.4
kwt,1966,81396
kwt,1967,92613.6
kwt,1968,114193.8
kwt,1969,127463.4
kwt,1970,69665.4
kwt,1971,71956.8
kwt,1972,85055.4
kwt,1973,95281.2
kwt,1974,100240.2
kwt,1975,109850.4
kwt,1976,132148.8
kwt,1977,144084.6
kwt,1978,161458.2
kwt,1979,213784.2
kwt,1980,139228.2
kwt,1981,160192.8
kwt,1982,125685
kwt,1983,137997
kwt,1984,149659.2
kwt,1985,143640
kwt,1986,195966
kwt,1987,163476
kwt,1988,233928
kwt,1989,279072
kwt,1990,143298
kwt,1991,17100
kwt,1992,89604
kwt,1993,185364
kwt,1994,204174
kwt,1995,317307.6
kwt,1996,318128.4
kwt,1997,317034
kwt,1998,324592.2
kwt,1999,297129.6
kwt,2000,328320
kwt,2001,324900
kwt,2002,297882
kwt,2003,342000
kwt,2004,372780
kwt,2005,420660
kwt,2006,424422
kwt,2007,385092
kwt,2008,434340
kwt,2009,426460.07
kwt,2010,503119.37
kwt,2011,570885.32
kwt,2012,631146.28
kwt,2013,639734.05
kwt,2014,643361.15
kwt,2015,731617.45
kwt,2016,761396.88
kwt,2017,756990.58
kwt,2018,761480.51
kwt,2019,846583.36
lka,1965,0
lka,1966,0
lka,1967,0
lka,1968,0
lka,1969,0
lka,1970,0
lka,1971,0
lka,1972,0
lka,1973,0
lka,1974,0
lka,1975,0
lka,1976,0
lka,1977,0
lka,1978,0
lka,1979,0
lka,1980,0
lka,1981,0
lka,1982,0
lka,1983,0
lka,1984,0
lka,1985,0
lka,1986,0
lka,1987,0
lka,1988,0
lka,1989,0
lka,1990,0
lka,1991,0
lka,1992,0
lka,1993,0
lka,1994,0
lka,1995,0
lka,1996,0
lka,1997,0
lka,1998,0
lka,1999,0
lka,2000,0
lka,2001,0
lka,2002,0
lka,2003,0
lka,2004,0
lka,2005,0
lka,2006,0
lka,2007,0
lka,2008,0
lka,2009,0
lka,2010,0
lka,2011,0
lka,2012,0
lka,2013,0
lka,2014,0
lka,2015,0
lka,2016,0
lka,2017,0
lka,2018,0
lka,2019,0
ltu,1985,146850.83
ltu,1986,147162.45
ltu,1987,153706.47
ltu,1988,160250.48
ltu,1989,170066.51
ltu,1990,195892
ltu,1991,202783.47
ltu,1992,115848.76
ltu,1993,62655.46
ltu,1994,72486.07
ltu,1995,84945.99
ltu,1996,90815.88
ltu,1997,83836.48
ltu,1998,73432.29
ltu,1999,75902.5
ltu,2000,86428.11
ltu,2001,89878.04
ltu,2002,90870.31
ltu,2003,98569.83
ltu,2004,98322.81
ltu,2005,103702.85
ltu,2006,102765.01
ltu,2007,121086.44
ltu,2008,108689.33
ltu,2009,91339.23
ltu,2010,104335.06
ltu,2011,113830.72
ltu,2012,111146.98
ltu,2013,90619.1
ltu,2014,86461.61
ltu,2015,86535.54
ltu,2016,77107.14
ltu,2017,80239.9
ltu,2018,80592.73
ltu,2019,77657.62
lux,1965,0
lux,1966,0
lux,1967,0
lux,1968,0
lux,1969,105.3
lux,1970,262.62
lux,1971,527.54
lux,1972,4220.29
lux,1973,8440.59
lux,1974,11342.04
lux,1975,13131.09
lux,1976,15034.8
lux,1977,15826.1
lux,1978,17408.71
lux,1979,18200.02
lux,1980,16019.93
lux,1981,12397.11
lux,1982,10286.97
lux,1983,9759.43
lux,1984,10550.74
lux,1985,11555.36
lux,1986,11292.74
lux,1987,12868.47
lux,1988,13393.71
lux,1989,15232.06
lux,1990,17933.32
lux,1991,18646.15
lux,1992,19434.01
lux,1993,20184.36
lux,1994,20334.43
lux,1995,23237.69
lux,1996,25491.95
lux,1997,26121.11
lux,1998,26375.11
lux,1999,27358.06
lux,2000,28107.91
lux,2001,31246.2
lux,2002,44666.1
lux,2003,45214.2
lux,2004,50068.8
lux,2005,49248.16
lux,2006,51513.52
lux,2007,48083.52
lux,2008,45771.03
lux,2009,46576.58
lux,2010,50098.69
lux,2011,43218.99
lux,2012,44005.4
lux,2013,37258.45
lux,2014,35301.26
lux,2015,32193.86
lux,2016,29689.27
lux,2017,29020.11
lux,2018,28622.28
lux,2019,28637.58
lva,1985,75977.88
lva,1986,79453.1
lva,1987,82638.72
lva,1988,88992.92
lva,1989,88992.92
lva,1990,92468.14
lva,1991,88992.92
lva,1992,50833.63
lva,1993,31788.05
lva,1994,31788.05
lva,1995,38125.22
lva,1996,34939.6
lva,1997,34939.6
lva,1998,39522.12
lva,1999,37852.65
lva,2000,45842.26
lva,2001,47665.04
lva,2002,54308.85
lva,2003,54019.25
lva,2004,59623.89
lva,2005,57920.35
lva,2006,59862.39
lva,2007,57920.35
lva,2008,56727.88
lva,2009,52026.11
lva,2010,62042.92
lva,2011,54649.56
lva,2012,51378.76
lva,2013,50623.65
lva,2014,45495.45
lva,2015,45876.6
lva,2016,47505.15
lva,2017,43069.95
lva,2018,49376.25
lva,2019,47227.95
mar,1965,1750.77
mar,1966,1750.77
mar,1967,1750.77
mar,1968,1750.77
mar,1969,1750.77
mar,1970,1750.77
mar,1971,1807.57
mar,1972,1957.83
mar,1973,2448.19
mar,1974,2809.01
mar,1975,2485.08
mar,1976,2779.32
mar,1977,3027.64
mar,1978,2858.5
mar,1979,2647.06
mar,1980,2323.13
mar,1981,2982.63
mar,1982,2767.6
mar,1983,2922.39
mar,1984,2918.79
mar,1985,3298.44
mar,1986,3193.19
mar,1987,2594.85
mar,1988,2651.54
mar,1989,1958.75
mar,1990,1812.09
mar,1991,1159.79
mar,1992,762.08
mar,1993,745
mar,1994,727.88
mar,1995,460.67
mar,1996,585.73
mar,1997,1079.69
mar,1998,1184.95
mar,1999,1381.1
mar,2000,1590.73
mar,2001,1573.65
mar,2002,1903.69
mar,2003,1824.37
mar,2004,2339.96
mar,2005,15308.88
mar,2006,18997.28
mar,2007,21430.05
mar,2008,21162.74
mar,2009,23248.07
mar,2010,25110.52
mar,2011,31783.37
mar,2012,42507.35
mar,2013,41217.08
mar,2014,39946.14
mar,2015,40674.14
mar,2016,41335.04
mar,2017,41014.28
mar,2018,37066.95
mar,2019,35124.66
mex,1965,290328.79
mex,1966,306408.31
mex,1967,263507.43
mex,1968,282931.51
mex,1969,350893.92
mex,1970,358830.06
mex,1971,372940.23
mex,1972,398806.82
mex,1973,441885.38
mex,1974,464929.31
mex,1975,473005.23
mex,1976,463877.74
mex,1977,489594.95
mex,1978,615811.12
mex,1979,747556.76
mex,1980,802861.7
mex,1981,870449.66
mex,1982,935843.2
mex,1983,965512.99
mex,1984,966902.01
mex,1985,991002.63
mex,1986,881717.93
mex,1987,897275.65
mex,1988,912946.23
mex,1989,892671.25
mex,1990,965430.64
mex,1991,1016500.14
mex,1992,1016621.47
mex,1993,1019754.31
mex,1994,1083708.02
mex,1995,1104848.43
mex,1996,1126018.57
mex,1997,1131746.23
mex,1998,1205244.1
mex,1999,1216471.47
mex,2000,1292878.93
mex,2001,1302858.87
mex,2002,1478477.68
mex,2003,1602338.57
mex,2004,1728789.13
mex,2005,1897644.08
mex,2006,2098378.21
mex,2007,2053489.67
mex,2008,2159876.82
mex,2009,2346076.84
mex,2010,2377603.44
mex,2011,2549105.67
mex,2012,2651535.73
mex,2013,2800622.39
mex,2014,2838544.11
mex,2015,2908184.98
mex,2016,2989081.32
mex,2017,3097207.13
mex,2018,3152677.46
mex,2019,3264027.23
mkd,1990,0
mkd,1991,0
mkd,1992,0
mkd,1993,0
mkd,1994,0
mkd,1995,0
mkd,1996,0
mkd,1997,0
mkd,1998,689.4
mkd,1999,1275.39
mkd,2000,2068.2
mkd,2001,2757.6
mkd,2002,2826.54
mkd,2003,2516.31
mkd,2004,2448
mkd,2005,2617.25
mkd,2006,2802.9
mkd,2007,3576.36
mkd,2008,4066.39
mkd,2009,2694.25
mkd,2010,3990.73
mkd,2011,4617.08
mkd,2012,4791.04
mkd,2013,5423.75
mkd,2014,4653
mkd,2015,4687.04
mkd,2016,7370.4
mkd,2017,9478.08
mkd,2018,8742
mkd,2019,10178.66
mys,1965,0
mys,1966,0
mys,1967,0
mys,1968,0
mys,1969,0
mys,1970,293.08
mys,1971,2983.48
mys,1972,4177.81
mys,1973,4177.81
mys,1974,8709.31
mys,1975,10498.5
mys,1976,12498.31
mys,1977,11436.27
mys,1978,84615.23
mys,1979,105298.02
mys,1980,93658.72
mys,1981,78753.71
mys,1982,99143.42
mys,1983,138959.89
mys,1984,172161.22
mys,1985,166257.83
mys,1986,257990.62
mys,1987,257362.6
mys,1988,262554.23
mys,1989,300654.11
mys,1990,284744.27
mys,1991,423369.22
mys,1992,460087.45
mys,1993,451839.46
mys,1994,469172.81
mys,1995,487301.65
mys,1996,586612.55
mys,1997,728251.99
mys,1998,735830.1
mys,1999,837527.47
mys,2000,1035144.43
mys,2001,997546.97
mys,2002,1011195.94
mys,2003,1089572.83
mys,2004,1176993.22
mys,2005,1345428.18
mys,2006,1399102.96
mys,2007,1454452.45
mys,2008,1567789.13
mys,2009,1440803.48
mys,2010,1368832.39
mys,2011,1379425
mys,2012,1512565.24
mys,2013,1604423.63
mys,2014,1609531.52
mys,2015,1686233.7
mys,2016,1619747.32
mys,2017,1621589.51
mys,2018,1477316.99
mys,2019,1522376.64
nld,1965,54000
nld,1966,103000
nld,1967,182000
nld,1968,306000
nld,1969,451000
nld,1970,635000
nld,1971,830000
nld,1972,1080000
nld,1973,1201000
nld,1974,1278000
nld,1975,1333000
nld,1976,1384000
nld,1977,1389000
nld,1978,1392000
nld,1979,1386000
nld,1980,1267000
nld,1981,1206000
nld,1982,1152000
nld,1983,1232000
nld,1984,1309000
nld,1985,1380000
nld,1986,1376000
nld,1987,1420000
nld,1988,1284000
nld,1989,1317000
nld,1990,1325000
nld,1991,1478500
nld,1992,1439700
nld,1993,1480700
nld,1994,1430000
nld,1995,1468900
nld,1996,1627900
nld,1997,1525300
nld,1998,1506200
nld,1999,1471600
nld,2000,1475700
nld,2001,1505500
nld,2002,1490300
nld,2003,1500600
nld,2004,1536400
nld,2005,1492400
nld,2006,1433100
nld,2007,1397000
nld,2008,1454000
nld,2009,1488900
nld,2010,1683300
nld,2011,1473400
nld,2012,1414200
nld,2013,1408000
nld,2014,1241000
nld,2015,1226900
nld,2016,1265500
nld,2017,1302000
nld,2018,1273100
nld,2019,1326340.88
nor,1965,0
nor,1966,0
nor,1967,0
nor,1968,0
nor,1969,0
nor,1970,0
nor,1971,0
nor,1972,0
nor,1973,0
nor,1974,0
nor,1975,0
nor,1976,0
nor,1977,14360.72
nor,1978,24115.97
nor,1979,27549.14
nor,1980,29600.68
nor,1981,36383.29
nor,1982,39272.18
nor,1983,44212.61
nor,1984,42537.89
nor,1985,44840.63
nor,1986,49404.24
nor,1987,54386.53
nor,1988,68496.05
nor,1989,75864.82
nor,1990,80344.69
nor,1991,90518.62
nor,1992,97426.84
nor,1993,102492.86
nor,1994,110029.1
nor,1995,111075.8
nor,1996,120579.84
nor,1997,139252.97
nor,1998,142225.6
nor,1999,135861.66
nor,2000,152525.12
nor,2001,141346.37
nor,2002,150850.4
nor,2003,162531.58
nor,2004,171868.14
nor,2005,157317.17
nor,2006,154997.12
nor,2007,150317.48
nor,2008,154617.39
nor,2009,147711.89
nor,2010,146930.76
nor,2011,144710.91
nor,2012,144065.53
nor,2013,143067.57
nor,2014,154851.95
nor,2015,162346.92
nor,2016,157406.86
nor,2017,165050.21
nor,2018,161381.71
nor,2019,161779.94
nzl,1965,0
nzl,1966,0
nzl,1967,0
nzl,1968,0
nzl,1969,0
nzl,1970,2557.44
nzl,1971,3248.64
nzl,1972,5886.72
nzl,1973,6842.88
nzl,1974,9962.65
nzl,1975,10952.66
nzl,1976,31124.86
nzl,1977,51750.23
nzl,1978,48820.32
nzl,1979,31306.47
nzl,1980,28429.03
nzl,1981,35716.73
nzl,1982,66442.9
nzl,1983,72178.24
nzl,1984,93284.76
nzl,1985,120154.27
nzl,1986,146243.84
nzl,1987,141089.04
nzl,1988,155316.43
nzl,1989,86455.1
nzl,1990,160100.36
nzl,1991,174128.53
nzl,1992,184260.9
nzl,1993,179728.09
nzl,1994,168465.46
nzl,1995,160762.59
nzl,1996,183239.09
nzl,1997,197385.9
nzl,1998,174015.46
nzl,1999,198932
nzl,2000,211600.6
nzl,2001,223262.1
nzl,2002,213149.58
nzl,2003,160817.07
nzl,2004,146738.58
nzl,2005,135385.28
nzl,2006,137501.31
nzl,2007,151970.24
nzl,2008,140814.7
nzl,2009,144785.06
nzl,2010,158644.43
nzl,2011,144775.81
nzl,2012,160728
nzl,2013,168576.21
nzl,2014,187796.41
nzl,2015,175167.12
nzl,2016,172705.07
nzl,2017,177668.56
nzl,2018,158723.39
nzl,2019,172784.03
omn,1965,0
omn,1966,0
omn,1967,0
omn,1968,0
omn,1969,0
omn,1970,0
omn,1971,0
omn,1972,0
omn,1973,0
omn,1974,0
omn,1975,0
omn,1976,0
omn,1977,0
omn,1978,10891.53
omn,1979,18322.2
omn,1980,23259.02
omn,1981,27415.44
omn,1982,29994.12
omn,1983,37255.14
omn,1984,46823.4
omn,1985,59615.01
omn,1986,69692.22
omn,1987,78072.93
omn,1988,78564.91
omn,1989,81533.79
omn,1990,88116.21
omn,1991,89337.69
omn,1992,97650.54
omn,1993,93714.66
omn,1994,98125.56
omn,1995,120038.82
omn,1996,131154.08
omn,1997,151627.65
omn,1998,158108.28
omn,1999,169315.91
omn,2000,276044.5
omn,2001,303394.2
omn,2002,317814.45
omn,2003,342885.42
omn,2004,310307.8
omn,2005,388019.03
omn,2006,433287.69
omn,2007,438367.84
omn,2008,481000.66
omn,2009,493833.94
omn,2010,586780.45
omn,2011,652091.35
omn,2012,708735.21
omn,2013,780317.71
omn,2014,765280.04
omn,2015,826943.58
omn,2016,822258.62
omn,2017,840412.82
omn,2018,899102.67
omn,2019,900342.82
pak,1965,53176.14
pak,1966,60089.94
pak,1967,70099.92
pak,1968,78667.02
pak,1969,96913.44
pak,1970,104774.13
pak,1971,104473.53
pak,1972,96823.26
pak,1973,110290.14
pak,1974,122013.54
pak,1975,137073.6
pak,1976,139779
pak,1977,152704.8
pak,1978,156913.2
pak,1979,176752.8
pak,1980,215830.8
pak,1981,235369.8
pak,1982,256712.4
pak,1983,253105.2
pak,1984,259718.4
pak,1985,265129.2
pak,1986,284367.6
pak,1987,304507.8
pak,1988,322844.4
pak,1989,344187
pak,1990,367633.8
pak,1991,397092.6
pak,1992,389577.6
pak,1993,448495.2
pak,1994,457212.6
pak,1995,468936
pak,1996,509517
pak,1997,508014
pak,1998,535068
pak,1999,610218
pak,2000,646290
pak,2001,682362
pak,2002,739776.6
pak,2003,919813.69
pak,2004,1104357.41
pak,2005,1173966.79
pak,2006,1199501.22
pak,2007,1216809.19
pak,2008,1245873.99
pak,2009,1249260.09
pak,2010,1272542.23
pak,2011,1272227.29
pak,2012,1317500.3
pak,2013,1281086.23
pak,2014,1259520.82
pak,2015,1315230.49
pak,2016,1391424.2
pak,2017,1466625.01
pak,2018,1569153.98
pak,2019,1643914.15
per,1965,13167
per,1966,13756.05
per,1967,12855.15
per,1968,14310.45
per,1969,14587.65
per,1970,14310.45
per,1971,17082.45
per,1972,16424.1
per,1973,16077.6
per,1974,16562.7
per,1975,20443.5
per,1976,22176
per,1977,22020.08
per,1978,23007.6
per,1979,21275.1
per,1980,22869
per,1981,26264.7
per,1982,27564.08
per,1983,18156.6
per,1984,24532.2
per,1985,19126.8
per,1986,20287.57
per,1987,20166.3
per,1988,19022.85
per,1989,16129.58
per,1990,15436.57
per,1991,14483.7
per,1992,13063.05
per,1993,13756.05
per,1994,14345.1
per,1995,13894.65
per,1996,14102.55
per,1997,8350.65
per,1998,14171.85
per,1999,14241.15
per,2000,11971.57
per,2001,12820.5
per,2002,15315.3
per,2003,18121.95
per,2004,29799
per,2005,52558.92
per,2006,61511.19
per,2007,92707.18
per,2008,117698.05
per,2009,120371.98
per,2010,195257.43
per,2011,226543.85
per,2012,247025.66
per,2013,241296.04
per,2014,267538.94
per,2015,275152.74
per,2016,305759
per,2017,269709.69
per,2018,288082.17
per,2019,298797.68
phl,1965,0
phl,1966,0
phl,1967,0
phl,1968,0
phl,1969,0
phl,1970,0
phl,1971,0
phl,1972,0
phl,1973,0
phl,1974,0
phl,1975,0
phl,1976,0
phl,1977,0
phl,1978,0
phl,1979,0
phl,1980,0
phl,1981,0
phl,1982,0
phl,1983,0
phl,1984,0
phl,1985,0
phl,1986,0
phl,1987,0
phl,1988,0
phl,1989,0
phl,1990,0
phl,1991,0
phl,1992,0
phl,1993,0
phl,1994,190.34
phl,1995,183.5
phl,1996,310.39
phl,1997,188.38
phl,1998,321.13
phl,1999,246.95
phl,2000,367.01
phl,2001,4832.58
phl,2002,60717.17
phl,2003,92539.39
phl,2004,85462.8
phl,2005,113192.3
phl,2006,106008.34
phl,2007,127096.59
phl,2008,133794.46
phl,2009,134728.57
phl,2010,126898.45
phl,2011,137010.65
phl,2012,131344.5
phl,2013,120979.49
phl,2014,127233.24
phl,2015,119610.04
phl,2016,137155.11
phl,2017,135879.37
phl,2018,147197.04
phl,2019,146895.43
pol,1965,61675.2
pol,1966,73316.7
pol,1967,89595.9
pol,1968,123091.2
pol,1969,170655.3
pol,1970,217652.4
pol,1971,239373
pol,1972,251879.4
pol,1973,261953.1
pol,1974,269259.3
pol,1975,288345.6
pol,1976,307656
pol,1977,326432.7
pol,1978,343639.8
pol,1979,358428.6
pol,1980,367285.5
pol,1981,346434.3
pol,1982,346289.4
pol,1983,354202.2
pol,1984,368465.4
pol,1985,373709.7
pol,1986,396062.1
pol,1987,408899.7
pol,1988,406045.8
pol,1989,398590.2
pol,1990,374205.6
pol,1991,348944.4
pol,1992,324987.3
pol,1993,341385.3
pol,1994,343987.2
pol,1995,376592.4
pol,1996,395453.7
pol,1997,394289.1
pol,1998,398344.5
pol,1999,387832.5
pol,2000,416992.5
pol,2001,434447.1
pol,2002,423419.4
pol,2003,471462.3
pol,2004,497415.6
pol,2005,512234.1
pol,2006,518051.7
pol,2007,518191
pol,2008,563171
pol,2009,543412
pol,2010,584375
pol,2011,592291
pol,2012,627097
pol,2013,626775
pol,2014,612490
pol,2015,615557
pol,2016,657274
pol,2017,690492
pol,2018,717338
pol,2019,733574.43
prt,1965,0
prt,1966,0
prt,1967,0
prt,1968,0
prt,1969,0
prt,1970,0
prt,1971,0
prt,1972,0
prt,1973,0
prt,1974,0
prt,1975,0
prt,1976,0
prt,1977,0
prt,1978,0
prt,1979,0
prt,1980,0
prt,1981,0
prt,1982,0
prt,1983,0
prt,1984,0
prt,1985,0
prt,1986,0
prt,1987,0
prt,1988,0
prt,1989,0
prt,1990,0
prt,1991,0
prt,1992,0
prt,1993,0
prt,1994,0
prt,1995,0
prt,1996,0
prt,1997,3622.5
prt,1998,28936.8
prt,1999,80920.8
prt,2000,83124.13
prt,2001,92695.83
prt,2002,112759.98
prt,2003,108727.9
prt,2004,136200.78
prt,2005,154360.09
prt,2006,148263.79
prt,2007,158017.91
prt,2008,172884.46
prt,2009,171696.82
prt,2010,186795.34
prt,2011,189132.54
prt,2012,163997.7
prt,2013,155460.34
prt,2014,148534.57
prt,2015,173515.08
prt,2016,182837.28
prt,2017,228221.45
prt,2018,208777.69
prt,2019,220645.7
qat,1965,3018.06
qat,1966,3055.32
qat,1967,4210.38
qat,1968,19151.64
qat,1969,31745.52
qat,1970,37446.3
qat,1971,37446.3
qat,1972,41097.78
qat,1973,58870.8
qat,1974,48363.48
qat,1975,74631.78
qat,1976,40762.44
qat,1977,57790.26
qat,1978,55107.54
qat,1979,162528.12
qat,1980,176649.66
qat,1981,161074.98
qat,1982,188349.3
qat,1983,195056.1
qat,1984,220951.8
qat,1985,203439.6
qat,1986,216108
qat,1987,209028.6
qat,1988,218343.6
qat,1989,231012
qat,1990,234738
qat,1991,284293.8
qat,1992,470221.2
qat,1993,503010
qat,1994,503010
qat,1995,503010
qat,1996,349340.77
qat,1997,373526.07
qat,1998,403387.41
qat,1999,462786.01
qat,2000,406700.64
qat,2001,376987.6
qat,2002,412337.83
qat,2003,470634.34
qat,2004,565647.09
qat,2005,644130.31
qat,2006,639320.59
qat,2007,693334.66
qat,2008,745120.02
qat,2009,765759.76
qat,2010,914606.63
qat,2011,1032282.04
qat,2012,1209565.64
qat,2013,1279622.94
qat,2014,1387281.85
qat,2015,1526955.57
qat,2016,1447537
qat,2017,1436763.96
qat,2018,1488944.86
qat,2019,1478624.91
rou,1965,505764.97
rou,1966,545279.42
rou,1967,601136.66
rou,1968,636076.44
rou,1969,738608.47
rou,1970,767713.9
rou,1971,820852.87
rou,1972,833284.01
rou,1973,880422.88
rou,1974,908732.73
rou,1975,987297.52
rou,1976,1088271.5
rou,1977,1152797.39
rou,1978,1191698.57
rou,1979,1148438.21
rou,1980,1192659.91
rou,1981,1253191.26
rou,1982,1274572.82
rou,1983,1269202.56
rou,1984,1264462.16
rou,1985,1175720.41
rou,1986,1196836.77
rou,1987,1175289.46
rou,1988,1178935.93
rou,1989,1174294.97
rou,1990,1207408.5
rou,1991,996356.7
rou,1992,887382.9
rou,1993,853098.3
rou,1994,777027.6
rou,1995,805545
rou,1996,813013.2
rou,1997,667314.9
rou,1998,627377.4
rou,1999,574890.3
rou,2000,572749.2
rou,2001,551812.5
rou,2002,570608.1
rou,2003,616688.1
rou,2004,583527.6
rou,2005,582936.3
rou,2006,594469.8
rou,2007,534319.2
rou,2008,509092.2
rou,2009,442978.2
rou,2010,451688.4
rou,2011,464946.3
rou,2012,451227.6
rou,2013,411937.2
rou,2014,391432.5
rou,2015,373349.7
rou,2016,377805.99
rou,2017,406449.67
rou,2018,416267.56
rou,2019,391853.6
rus,1985,12819052.41
rus,1986,12967715.45
rus,1987,13715880.94
rus,1988,14474023.02
rus,1989,14689209.81
rus,1990,14911021.38
rus,1991,15298373.39
rus,1992,14808416.28
rus,1993,14765355.26
rus,1994,13871523.65
rus,1995,13408026.2
rus,1996,13482830.92
rus,1997,12434697.33
rus,1998,12944528.75
rus,1999,12904780.12
rus,2000,13182886.73
rus,2001,13398076.99
rus,2002,13560297.35
rus,2003,13881427.43
rus,2004,14242284.96
rus,2005,14414437.17
rus,2006,15182500.88
rus,2007,15437418.58
rus,2008,15218917.7
rus,2009,14320415.58
rus,2010,15261128.1
rus,2011,15682901.02
rus,2012,15430532.5
rus,2013,15295227.48
rus,2014,15199136.75
rus,2015,14712293.6
rus,2016,15143270.04
rus,2017,15519621.27
rus,2018,16361975.28
rus,2019,15995257.96
sau,1965,21614.4
sau,1966,25992
sau,1967,31310.1
sau,1968,37654.2
sau,1969,45332.1
sau,1970,55301.4
sau,1971,46135.8
sau,1972,52291.8
sau,1973,61560
sau,1974,77907.6
sau,1975,92682
sau,1976,100052.1
sau,1977,140801.4
sau,1978,194153.4
sau,1979,238374
sau,1980,332560.8
sau,1981,387759.6
sau,1982,410981.4
sau,1983,401302.8
sau,1984,622440
sau,1985,642960
sau,1986,861840
sau,1987,916560
sau,1988,995220
sau,1989,1019160
sau,1990,1146384
sau,1991,1202814
sau,1992,1308150
sau,1993,1369368
sau,1994,1462734
sau,1995,1468206
sau,1996,1518822
sau,1997,1550628
sau,1998,1601244
sau,1999,1580040
sau,2000,1703502
sau,2001,1836198
sau,2002,1939140
sau,2003,2054052
sau,2004,2246256
sau,2005,2436408
sau,2006,2512366.2
sau,2007,2545164
sau,2008,2751048
sau,2009,2682990
sau,2010,2997972
sau,2011,3155292
sau,2012,3397086
sau,2013,3421026
sau,2014,3501396
sau,2015,3572190
sau,2016,3791412
sau,2017,3933007.52
sau,2018,4035600
sau,2019,4091194.31
sgp,1965,0
sgp,1966,0
sgp,1967,0
sgp,1968,0
sgp,1969,0
sgp,1970,0
sgp,1971,0
sgp,1972,0
sgp,1973,0
sgp,1974,0
sgp,1975,0
sgp,1976,0
sgp,1977,0
sgp,1978,0
sgp,1979,0
sgp,1980,0
sgp,1981,0
sgp,1982,0
sgp,1983,0
sgp,1984,0
sgp,1985,0
sgp,1986,0
sgp,1987,0
sgp,1988,0
sgp,1989,0
sgp,1990,0
sgp,1991,0
sgp,1992,37620
sgp,1993,51300
sgp,1994,51300
sgp,1995,51300
sgp,1996,51300
sgp,1997,51300
sgp,1998,51300
sgp,1999,51300
sgp,2000,59667.3
sgp,2001,156803.39
sgp,2002,169476.35
sgp,2003,184002.89
sgp,2004,222740.34
sgp,2005,222691.92
sgp,2006,293387.77
sgp,2007,293387.77
sgp,2008,313713.31
sgp,2009,330503.09
sgp,2010,300098.06
sgp,2011,298336.48
sgp,2012,321480
sgp,2013,360548.82
sgp,2014,374022.68
sgp,2015,416831.43
sgp,2016,428475.91
sgp,2017,442355.54
sgp,2018,442306.15
sgp,2019,458679.84
svk,1965,10747.08
svk,1966,11952.36
svk,1967,14329.44
svk,1968,32081.4
svk,1969,32512.5
svk,1970,43659
svk,1971,54805.5
svk,1972,59515.2
svk,1973,65363.4
svk,1974,79690.5
svk,1975,91233
svk,1976,100725.3
svk,1977,114473.7
svk,1978,128268
svk,1979,132368.4
svk,1980,97031.7
svk,1981,100748.7
svk,1982,105201
svk,1983,108033.3
svk,1984,122612.4
svk,1985,125992.8
svk,1986,134942.4
svk,1987,142529.4
svk,1988,140279.4
svk,1989,158599.8
svk,1990,213022.8
svk,1991,189464.4
svk,1992,208398.6
svk,1993,206375.4
svk,1994,197041.5
svk,1995,218433.6
svk,1996,230206.5
svk,1997,233605.8
svk,1998,237372.3
svk,1999,240245.1
svk,2000,241847.1
svk,2001,258256.8
svk,2002,245654.1
svk,2003,237337.2
svk,2004,230207.4
svk,2005,247135.5
svk,2006,225161.1
svk,2007,213080.4
svk,2008,216303.3
svk,2009,185283
svk,2010,209609.1
svk,2011,194144.4
svk,2012,182767.5
svk,2013,190836
svk,2014,157940.1
svk,2015,162424.8
svk,2016,163089.9
svk,2017,173194.01
svk,2018,170698.37
svk,2019,174630.4
svn,1990,32118.3
svn,1991,30535.2
svn,1992,25782.3
svn,1993,25607.7
svn,1994,27884.7
svn,1995,30949.2
svn,1996,31444.2
svn,1997,33426
svn,1998,34242.3
svn,1999,35744.4
svn,2000,34552.86
svn,2001,35575.14
svn,2002,34314.33
svn,2003,37960.44
svn,2004,37620.4
svn,2005,38823.96
svn,2006,37647.86
svn,2007,38285.56
svn,2008,36770.31
svn,2009,34794.42
svn,2010,36100.96
svn,2011,30890.12
svn,2012,29712.19
svn,2013,29184.01
svn,2014,26210.93
svn,2015,27807.62
svn,2016,29486.16
svn,2017,31039.42
svn,2018,30710.02
svn,2019,30841.6
swe,1965,0
swe,1966,0
swe,1967,0
swe,1968,0
swe,1969,0
swe,1970,0
swe,1971,0
swe,1972,0
swe,1973,0
swe,1974,0
swe,1975,0
swe,1976,0
swe,1977,0
swe,1978,0
swe,1979,0
swe,1980,0
swe,1981,0
swe,1982,0
swe,1983,0
swe,1984,0
swe,1985,2569.83
swe,1986,6767.16
swe,1987,9037.93
swe,1988,11623.08
swe,1989,15544.73
swe,1990,21635.58
swe,1991,23114.76
swe,1992,26090.06
swe,1993,28473.68
swe,1994,28267.32
swe,1995,28295.53
swe,1996,30319.63
swe,1997,29950.44
swe,1998,29685.24
swe,1999,29748.92
swe,2000,29093.56
swe,2001,32824.17
swe,2002,33403.75
swe,2003,33309.44
swe,2004,33164.34
swe,2005,31598.1
swe,2006,33079.5
swe,2007,34138.8
swe,2008,30996.9
swe,2009,41382
swe,2010,55684.8
swe,2011,43980.3
swe,2012,38343.6
swe,2013,36851.4
swe,2014,30253.5
swe,2015,33608.7
swe,2016,35960.4
swe,2017,34618.5
swe,2018,36607.5
swe,2019,37772.49
tha,1965,0
tha,1966,0
tha,1967,0
tha,1968,0
tha,1969,0
tha,1970,0
tha,1971,0
tha,1972,0
tha,1973,0
tha,1974,0
tha,1975,0
tha,1976,0
tha,1977,0
tha,1978,0
tha,1979,0
tha,1980,0
tha,1981,9922.72
tha,1982,50576.54
tha,1983,59536.3
tha,1984,88885.76
tha,1985,116853.59
tha,1986,125541.1
tha,1987,174063.11
tha,1988,205432.04
tha,1989,201404.89
tha,1990,218349.08
tha,1991,270336.96
tha,1992,293088.19
tha,1993,331952.22
tha,1994,367381
tha,1995,380474.24
tha,1996,443300.71
tha,1997,556077.74
tha,1998,593817.09
tha,1999,659668.4
tha,2000,763033.27
tha,2001,884179.01
tha,2002,960812.99
tha,2003,1023198.44
tha,2004,1071181.33
tha,2005,1154130.87
tha,2006,1188404.36
tha,2007,1266193.63
tha,2008,1329902.12
tha,2009,1372479.96
tha,2010,1555400.26
tha,2011,1595450.19
tha,2012,1750806.1
tha,2013,1759115.72
tha,2014,1798010.36
tha,2015,1834594.42
tha,2016,1820313.18
tha,2017,1803016.6
tha,2018,1800706.03
tha,2019,1829973.28
tkm,1985,294303.54
tkm,1986,476718.58
tkm,1987,473550
tkm,1988,479904.2
tkm,1989,495798.23
tkm,1990,334030.09
tkm,1991,327352.21
tkm,1992,317846.46
tkm,1993,317846.46
tkm,1994,346431.86
tkm,1995,273315.93
tkm,1996,429660
tkm,1997,302494.5
tkm,1998,371794.5
tkm,1999,332293.5
tkm,2000,257796
tkm,2001,378724.5
tkm,2002,269923.5
tkm,2003,418225.5
tkm,2004,412335
tkm,2005,419265
tkm,2006,431739
tkm,2007,401940
tkm,2008,284130
tkm,2009,616077
tkm,2010,657787.89
tkm,2011,746469.2
tkm,2012,825783.91
tkm,2013,695923.62
tkm,2014,718667.86
tkm,2015,913906.98
tkm,2016,904140.19
tkm,2017,891319.69
tkm,2018,1022123.89
tkm,2019,1135174.86
tto,1965,41139.9
tto,1966,48325.5
tto,1967,53337.6
tto,1968,55963.8
tto,1969,56246.4
tto,1970,68830.99
tto,1971,67086
tto,1972,69338.7
tto,1973,66592.8
tto,1974,60839.1
tto,1975,55295.1
tto,1976,62237.7
tto,1977,73157.4
tto,1978,87336.9
tto,1979,90275.4
tto,1980,101997
tto,1981,112354.2
tto,1982,136552.5
tto,1983,141470.1
tto,1984,148233.6
tto,1985,151747.2
tto,1986,155284.2
tto,1987,164496.6
tto,1988,189339.3
tto,1989,189701.1
tto,1990,196681.5
tto,1991,199265.96
tto,1992,192556.84
tto,1993,216119.3
tto,1994,247525.99
tto,1995,265727.6
tto,1996,300038.57
tto,1997,325596.11
tto,1998,325596.11
tto,1999,333998.59
tto,2000,353269.46
tto,2001,392198.78
tto,2002,422305.96
tto,2003,486723.66
tto,2004,535339.27
tto,2005,589511.1
tto,2006,693941.58
tto,2007,707221
tto,2008,689691.72
tto,2009,687184.99
tto,2010,746643.12
tto,2011,737327.54
tto,2012,728495.48
tto,2013,732802.7
tto,2014,738363.2
tto,2015,705771.73
tto,2016,610000.96
tto,2017,660575.82
tto,2018,625491.01
tto,2019,631505.05
tur,1965,0
tur,1966,0
tur,1967,0
tur,1968,0
tur,1969,0
tur,1970,0
tur,1971,0
tur,1972,0
tur,1973,0
tur,1974,0
tur,1975,0
tur,1976,0
tur,1977,0
tur,1978,0
tur,1979,0
tur,1980,0
tur,1981,0
tur,1982,1223.68
tur,1983,1344.33
tur,1984,1309.86
tur,1985,1689.03
tur,1986,14408.46
tur,1987,17993.34
tur,1988,40881.42
tur,1989,108683.91
tur,1990,116267.31
tur,1991,142430.04
tur,1992,155838.87
tur,1993,170695.44
tur,1994,181001.97
tur,1995,234154.71
tur,1996,272519.82
tur,1997,335082.87
tur,1998,354041.37
tur,1999,426807.54
tur,2000,502090.02
tur,2001,552450.69
tur,2002,599019.66
tur,2003,721732.86
tur,2004,762062.76
tur,2005,926036.55
tur,2006,1051093.71
tur,2007,1220065.65
tur,2008,1270736.55
tur,2009,1213998.93
tur,2010,1289557.17
tur,2011,1506235.59
tur,2012,1559491.74
tur,2013,1582793.46
tur,2014,1679274.99
tur,2015,1654525.53
tur,2016,1602165.6
tur,2017,1856450.79
tur,2018,1700370.63
tur,2019,1555922.82
twn,1965,8305.83
twn,1966,9321.39
twn,1967,12041.64
twn,1968,16974.36
twn,1969,21326.76
twn,1970,20232.93
twn,1971,40671.27
twn,1972,47347.1
twn,1973,54639.17
twn,1974,57514.92
twn,1975,57104.1
twn,1976,71089.35
twn,1977,75027.04
twn,1978,73904.14
twn,1979,71341.82
twn,1980,73798.63
twn,1981,62886.15
twn,1982,48093.39
twn,1983,49878.95
twn,1984,50190.41
twn,1985,44996.11
twn,1986,40998.54
twn,1987,41466.3
twn,1988,47297.93
twn,1989,47648.79
twn,1990,76474.47
twn,1991,111062.18
twn,1992,110135.9
twn,1993,115262.45
twn,1994,139984.3
twn,1995,156442.99
twn,1996,159633.23
twn,1997,187289.74
twn,1998,221919.91
twn,1999,225845.16
twn,2000,243626.25
twn,2001,262418.42
twn,2002,293499.1
twn,2003,302931.33
twn,2004,368511.41
twn,2005,371522.9
twn,2006,398514.55
twn,2007,422816.48
twn,2008,459574.52
twn,2009,448803.93
twn,2010,557271.66
twn,2011,613437.55
twn,2012,643868.22
twn,2013,645764.64
twn,2014,679254.07
twn,2015,726492.96
twn,2016,754754.57
twn,2017,836822.23
twn,2018,851836.96
twn,2019,837353.55
ukr,1985,3059693.81
ukr,1986,3229076.77
ukr,1987,3299007.08
ukr,1988,3496072.57
ukr,1989,3534197.79
ukr,1990,4354826.99
ukr,1991,4138085.62
ukr,1992,3527826.55
ukr,1993,3165517.7
ukr,1994,2771420.8
ukr,1995,2596603.54
ukr,1996,3011858.41
ukr,1997,2712035.4
ukr,1998,2511017.7
ukr,1999,2667743.36
ukr,2000,2671150.44
ukr,2001,2589380.53
ukr,2002,2548495.58
ukr,2003,2599601.77
ukr,2004,2579159.29
ukr,2005,2599601.77
ukr,2006,2521238.94
ukr,2007,2378141.59
ukr,2008,2258893.81
ukr,2009,1760710.62
ukr,2010,1964181.42
ukr,2011,2020568.58
ukr,2012,1866193.81
ukr,2013,1717168.14
ukr,2014,1451415.93
ukr,2015,1151592.92
ukr,2016,1131150.44
ukr,2017,1086858.41
ukr,2018,1100486.73
ukr,2019,1015309.73
usa,1965,14973141.97
usa,1966,16137922.04
usa,1967,17039478.24
usa,1968,18240533.99
usa,1969,19634785.24
usa,1970,20695169.86
usa,1971,21335494.33
usa,1972,21553072.38
usa,1973,21376654.49
usa,1974,20636089.79
usa,1975,18941517.64
usa,1976,19319004.7
usa,1977,18925023.95
usa,1978,18991385.17
usa,1979,19623232.06
usa,1980,19214585.5
usa,1981,18751063.49
usa,1982,17430155.51
usa,1983,16352049.43
usa,1984,17465660.14
usa,1985,16810346.07
usa,1986,15754334.12
usa,1987,16749877.76
usa,1988,17517676.51
usa,1989,18612792.83
usa,1990,18614192.47
usa,1991,19022300.62
usa,1992,19668634.8
usa,1993,20157909.57
usa,1994,20631891.83
usa,1995,21527386.1
usa,1996,21920032.73
usa,1997,22051136.19
usa,1998,21678447.2
usa,1999,21753462.62
usa,2000,22622063.73
usa,2001,21623688.54
usa,2002,22324003.7
usa,2003,21678842.22
usa,2004,21766598.7
usa,2005,21426947.42
usa,2006,21116799.61
usa,2007,22468979.13
usa,2008,22640082.4
usa,2009,22234612.09
usa,2010,23334964.23
usa,2011,23695589.18
usa,2012,24772420.01
usa,2013,25452822.16
usa,2014,26001376.4
usa,2015,26768861.79
usa,2016,26967561.83
usa,2017,26639710.61
usa,2018,29517910.47
usa,2019,30479221.87
ussr,1965,4380329.78
ussr,1966,4886547.61
ussr,1967,5379930.27
ussr,1968,5808974.56
ussr,1969,6207961.79
ussr,1970,6821450.85
ussr,1971,7456386.03
ussr,1972,7842538.08
ussr,1973,8528935.84
ussr,1974,9043764.61
ussr,1975,9867490.66
ussr,1976,10858561.44
ussr,1977,11635089.77
ussr,1978,12407312.63
ussr,1979,13170965.16
ussr,1980,13574785.89
ussr,1981,14374953.69
ussr,1982,15517650.18
ussr,1983,16638819.32
ussr,1984,18155441.94
uzb,1985,1120963.27
uzb,1986,1080623.45
uzb,1987,1131457.08
uzb,1988,1115546.02
uzb,1989,1179122.12
uzb,1990,1255100
uzb,1991,1264946.46
uzb,1992,1271283.63
uzb,1993,1385693.36
uzb,1994,1407941.59
uzb,1995,1442932.3
uzb,1996,1502424
uzb,1997,1473664.5
uzb,1998,1479555
uzb,1999,1714482
uzb,2000,1752250.5
uzb,2001,1766110.5
uzb,2002,1818778.5
uzb,2003,1639638
uzb,2004,1656616.5
uzb,2005,1689187.5
uzb,2006,1558903.5
uzb,2007,1686069
uzb,2008,1588702.5
uzb,2009,1586623.5
uzb,2010,1585584
uzb,2011,1704829.41
uzb,2012,1664586
uzb,2013,1661467.5
uzb,2014,1747746
uzb,2015,1668397.5
uzb,2016,1559769.5
uzb,2017,1551643.34
uzb,2018,1597881.66
uzb,2019,1562881.88
ven,1965,270649.08
ven,1966,283795.92
ven,1967,310968.72
ven,1968,320998.68
ven,1969,330349.32
ven,1970,308091.6
ven,1971,298581.12
ven,1972,296782.92
ven,1973,365594.04
ven,1974,386373.24
ven,1975,375783.84
ven,1976,465853.68
ven,1977,508510.98
ven,1978,513126.36
ven,1979,574704.72
ven,1980,591627.78
ven,1981,594824.58
ven,1982,634684.68
ven,1983,624974.4
ven,1984,691308
ven,1985,692326.98
ven,1986,762197.04
ven,1987,742736.52
ven,1988,760358.88
ven,1989,780738.48
ven,1990,877741.38
ven,1991,875203.92
ven,1992,863815.32
ven,1993,932226.84
ven,1994,986032.98
ven,1995,1098939.96
ven,1996,1188050.76
ven,1997,1231966.8
ven,1998,1292126.58
ven,1999,1095303.6
ven,2000,1115843.04
ven,2001,1182536.28
ven,2002,1135483.38
ven,2003,1007951.04
ven,2004,1135063.8
ven,2005,1095663.24
ven,2006,1258020.72
ven,2007,1341614.02
ven,2008,1256384.06
ven,2009,1231806.57
ven,2010,1125605.4
ven,2011,1199750.11
ven,2012,1246061.91
ven,2013,1163008.82
ven,2014,1224957.58
ven,2015,1333376.49
ven,2016,1340594.42
ven,2017,1389793.96
ven,2018,1138287.58
ven,2019,952409.27
vnm,1965,0
vnm,1966,0
vnm,1967,0
vnm,1968,0
vnm,1969,0
vnm,1970,0
vnm,1971,0
vnm,1972,0
vnm,1973,0
vnm,1974,0
vnm,1975,0
vnm,1976,0
vnm,1977,0
vnm,1978,0
vnm,1979,0
vnm,1980,0
vnm,1981,347.4
vnm,1982,660.06
vnm,1983,2275.47
vnm,1984,1980.18
vnm,1985,1233.27
vnm,1986,1285.38
vnm,1987,1285.38
vnm,1988,972.72
vnm,1989,1146.42
vnm,1990,1389.6
vnm,1991,2501.28
vnm,1992,7295.4
vnm,1993,8685
vnm,1994,8685
vnm,1995,5054.67
vnm,1996,9970.38
vnm,1997,18446.94
vnm,1998,31266
vnm,1999,45162
vnm,2000,55584
vnm,2001,69480
vnm,2002,83376
vnm,2003,82438.02
vnm,2004,144518.4
vnm,2005,223725.6
vnm,2006,243180
vnm,2007,245959.2
vnm,2008,260515.26
vnm,2009,278267.4
vnm,2010,326625.48
vnm,2011,294595.2
vnm,2012,324992.7
vnm,2013,338749.74
vnm,2014,354695.4
vnm,2015,370328.4
vnm,2016,368591.4
vnm,2017,342744.84
vnm,2018,347747.4
vnm,2019,354698.87
zaf,1965,0
zaf,1966,0
zaf,1967,0
zaf,1968,0
zaf,1969,0
zaf,1970,0
zaf,1971,2213.23
zaf,1972,3299.03
zaf,1973,3573.63
zaf,1974,4192.35
zaf,1975,5511.88
zaf,1976,5566.88
zaf,1977,5333.14
zaf,1978,5470.64
zaf,1979,6762.68
zaf,1980,7655.99
zaf,1981,7429.13
zaf,1982,6762.68
zaf,1983,7662.86
zaf,1984,7686.92
zaf,1985,7257.64
zaf,1986,7614.74
zaf,1987,7044.53
zaf,1988,7106.4
zaf,1989,7243.9
zaf,1990,70951.6
zaf,1991,71782.85
zaf,1992,66281.65
zaf,1993,45856.92
zaf,1994,45915.35
zaf,1995,46480.98
zaf,1996,40480.4
zaf,1997,33534.03
zaf,1998,33471.26
zaf,1999,42709.81
zaf,2000,41025.7
zaf,2001,49784.62
zaf,2002,50110.52
zaf,2003,37890.86
zaf,2004,87634.15
zaf,2005,124397.82
zaf,2006,134808.17
zaf,2007,136471.33
zaf,2008,141189.13
zaf,2009,119663.83
zaf,2010,148394.02
zaf,2011,154114.17
zaf,2012,156863.84
zaf,2013,145957.27
zaf,2014,154736.08
zaf,2015,155470.57
zaf,2016,163761.72
zaf,2017,159630.72
zaf,2018,161024.82
zaf,2019,154189.7
