geo,time,coal_consumption_per_cap
are,1965,0
are,1966,0
are,1967,0
are,1968,0
are,1969,0
are,1970,0
are,1971,0
are,1972,0
are,1973,0
are,1974,0
are,1975,0
are,1976,0
are,1977,0
are,1978,0
are,1979,0
are,1980,0
are,1981,0
are,1982,0
are,1983,0
are,1984,0
are,1985,0
are,1986,0
are,1987,0
are,1988,0
are,1989,0
are,1990,0
are,1991,0
are,1992,0
are,1993,0
are,1994,0
are,1995,0
are,1996,0
are,1997,0
are,1998,0
are,1999,0
are,2000,0
are,2001,0
are,2002,0
are,2003,0
are,2004,0
are,2005,0
are,2006,0
are,2007,0
are,2008,0
are,2009,0
are,2010,0
are,2011,0
are,2012,0
are,2013,0
are,2014,0
are,2015,0
are,2016,0
are,2017,0
are,2018,0
are,2019,0
arg,1965,0
arg,1966,0
arg,1967,0
arg,1968,0
arg,1969,0
arg,1970,0
arg,1971,0
arg,1972,0
arg,1973,0
arg,1974,0
arg,1975,0
arg,1976,0
arg,1977,0
arg,1978,0
arg,1979,0
arg,1980,0
arg,1981,0
arg,1982,0
arg,1983,0
arg,1984,0
arg,1985,0
arg,1986,0
arg,1987,0
arg,1988,0
arg,1989,0
arg,1990,0
arg,1991,0
arg,1992,0
arg,1993,0
arg,1994,0
arg,1995,0
arg,1996,0
arg,1997,0
arg,1998,0
arg,1999,0
arg,2000,0
arg,2001,0
arg,2002,0
arg,2003,0
arg,2004,0
arg,2005,0
arg,2006,0
arg,2007,0
arg,2008,0
arg,2009,0
arg,2010,0
arg,2011,0
arg,2012,0
arg,2013,0
arg,2014,0
arg,2015,0
arg,2016,0
arg,2017,0
arg,2018,0
arg,2019,0
aus,1965,0
aus,1966,0
aus,1967,0
aus,1968,0
aus,1969,0
aus,1970,0
aus,1971,0
aus,1972,0
aus,1973,0
aus,1974,0
aus,1975,0
aus,1976,0
aus,1977,0
aus,1978,0
aus,1979,0
aus,1980,0
aus,1981,0
aus,1982,0
aus,1983,0
aus,1984,0
aus,1985,0
aus,1986,0
aus,1987,0
aus,1988,0
aus,1989,0
aus,1990,0
aus,1991,0
aus,1992,0
aus,1993,0
aus,1994,0
aus,1995,0
aus,1996,0
aus,1997,0
aus,1998,0
aus,1999,0
aus,2000,0
aus,2001,0
aus,2002,0
aus,2003,0
aus,2004,0
aus,2005,0
aus,2006,0
aus,2007,0
aus,2008,0
aus,2009,0
aus,2010,0
aus,2011,0
aus,2012,0
aus,2013,0
aus,2014,0
aus,2015,0
aus,2016,0
aus,2017,0
aus,2018,0
aus,2019,0
aut,1965,0
aut,1966,0
aut,1967,0
aut,1968,0
aut,1969,0
aut,1970,0
aut,1971,0
aut,1972,0
aut,1973,0
aut,1974,0
aut,1975,0
aut,1976,0
aut,1977,0
aut,1978,0
aut,1979,0
aut,1980,0
aut,1981,0
aut,1982,0
aut,1983,0
aut,1984,0
aut,1985,0
aut,1986,0
aut,1987,0
aut,1988,0
aut,1989,0
aut,1990,0
aut,1991,0
aut,1992,0
aut,1993,0
aut,1994,0
aut,1995,0
aut,1996,0
aut,1997,0
aut,1998,0
aut,1999,0
aut,2000,0
aut,2001,0
aut,2002,0
aut,2003,0
aut,2004,0
aut,2005,0
aut,2006,0
aut,2007,0
aut,2008,0
aut,2009,0
aut,2010,0
aut,2011,0
aut,2012,0
aut,2013,0
aut,2014,0
aut,2015,0
aut,2016,0
aut,2017,0
aut,2018,0
aut,2019,0
aze,1985,0
aze,1986,0
aze,1987,0
aze,1988,0
aze,1989,0
aze,1990,0
aze,1991,0
aze,1992,0
aze,1993,0
aze,1994,0
aze,1995,0
aze,1996,0
aze,1997,0
aze,1998,0
aze,1999,0
aze,2000,0
aze,2001,0
aze,2002,0
aze,2003,0
aze,2004,0
aze,2005,0
aze,2006,0
aze,2007,0
aze,2008,0
aze,2009,0
aze,2010,0
aze,2011,0
aze,2012,0
aze,2013,0
aze,2014,0
aze,2015,0
aze,2016,0
aze,2017,0
aze,2018,0
aze,2019,0
bel,1965,0
bel,1966,0
bel,1967,0
bel,1968,0
bel,1969,0
bel,1970,0
bel,1971,0
bel,1972,0
bel,1973,0
bel,1974,0
bel,1975,0
bel,1976,0
bel,1977,0
bel,1978,0
bel,1979,0
bel,1980,0
bel,1981,0
bel,1982,0
bel,1983,0
bel,1984,0
bel,1985,0
bel,1986,0
bel,1987,0
bel,1988,0
bel,1989,0
bel,1990,0
bel,1991,0
bel,1992,0
bel,1993,0
bel,1994,0
bel,1995,0
bel,1996,0
bel,1997,0
bel,1998,0
bel,1999,0
bel,2000,0
bel,2001,0
bel,2002,0
bel,2003,0
bel,2004,0
bel,2005,0
bel,2006,0
bel,2007,0
bel,2008,0
bel,2009,0
bel,2010,0
bel,2011,0
bel,2012,0
bel,2013,0
bel,2014,0
bel,2015,0
bel,2016,0
bel,2017,0
bel,2018,0
bel,2019,0
bgd,1965,0
bgd,1966,0
bgd,1967,0
bgd,1968,0
bgd,1969,0
bgd,1970,0
bgd,1971,0
bgd,1972,0
bgd,1973,0
bgd,1974,0
bgd,1975,0
bgd,1976,0
bgd,1977,0
bgd,1978,0
bgd,1979,0
bgd,1980,0
bgd,1981,0
bgd,1982,0
bgd,1983,0
bgd,1984,0
bgd,1985,0
bgd,1986,0
bgd,1987,0
bgd,1988,0
bgd,1989,0
bgd,1990,0
bgd,1991,0
bgd,1992,0
bgd,1993,0
bgd,1994,0
bgd,1995,0
bgd,1996,0
bgd,1997,0
bgd,1998,0
bgd,1999,0
bgd,2000,0
bgd,2001,0
bgd,2002,0
bgd,2003,0
bgd,2004,0
bgd,2005,0
bgd,2006,0
bgd,2007,0
bgd,2008,0
bgd,2009,0
bgd,2010,0
bgd,2011,0
bgd,2012,0
bgd,2013,0
bgd,2014,0
bgd,2015,0
bgd,2016,0
bgd,2017,0
bgd,2018,0
bgd,2019,0
bgr,1965,0
bgr,1966,0
bgr,1967,0
bgr,1968,0
bgr,1969,0
bgr,1970,0
bgr,1971,0
bgr,1972,0
bgr,1973,0
bgr,1974,0
bgr,1975,0
bgr,1976,0
bgr,1977,0
bgr,1978,0
bgr,1979,0
bgr,1980,0
bgr,1981,0
bgr,1982,0
bgr,1983,0
bgr,1984,0
bgr,1985,0
bgr,1986,0
bgr,1987,0
bgr,1988,0
bgr,1989,0
bgr,1990,0
bgr,1991,0
bgr,1992,0
bgr,1993,0
bgr,1994,0
bgr,1995,0
bgr,1996,0
bgr,1997,0
bgr,1998,0
bgr,1999,0
bgr,2000,0
bgr,2001,0
bgr,2002,0
bgr,2003,0
bgr,2004,0
bgr,2005,0
bgr,2006,0
bgr,2007,0
bgr,2008,0
bgr,2009,0
bgr,2010,0
bgr,2011,0
bgr,2012,0
bgr,2013,0
bgr,2014,0
bgr,2015,0
bgr,2016,0
bgr,2017,0
bgr,2018,0
bgr,2019,0
blr,1985,0
blr,1986,0
blr,1987,0
blr,1988,0
blr,1989,0
blr,1990,0
blr,1991,0
blr,1992,0
blr,1993,0
blr,1994,0
blr,1995,0
blr,1996,0
blr,1997,0
blr,1998,0
blr,1999,0
blr,2000,0
blr,2001,0
blr,2002,0
blr,2003,0
blr,2004,0
blr,2005,0
blr,2006,0
blr,2007,0
blr,2008,0
blr,2009,0
blr,2010,0
blr,2011,0
blr,2012,0
blr,2013,0
blr,2014,0
blr,2015,0
blr,2016,0
blr,2017,0
blr,2018,0
blr,2019,0
bra,1965,0
bra,1966,0
bra,1967,0
bra,1968,0
bra,1969,0
bra,1970,0
bra,1971,0
bra,1972,0
bra,1973,0
bra,1974,0
bra,1975,0
bra,1976,0
bra,1977,0
bra,1978,0
bra,1979,0
bra,1980,0
bra,1981,0
bra,1982,0
bra,1983,0
bra,1984,0
bra,1985,0
bra,1986,0
bra,1987,0
bra,1988,0
bra,1989,0
bra,1990,0
bra,1991,0
bra,1992,0
bra,1993,0
bra,1994,0
bra,1995,0
bra,1996,0
bra,1997,0
bra,1998,0
bra,1999,0
bra,2000,0
bra,2001,0
bra,2002,0
bra,2003,0
bra,2004,0
bra,2005,0
bra,2006,0
bra,2007,0
bra,2008,0
bra,2009,0
bra,2010,0
bra,2011,0
bra,2012,0
bra,2013,0
bra,2014,0
bra,2015,0
bra,2016,0
bra,2017,0
bra,2018,0
bra,2019,0
can,1965,0
can,1966,0
can,1967,0
can,1968,0
can,1969,0
can,1970,0
can,1971,0
can,1972,0
can,1973,0
can,1974,0
can,1975,0
can,1976,0
can,1977,0
can,1978,0
can,1979,0
can,1980,0
can,1981,0
can,1982,0
can,1983,0
can,1984,0
can,1985,0
can,1986,0
can,1987,0
can,1988,0
can,1989,0
can,1990,0
can,1991,0
can,1992,0
can,1993,0
can,1994,0
can,1995,0
can,1996,0
can,1997,0
can,1998,0
can,1999,0
can,2000,0
can,2001,0
can,2002,0
can,2003,0
can,2004,0
can,2005,0
can,2006,0
can,2007,0
can,2008,0
can,2009,0
can,2010,0
can,2011,0
can,2012,0
can,2013,0
can,2014,0
can,2015,0
can,2016,0
can,2017,0
can,2018,0
can,2019,0
che,1965,0
che,1966,0
che,1967,0
che,1968,0
che,1969,0
che,1970,0
che,1971,0
che,1972,0
che,1973,0
che,1974,0
che,1975,0
che,1976,0
che,1977,0
che,1978,0
che,1979,0
che,1980,0
che,1981,0
che,1982,0
che,1983,0
che,1984,0
che,1985,0
che,1986,0
che,1987,0
che,1988,0
che,1989,0
che,1990,0
che,1991,0
che,1992,0
che,1993,0
che,1994,0
che,1995,0
che,1996,0
che,1997,0
che,1998,0
che,1999,0
che,2000,0
che,2001,0
che,2002,0
che,2003,0
che,2004,0
che,2005,0
che,2006,0
che,2007,0
che,2008,0
che,2009,0
che,2010,0
che,2011,0
che,2012,0
che,2013,0
che,2014,0
che,2015,0
che,2016,0
che,2017,0
che,2018,0
che,2019,0
chl,1965,0
chl,1966,0
chl,1967,0
chl,1968,0
chl,1969,0
chl,1970,0
chl,1971,0
chl,1972,0
chl,1973,0
chl,1974,0
chl,1975,0
chl,1976,0
chl,1977,0
chl,1978,0
chl,1979,0
chl,1980,0
chl,1981,0
chl,1982,0
chl,1983,0
chl,1984,0
chl,1985,0
chl,1986,0
chl,1987,0
chl,1988,0
chl,1989,0
chl,1990,0
chl,1991,0
chl,1992,0
chl,1993,0
chl,1994,0
chl,1995,0
chl,1996,0
chl,1997,0
chl,1998,0
chl,1999,0
chl,2000,0
chl,2001,0
chl,2002,0
chl,2003,0
chl,2004,0
chl,2005,0
chl,2006,0
chl,2007,0
chl,2008,0
chl,2009,0
chl,2010,0
chl,2011,0
chl,2012,0
chl,2013,0
chl,2014,0
chl,2015,0
chl,2016,0
chl,2017,0
chl,2018,0
chl,2019,0
chn,1965,0
chn,1966,0
chn,1967,0
chn,1968,0
chn,1969,0
chn,1970,0
chn,1971,0
chn,1972,0
chn,1973,0
chn,1974,0
chn,1975,0
chn,1976,0
chn,1977,0
chn,1978,0
chn,1979,0
chn,1980,0
chn,1981,0
chn,1982,0
chn,1983,0
chn,1984,0
chn,1985,0
chn,1986,0
chn,1987,0
chn,1988,0
chn,1989,0
chn,1990,0
chn,1991,0
chn,1992,0
chn,1993,0
chn,1994,0
chn,1995,0
chn,1996,0
chn,1997,0
chn,1998,0
chn,1999,0
chn,2000,0
chn,2001,0
chn,2002,0
chn,2003,0
chn,2004,0
chn,2005,0
chn,2006,0
chn,2007,0
chn,2008,0
chn,2009,0
chn,2010,0
chn,2011,0
chn,2012,0
chn,2013,0
chn,2014,0
chn,2015,0
chn,2016,0
chn,2017,0
chn,2018,0
chn,2019,0
col,1965,0
col,1966,0
col,1967,0
col,1968,0
col,1969,0
col,1970,0
col,1971,0
col,1972,0
col,1973,0
col,1974,0
col,1975,0
col,1976,0
col,1977,0
col,1978,0
col,1979,0
col,1980,0
col,1981,0
col,1982,0
col,1983,0
col,1984,0
col,1985,0
col,1986,0
col,1987,0
col,1988,0
col,1989,0
col,1990,0
col,1991,0
col,1992,0
col,1993,0
col,1994,0
col,1995,0
col,1996,0
col,1997,0
col,1998,0
col,1999,0
col,2000,0
col,2001,0
col,2002,0
col,2003,0
col,2004,0
col,2005,0
col,2006,0
col,2007,0
col,2008,0
col,2009,0
col,2010,0
col,2011,0
col,2012,0
col,2013,0
col,2014,0
col,2015,0
col,2016,0
col,2017,0
col,2018,0
col,2019,0
cyp,1965,0
cyp,1966,0
cyp,1967,0
cyp,1968,0
cyp,1969,0
cyp,1970,0
cyp,1971,0
cyp,1972,0
cyp,1973,0
cyp,1974,0
cyp,1975,0
cyp,1976,0
cyp,1977,0
cyp,1978,0
cyp,1979,0
cyp,1980,0
cyp,1981,0
cyp,1982,0
cyp,1983,0
cyp,1984,0
cyp,1985,0
cyp,1986,0
cyp,1987,0
cyp,1988,0
cyp,1989,0
cyp,1990,0
cyp,1991,0
cyp,1992,0
cyp,1993,0
cyp,1994,0
cyp,1995,0
cyp,1996,0
cyp,1997,0
cyp,1998,0
cyp,1999,0
cyp,2000,0
cyp,2001,0
cyp,2002,0
cyp,2003,0
cyp,2004,0
cyp,2005,0
cyp,2006,0
cyp,2007,0
cyp,2008,0
cyp,2009,0
cyp,2010,0
cyp,2011,0
cyp,2012,0
cyp,2013,0
cyp,2014,0
cyp,2015,0
cyp,2016,0
cyp,2017,0
cyp,2018,0
cyp,2019,0
cze,1965,0
cze,1966,0
cze,1967,0
cze,1968,0
cze,1969,0
cze,1970,0
cze,1971,0
cze,1972,0
cze,1973,0
cze,1974,0
cze,1975,0
cze,1976,0
cze,1977,0
cze,1978,0
cze,1979,0
cze,1980,0
cze,1981,0
cze,1982,0
cze,1983,0
cze,1984,0
cze,1985,0
cze,1986,0
cze,1987,0
cze,1988,0
cze,1989,0
cze,1990,0
cze,1991,0
cze,1992,0
cze,1993,0
cze,1994,0
cze,1995,0
cze,1996,0
cze,1997,0
cze,1998,0
cze,1999,0
cze,2000,0
cze,2001,0
cze,2002,0
cze,2003,0
cze,2004,0
cze,2005,0
cze,2006,0
cze,2007,0
cze,2008,0
cze,2009,0
cze,2010,0
cze,2011,0
cze,2012,0
cze,2013,0
cze,2014,0
cze,2015,0
cze,2016,0
cze,2017,0
cze,2018,0
cze,2019,0
deu,1965,0
deu,1966,0
deu,1967,0
deu,1968,0
deu,1969,0
deu,1970,0
deu,1971,0
deu,1972,0
deu,1973,0
deu,1974,0
deu,1975,0
deu,1976,0
deu,1977,0
deu,1978,0
deu,1979,0
deu,1980,0
deu,1981,0
deu,1982,0
deu,1983,0
deu,1984,0
deu,1985,0
deu,1986,0
deu,1987,0
deu,1988,0
deu,1989,0
deu,1990,0
deu,1991,0
deu,1992,0
deu,1993,0
deu,1994,0
deu,1995,0
deu,1996,0
deu,1997,0
deu,1998,0
deu,1999,0
deu,2000,0
deu,2001,0
deu,2002,0
deu,2003,0
deu,2004,0
deu,2005,0
deu,2006,0
deu,2007,0
deu,2008,0
deu,2009,0
deu,2010,0
deu,2011,0
deu,2012,0
deu,2013,0
deu,2014,0
deu,2015,0
deu,2016,0
deu,2017,0
deu,2018,0
deu,2019,0
dnk,1965,0
dnk,1966,0
dnk,1967,0
dnk,1968,0
dnk,1969,0
dnk,1970,0
dnk,1971,0
dnk,1972,0
dnk,1973,0
dnk,1974,0
dnk,1975,0
dnk,1976,0
dnk,1977,0
dnk,1978,0
dnk,1979,0
dnk,1980,0
dnk,1981,0
dnk,1982,0
dnk,1983,0
dnk,1984,0
dnk,1985,0
dnk,1986,0
dnk,1987,0
dnk,1988,0
dnk,1989,0
dnk,1990,0
dnk,1991,0
dnk,1992,0
dnk,1993,0
dnk,1994,0
dnk,1995,0
dnk,1996,0
dnk,1997,0
dnk,1998,0
dnk,1999,0
dnk,2000,0
dnk,2001,0
dnk,2002,0
dnk,2003,0
dnk,2004,0
dnk,2005,0
dnk,2006,0
dnk,2007,0
dnk,2008,0
dnk,2009,0
dnk,2010,0
dnk,2011,0
dnk,2012,0
dnk,2013,0
dnk,2014,0
dnk,2015,0
dnk,2016,0
dnk,2017,0
dnk,2018,0
dnk,2019,0
dza,1965,0
dza,1966,0
dza,1967,0
dza,1968,0
dza,1969,0
dza,1970,0
dza,1971,0
dza,1972,0
dza,1973,0
dza,1974,0
dza,1975,0
dza,1976,0
dza,1977,0
dza,1978,0
dza,1979,0
dza,1980,0
dza,1981,0
dza,1982,0
dza,1983,0
dza,1984,0
dza,1985,0
dza,1986,0
dza,1987,0
dza,1988,0
dza,1989,0
dza,1990,0
dza,1991,0
dza,1992,0
dza,1993,0
dza,1994,0
dza,1995,0
dza,1996,0
dza,1997,0
dza,1998,0
dza,1999,0
dza,2000,0
dza,2001,0
dza,2002,0
dza,2003,0
dza,2004,0
dza,2005,0
dza,2006,0
dza,2007,0
dza,2008,0
dza,2009,0
dza,2010,0
dza,2011,0
dza,2012,0
dza,2013,0
dza,2014,0
dza,2015,0
dza,2016,0
dza,2017,0
dza,2018,0
dza,2019,0
ecu,1965,0
ecu,1966,0
ecu,1967,0
ecu,1968,0
ecu,1969,0
ecu,1970,0
ecu,1971,0
ecu,1972,0
ecu,1973,0
ecu,1974,0
ecu,1975,0
ecu,1976,0
ecu,1977,0
ecu,1978,0
ecu,1979,0
ecu,1980,0
ecu,1981,0
ecu,1982,0
ecu,1983,0
ecu,1984,0
ecu,1985,0
ecu,1986,0
ecu,1987,0
ecu,1988,0
ecu,1989,0
ecu,1990,0
ecu,1991,0
ecu,1992,0
ecu,1993,0
ecu,1994,0
ecu,1995,0
ecu,1996,0
ecu,1997,0
ecu,1998,0
ecu,1999,0
ecu,2000,0
ecu,2001,0
ecu,2002,0
ecu,2003,0
ecu,2004,0
ecu,2005,0
ecu,2006,0
ecu,2007,0
ecu,2008,0
ecu,2009,0
ecu,2010,0
ecu,2011,0
ecu,2012,0
ecu,2013,0
ecu,2014,0
ecu,2015,0
ecu,2016,0
ecu,2017,0
ecu,2018,0
ecu,2019,0
egy,1965,0
egy,1966,0
egy,1967,0
egy,1968,0
egy,1969,0
egy,1970,0
egy,1971,0
egy,1972,0
egy,1973,0
egy,1974,0
egy,1975,0
egy,1976,0
egy,1977,0
egy,1978,0
egy,1979,0
egy,1980,0
egy,1981,0
egy,1982,0
egy,1983,0
egy,1984,0
egy,1985,0
egy,1986,0
egy,1987,0
egy,1988,0
egy,1989,0
egy,1990,0
egy,1991,0
egy,1992,0
egy,1993,0
egy,1994,0
egy,1995,0
egy,1996,0
egy,1997,0
egy,1998,0
egy,1999,0
egy,2000,0
egy,2001,0
egy,2002,0
egy,2003,0
egy,2004,0
egy,2005,0
egy,2006,0
egy,2007,0
egy,2008,0
egy,2009,0
egy,2010,0
egy,2011,0
egy,2012,0
egy,2013,0
egy,2014,0
egy,2015,0
egy,2016,0
egy,2017,0
egy,2018,0
egy,2019,0
esp,1965,0
esp,1966,0
esp,1967,0
esp,1968,0
esp,1969,0
esp,1970,0
esp,1971,0
esp,1972,0
esp,1973,0
esp,1974,0
esp,1975,0
esp,1976,0
esp,1977,0
esp,1978,0
esp,1979,0
esp,1980,0
esp,1981,0
esp,1982,0
esp,1983,0
esp,1984,0
esp,1985,0
esp,1986,0
esp,1987,0
esp,1988,0
esp,1989,0
esp,1990,0
esp,1991,0
esp,1992,0
esp,1993,0
esp,1994,0
esp,1995,0
esp,1996,0
esp,1997,0
esp,1998,0
esp,1999,0
esp,2000,0
esp,2001,0
esp,2002,0
esp,2003,0
esp,2004,0
esp,2005,0
esp,2006,0
esp,2007,0
esp,2008,0
esp,2009,0
esp,2010,0
esp,2011,0
esp,2012,0
esp,2013,0
esp,2014,0
esp,2015,0
esp,2016,0
esp,2017,0
esp,2018,0
esp,2019,0
est,1985,0
est,1986,0
est,1987,0
est,1988,0
est,1989,0
est,1990,0
est,1991,0
est,1992,0
est,1993,0
est,1994,0
est,1995,0
est,1996,0
est,1997,0
est,1998,0
est,1999,0
est,2000,0
est,2001,0
est,2002,0
est,2003,0
est,2004,0
est,2005,0
est,2006,0
est,2007,0
est,2008,0
est,2009,0
est,2010,0
est,2011,0
est,2012,0
est,2013,0
est,2014,0
est,2015,0
est,2016,0
est,2017,0
est,2018,0
est,2019,0
fin,1965,0
fin,1966,0
fin,1967,0
fin,1968,0
fin,1969,0
fin,1970,0
fin,1971,0
fin,1972,0
fin,1973,0
fin,1974,0
fin,1975,0
fin,1976,0
fin,1977,0
fin,1978,0
fin,1979,0
fin,1980,0
fin,1981,0
fin,1982,0
fin,1983,0
fin,1984,0
fin,1985,0
fin,1986,0
fin,1987,0
fin,1988,0
fin,1989,0
fin,1990,0
fin,1991,0
fin,1992,0
fin,1993,0
fin,1994,0
fin,1995,0
fin,1996,0
fin,1997,0
fin,1998,0
fin,1999,0
fin,2000,0
fin,2001,0
fin,2002,0
fin,2003,0
fin,2004,0
fin,2005,0
fin,2006,0
fin,2007,0
fin,2008,0
fin,2009,0
fin,2010,0
fin,2011,0
fin,2012,0
fin,2013,0
fin,2014,0
fin,2015,0
fin,2016,0
fin,2017,0
fin,2018,0
fin,2019,0
fra,1965,0
fra,1966,0
fra,1967,0
fra,1968,0
fra,1969,0
fra,1970,0
fra,1971,0
fra,1972,0
fra,1973,0
fra,1974,0
fra,1975,0
fra,1976,0
fra,1977,0
fra,1978,0
fra,1979,0
fra,1980,0
fra,1981,0
fra,1982,0
fra,1983,0
fra,1984,0
fra,1985,0
fra,1986,0
fra,1987,0
fra,1988,0
fra,1989,0
fra,1990,0
fra,1991,0
fra,1992,0
fra,1993,0
fra,1994,0
fra,1995,0
fra,1996,0
fra,1997,0
fra,1998,0
fra,1999,0
fra,2000,0
fra,2001,0
fra,2002,0
fra,2003,0
fra,2004,0
fra,2005,0
fra,2006,0
fra,2007,0
fra,2008,0
fra,2009,0
fra,2010,0
fra,2011,0
fra,2012,0
fra,2013,0
fra,2014,0
fra,2015,0
fra,2016,0
fra,2017,0
fra,2018,0
fra,2019,0
gbr,1965,0
gbr,1966,0
gbr,1967,0
gbr,1968,0
gbr,1969,0
gbr,1970,0
gbr,1971,0
gbr,1972,0
gbr,1973,0
gbr,1974,0
gbr,1975,0
gbr,1976,0
gbr,1977,0
gbr,1978,0
gbr,1979,0
gbr,1980,0
gbr,1981,0
gbr,1982,0
gbr,1983,0
gbr,1984,0
gbr,1985,0
gbr,1986,0
gbr,1987,0
gbr,1988,0
gbr,1989,0
gbr,1990,0
gbr,1991,0
gbr,1992,0
gbr,1993,0
gbr,1994,0
gbr,1995,0
gbr,1996,0
gbr,1997,0
gbr,1998,0
gbr,1999,0
gbr,2000,0
gbr,2001,0
gbr,2002,0
gbr,2003,0
gbr,2004,0
gbr,2005,0
gbr,2006,0
gbr,2007,0
gbr,2008,0
gbr,2009,0
gbr,2010,0
gbr,2011,0
gbr,2012,0
gbr,2013,0
gbr,2014,0
gbr,2015,0
gbr,2016,0
gbr,2017,0
gbr,2018,0
gbr,2019,0
grc,1965,0
grc,1966,0
grc,1967,0
grc,1968,0
grc,1969,0
grc,1970,0
grc,1971,0
grc,1972,0
grc,1973,0
grc,1974,0
grc,1975,0
grc,1976,0
grc,1977,0
grc,1978,0
grc,1979,0
grc,1980,0
grc,1981,0
grc,1982,0
grc,1983,0
grc,1984,0
grc,1985,0
grc,1986,0
grc,1987,0
grc,1988,0
grc,1989,0
grc,1990,0
grc,1991,0
grc,1992,0
grc,1993,0
grc,1994,0
grc,1995,0
grc,1996,0
grc,1997,0
grc,1998,0
grc,1999,0
grc,2000,0
grc,2001,0
grc,2002,0
grc,2003,0
grc,2004,0
grc,2005,0
grc,2006,0
grc,2007,0
grc,2008,0
grc,2009,0
grc,2010,0
grc,2011,0
grc,2012,0
grc,2013,0
grc,2014,0
grc,2015,0
grc,2016,0
grc,2017,0
grc,2018,0
grc,2019,0
hkg,1965,0
hkg,1966,0
hkg,1967,0
hkg,1968,0
hkg,1969,0
hkg,1970,0
hkg,1971,0
hkg,1972,0
hkg,1973,0
hkg,1974,0
hkg,1975,0
hkg,1976,0
hkg,1977,0
hkg,1978,0
hkg,1979,0
hkg,1980,0
hkg,1981,0
hkg,1982,0
hkg,1983,0
hkg,1984,0
hkg,1985,0
hkg,1986,0
hkg,1987,0
hkg,1988,0
hkg,1989,0
hkg,1990,0
hkg,1991,0
hkg,1992,0
hkg,1993,0
hkg,1994,0
hkg,1995,0
hkg,1996,0
hkg,1997,0
hkg,1998,0
hkg,1999,0
hkg,2000,0
hkg,2001,0
hkg,2002,0
hkg,2003,0
hkg,2004,0
hkg,2005,0
hkg,2006,0
hkg,2007,0
hkg,2008,0
hkg,2009,0
hkg,2010,0
hkg,2011,0
hkg,2012,0
hkg,2013,0
hkg,2014,0
hkg,2015,0
hkg,2016,0
hkg,2017,0
hkg,2018,0
hkg,2019,0
hrv,1990,0
hrv,1991,0
hrv,1992,0
hrv,1993,0
hrv,1994,0
hrv,1995,0
hrv,1996,0
hrv,1997,0
hrv,1998,0
hrv,1999,0
hrv,2000,0
hrv,2001,0
hrv,2002,0
hrv,2003,0
hrv,2004,0
hrv,2005,0
hrv,2006,0
hrv,2007,0
hrv,2008,0
hrv,2009,0
hrv,2010,0
hrv,2011,0
hrv,2012,0
hrv,2013,0
hrv,2014,0
hrv,2015,0
hrv,2016,0
hrv,2017,0
hrv,2018,0
hrv,2019,0
hun,1965,0
hun,1966,0
hun,1967,0
hun,1968,0
hun,1969,0
hun,1970,0
hun,1971,0
hun,1972,0
hun,1973,0
hun,1974,0
hun,1975,0
hun,1976,0
hun,1977,0
hun,1978,0
hun,1979,0
hun,1980,0
hun,1981,0
hun,1982,0
hun,1983,0
hun,1984,0
hun,1985,0
hun,1986,0
hun,1987,0
hun,1988,0
hun,1989,0
hun,1990,0
hun,1991,0
hun,1992,0
hun,1993,0
hun,1994,0
hun,1995,0
hun,1996,0
hun,1997,0
hun,1998,0
hun,1999,0
hun,2000,0
hun,2001,0
hun,2002,0
hun,2003,0
hun,2004,0
hun,2005,0
hun,2006,0
hun,2007,0
hun,2008,0
hun,2009,0
hun,2010,0
hun,2011,0
hun,2012,0
hun,2013,0
hun,2014,0
hun,2015,0
hun,2016,0
hun,2017,0
hun,2018,0
hun,2019,0
idn,1965,0
idn,1966,0
idn,1967,0
idn,1968,0
idn,1969,0
idn,1970,0
idn,1971,0
idn,1972,0
idn,1973,0
idn,1974,0
idn,1975,0
idn,1976,0
idn,1977,0
idn,1978,0
idn,1979,0
idn,1980,0
idn,1981,0
idn,1982,0
idn,1983,0
idn,1984,0
idn,1985,0
idn,1986,0
idn,1987,0
idn,1988,0
idn,1989,0
idn,1990,0
idn,1991,0
idn,1992,0
idn,1993,0
idn,1994,0
idn,1995,0
idn,1996,0
idn,1997,0
idn,1998,0
idn,1999,0
idn,2000,0
idn,2001,0
idn,2002,0
idn,2003,0
idn,2004,0
idn,2005,0
idn,2006,0
idn,2007,0
idn,2008,0
idn,2009,0
idn,2010,0
idn,2011,0
idn,2012,0
idn,2013,0
idn,2014,0
idn,2015,0
idn,2016,0
idn,2017,0
idn,2018,0
idn,2019,0
ind,1965,0
ind,1966,0
ind,1967,0
ind,1968,0
ind,1969,0
ind,1970,0
ind,1971,0
ind,1972,0
ind,1973,0
ind,1974,0
ind,1975,0
ind,1976,0
ind,1977,0
ind,1978,0
ind,1979,0
ind,1980,0
ind,1981,0
ind,1982,0
ind,1983,0
ind,1984,0
ind,1985,0
ind,1986,0
ind,1987,0
ind,1988,0
ind,1989,0
ind,1990,0
ind,1991,0
ind,1992,0
ind,1993,0
ind,1994,0
ind,1995,0
ind,1996,0
ind,1997,0
ind,1998,0
ind,1999,0
ind,2000,0
ind,2001,0
ind,2002,0
ind,2003,0
ind,2004,0
ind,2005,0
ind,2006,0
ind,2007,0
ind,2008,0
ind,2009,0
ind,2010,0
ind,2011,0
ind,2012,0
ind,2013,0
ind,2014,0
ind,2015,0
ind,2016,0
ind,2017,0
ind,2018,0
ind,2019,0
irl,1965,0
irl,1966,0
irl,1967,0
irl,1968,0
irl,1969,0
irl,1970,0
irl,1971,0
irl,1972,0
irl,1973,0
irl,1974,0
irl,1975,0
irl,1976,0
irl,1977,0
irl,1978,0
irl,1979,0
irl,1980,0
irl,1981,0
irl,1982,0
irl,1983,0
irl,1984,0
irl,1985,0
irl,1986,0
irl,1987,0
irl,1988,0
irl,1989,0
irl,1990,0
irl,1991,0
irl,1992,0
irl,1993,0
irl,1994,0
irl,1995,0
irl,1996,0
irl,1997,0
irl,1998,0
irl,1999,0
irl,2000,0
irl,2001,0
irl,2002,0
irl,2003,0
irl,2004,0
irl,2005,0
irl,2006,0
irl,2007,0
irl,2008,0
irl,2009,0
irl,2010,0
irl,2011,0
irl,2012,0
irl,2013,0
irl,2014,0
irl,2015,0
irl,2016,0
irl,2017,0
irl,2018,0
irl,2019,0
irn,1965,0
irn,1966,0
irn,1967,0
irn,1968,0
irn,1969,0
irn,1970,0
irn,1971,0
irn,1972,0
irn,1973,0
irn,1974,0
irn,1975,0
irn,1976,0
irn,1977,0
irn,1978,0
irn,1979,0
irn,1980,0
irn,1981,0
irn,1982,0
irn,1983,0
irn,1984,0
irn,1985,0
irn,1986,0
irn,1987,0
irn,1988,0
irn,1989,0
irn,1990,0
irn,1991,0
irn,1992,0
irn,1993,0
irn,1994,0
irn,1995,0
irn,1996,0
irn,1997,0
irn,1998,0
irn,1999,0
irn,2000,0
irn,2001,0
irn,2002,0
irn,2003,0
irn,2004,0
irn,2005,0
irn,2006,0
irn,2007,0
irn,2008,0
irn,2009,0
irn,2010,0
irn,2011,0
irn,2012,0
irn,2013,0
irn,2014,0
irn,2015,0
irn,2016,0
irn,2017,0
irn,2018,0
irn,2019,0
irq,1965,0
irq,1966,0
irq,1967,0
irq,1968,0
irq,1969,0
irq,1970,0
irq,1971,0
irq,1972,0
irq,1973,0
irq,1974,0
irq,1975,0
irq,1976,0
irq,1977,0
irq,1978,0
irq,1979,0
irq,1980,0
irq,1981,0
irq,1982,0
irq,1983,0
irq,1984,0
irq,1985,0
irq,1986,0
irq,1987,0
irq,1988,0
irq,1989,0
irq,1990,0
irq,1991,0
irq,1992,0
irq,1993,0
irq,1994,0
irq,1995,0
irq,1996,0
irq,1997,0
irq,1998,0
irq,1999,0
irq,2000,0
irq,2001,0
irq,2002,0
irq,2003,0
irq,2004,0
irq,2005,0
irq,2006,0
irq,2007,0
irq,2008,0
irq,2009,0
irq,2010,0
irq,2011,0
irq,2012,0
irq,2013,0
irq,2014,0
irq,2015,0
irq,2016,0
irq,2017,0
irq,2018,0
irq,2019,0
isl,1965,0
isl,1966,0
isl,1967,0
isl,1968,0
isl,1969,0
isl,1970,0
isl,1971,0
isl,1972,0
isl,1973,0
isl,1974,0
isl,1975,0
isl,1976,0
isl,1977,0
isl,1978,0
isl,1979,0
isl,1980,0
isl,1981,0
isl,1982,0
isl,1983,0
isl,1984,0
isl,1985,0
isl,1986,0
isl,1987,0
isl,1988,0
isl,1989,0
isl,1990,0
isl,1991,0
isl,1992,0
isl,1993,0
isl,1994,0
isl,1995,0
isl,1996,0
isl,1997,0
isl,1998,0
isl,1999,0
isl,2000,0
isl,2001,0
isl,2002,0
isl,2003,0
isl,2004,0
isl,2005,0
isl,2006,0
isl,2007,0
isl,2008,0
isl,2009,0
isl,2010,0
isl,2011,0
isl,2012,0
isl,2013,0
isl,2014,0
isl,2015,0
isl,2016,0
isl,2017,0
isl,2018,0
isl,2019,0
isr,1965,0
isr,1966,0
isr,1967,0
isr,1968,0
isr,1969,0
isr,1970,0
isr,1971,0
isr,1972,0
isr,1973,0
isr,1974,0
isr,1975,0
isr,1976,0
isr,1977,0
isr,1978,0
isr,1979,0
isr,1980,0
isr,1981,0
isr,1982,0
isr,1983,0
isr,1984,0
isr,1985,0
isr,1986,0
isr,1987,0
isr,1988,0
isr,1989,0
isr,1990,0
isr,1991,0
isr,1992,0
isr,1993,0
isr,1994,0
isr,1995,0
isr,1996,0
isr,1997,0
isr,1998,0
isr,1999,0
isr,2000,0
isr,2001,0
isr,2002,0
isr,2003,0
isr,2004,0
isr,2005,0
isr,2006,0
isr,2007,0
isr,2008,0
isr,2009,0
isr,2010,0
isr,2011,0
isr,2012,0
isr,2013,0
isr,2014,0
isr,2015,0
isr,2016,0
isr,2017,0
isr,2018,0
isr,2019,0
ita,1965,0
ita,1966,0
ita,1967,0
ita,1968,0
ita,1969,0
ita,1970,0
ita,1971,0
ita,1972,0
ita,1973,0
ita,1974,0
ita,1975,0
ita,1976,0
ita,1977,0
ita,1978,0
ita,1979,0
ita,1980,0
ita,1981,0
ita,1982,0
ita,1983,0
ita,1984,0
ita,1985,0
ita,1986,0
ita,1987,0
ita,1988,0
ita,1989,0
ita,1990,0
ita,1991,0
ita,1992,0
ita,1993,0
ita,1994,0
ita,1995,0
ita,1996,0
ita,1997,0
ita,1998,0
ita,1999,0
ita,2000,0
ita,2001,0
ita,2002,0
ita,2003,0
ita,2004,0
ita,2005,0
ita,2006,0
ita,2007,0
ita,2008,0
ita,2009,0
ita,2010,0
ita,2011,0
ita,2012,0
ita,2013,0
ita,2014,0
ita,2015,0
ita,2016,0
ita,2017,0
ita,2018,0
ita,2019,0
jpn,1965,0
jpn,1966,0
jpn,1967,0
jpn,1968,0
jpn,1969,0
jpn,1970,0
jpn,1971,0
jpn,1972,0
jpn,1973,0
jpn,1974,0
jpn,1975,0
jpn,1976,0
jpn,1977,0
jpn,1978,0
jpn,1979,0
jpn,1980,0
jpn,1981,0
jpn,1982,0
jpn,1983,0
jpn,1984,0
jpn,1985,0
jpn,1986,0
jpn,1987,0
jpn,1988,0
jpn,1989,0
jpn,1990,0
jpn,1991,0
jpn,1992,0
jpn,1993,0
jpn,1994,0
jpn,1995,0
jpn,1996,0
jpn,1997,0
jpn,1998,0
jpn,1999,0
jpn,2000,0
jpn,2001,0
jpn,2002,0
jpn,2003,0
jpn,2004,0
jpn,2005,0
jpn,2006,0
jpn,2007,0
jpn,2008,0
jpn,2009,0
jpn,2010,0
jpn,2011,0
jpn,2012,0
jpn,2013,0
jpn,2014,0
jpn,2015,0
jpn,2016,0
jpn,2017,0
jpn,2018,0
jpn,2019,0
kaz,1985,0
kaz,1986,0
kaz,1987,0
kaz,1988,0
kaz,1989,0
kaz,1990,0
kaz,1991,0
kaz,1992,0
kaz,1993,0
kaz,1994,0
kaz,1995,0
kaz,1996,0
kaz,1997,0
kaz,1998,0
kaz,1999,0
kaz,2000,0
kaz,2001,0
kaz,2002,0
kaz,2003,0
kaz,2004,0
kaz,2005,0
kaz,2006,0
kaz,2007,0
kaz,2008,0
kaz,2009,0
kaz,2010,0
kaz,2011,0
kaz,2012,0
kaz,2013,0
kaz,2014,0
kaz,2015,0
kaz,2016,0
kaz,2017,0
kaz,2018,0
kaz,2019,0
kor,1965,0
kor,1966,0
kor,1967,0
kor,1968,0
kor,1969,0
kor,1970,0
kor,1971,0
kor,1972,0
kor,1973,0
kor,1974,0
kor,1975,0
kor,1976,0
kor,1977,0
kor,1978,0
kor,1979,0
kor,1980,0
kor,1981,0
kor,1982,0
kor,1983,0
kor,1984,0
kor,1985,0
kor,1986,0
kor,1987,0
kor,1988,0
kor,1989,0
kor,1990,0
kor,1991,0
kor,1992,0
kor,1993,0
kor,1994,0
kor,1995,0
kor,1996,0
kor,1997,0
kor,1998,0
kor,1999,0
kor,2000,0
kor,2001,0
kor,2002,0
kor,2003,0
kor,2004,0
kor,2005,0
kor,2006,0
kor,2007,0
kor,2008,0
kor,2009,0
kor,2010,0
kor,2011,0
kor,2012,0
kor,2013,0
kor,2014,0
kor,2015,0
kor,2016,0
kor,2017,0
kor,2018,0
kor,2019,0
kwt,1965,0
kwt,1966,0
kwt,1967,0
kwt,1968,0
kwt,1969,0
kwt,1970,0
kwt,1971,0
kwt,1972,0
kwt,1973,0
kwt,1974,0
kwt,1975,0
kwt,1976,0
kwt,1977,0
kwt,1978,0
kwt,1979,0
kwt,1980,0
kwt,1981,0
kwt,1982,0
kwt,1983,0
kwt,1984,0
kwt,1985,0
kwt,1986,0
kwt,1987,0
kwt,1988,0
kwt,1989,0
kwt,1990,0
kwt,1991,0
kwt,1992,0
kwt,1993,0
kwt,1994,0
kwt,1995,0
kwt,1996,0
kwt,1997,0
kwt,1998,0
kwt,1999,0
kwt,2000,0
kwt,2001,0
kwt,2002,0
kwt,2003,0
kwt,2004,0
kwt,2005,0
kwt,2006,0
kwt,2007,0
kwt,2008,0
kwt,2009,0
kwt,2010,0
kwt,2011,0
kwt,2012,0
kwt,2013,0
kwt,2014,0
kwt,2015,0
kwt,2016,0
kwt,2017,0
kwt,2018,0
kwt,2019,0
lka,1965,0
lka,1966,0
lka,1967,0
lka,1968,0
lka,1969,0
lka,1970,0
lka,1971,0
lka,1972,0
lka,1973,0
lka,1974,0
lka,1975,0
lka,1976,0
lka,1977,0
lka,1978,0
lka,1979,0
lka,1980,0
lka,1981,0
lka,1982,0
lka,1983,0
lka,1984,0
lka,1985,0
lka,1986,0
lka,1987,0
lka,1988,0
lka,1989,0
lka,1990,0
lka,1991,0
lka,1992,0
lka,1993,0
lka,1994,0
lka,1995,0
lka,1996,0
lka,1997,0
lka,1998,0
lka,1999,0
lka,2000,0
lka,2001,0
lka,2002,0
lka,2003,0
lka,2004,0
lka,2005,0
lka,2006,0
lka,2007,0
lka,2008,0
lka,2009,0
lka,2010,0
lka,2011,0
lka,2012,0
lka,2013,0
lka,2014,0
lka,2015,0
lka,2016,0
lka,2017,0
lka,2018,0
lka,2019,0
ltu,1985,0
ltu,1986,0
ltu,1987,0
ltu,1988,0
ltu,1989,0
ltu,1990,0
ltu,1991,0
ltu,1992,0
ltu,1993,0
ltu,1994,0
ltu,1995,0
ltu,1996,0
ltu,1997,0
ltu,1998,0
ltu,1999,0
ltu,2000,0
ltu,2001,0
ltu,2002,0
ltu,2003,0
ltu,2004,0
ltu,2005,0
ltu,2006,0
ltu,2007,0
ltu,2008,0
ltu,2009,0
ltu,2010,0
ltu,2011,0
ltu,2012,0
ltu,2013,0
ltu,2014,0
ltu,2015,0
ltu,2016,0
ltu,2017,0
ltu,2018,0
ltu,2019,0
lux,1965,0
lux,1966,0
lux,1967,0
lux,1968,0
lux,1969,0
lux,1970,0
lux,1971,0
lux,1972,0
lux,1973,0
lux,1974,0
lux,1975,0
lux,1976,0
lux,1977,0
lux,1978,0
lux,1979,0
lux,1980,0
lux,1981,0
lux,1982,0
lux,1983,0
lux,1984,0
lux,1985,0
lux,1986,0
lux,1987,0
lux,1988,0
lux,1989,0
lux,1990,0
lux,1991,0
lux,1992,0
lux,1993,0
lux,1994,0
lux,1995,0
lux,1996,0
lux,1997,0
lux,1998,0
lux,1999,0
lux,2000,0
lux,2001,0
lux,2002,0
lux,2003,0
lux,2004,0
lux,2005,0
lux,2006,0
lux,2007,0
lux,2008,0
lux,2009,0
lux,2010,0
lux,2011,0
lux,2012,0
lux,2013,0
lux,2014,0
lux,2015,0
lux,2016,0
lux,2017,0
lux,2018,0
lux,2019,0
lva,1985,0
lva,1986,0
lva,1987,0
lva,1988,0
lva,1989,0
lva,1990,0
lva,1991,0
lva,1992,0
lva,1993,0
lva,1994,0
lva,1995,0
lva,1996,0
lva,1997,0
lva,1998,0
lva,1999,0
lva,2000,0
lva,2001,0
lva,2002,0
lva,2003,0
lva,2004,0
lva,2005,0
lva,2006,0
lva,2007,0
lva,2008,0
lva,2009,0
lva,2010,0
lva,2011,0
lva,2012,0
lva,2013,0
lva,2014,0
lva,2015,0
lva,2016,0
lva,2017,0
lva,2018,0
lva,2019,0
mar,1965,0
mar,1966,0
mar,1967,0
mar,1968,0
mar,1969,0
mar,1970,0
mar,1971,0
mar,1972,0
mar,1973,0
mar,1974,0
mar,1975,0
mar,1976,0
mar,1977,0
mar,1978,0
mar,1979,0
mar,1980,0
mar,1981,0
mar,1982,0
mar,1983,0
mar,1984,0
mar,1985,0
mar,1986,0
mar,1987,0
mar,1988,0
mar,1989,0
mar,1990,0
mar,1991,0
mar,1992,0
mar,1993,0
mar,1994,0
mar,1995,0
mar,1996,0
mar,1997,0
mar,1998,0
mar,1999,0
mar,2000,0
mar,2001,0
mar,2002,0
mar,2003,0
mar,2004,0
mar,2005,0
mar,2006,0
mar,2007,0
mar,2008,0
mar,2009,0
mar,2010,0
mar,2011,0
mar,2012,0
mar,2013,0
mar,2014,0
mar,2015,0
mar,2016,0
mar,2017,0
mar,2018,0
mar,2019,0
mex,1965,0
mex,1966,0
mex,1967,0
mex,1968,0
mex,1969,0
mex,1970,0
mex,1971,0
mex,1972,0
mex,1973,0
mex,1974,0
mex,1975,0
mex,1976,0
mex,1977,0
mex,1978,0
mex,1979,0
mex,1980,0
mex,1981,0
mex,1982,0
mex,1983,0
mex,1984,0
mex,1985,0
mex,1986,0
mex,1987,0
mex,1988,0
mex,1989,0
mex,1990,0
mex,1991,0
mex,1992,0
mex,1993,0
mex,1994,0
mex,1995,0
mex,1996,0
mex,1997,0
mex,1998,0
mex,1999,0
mex,2000,0
mex,2001,0
mex,2002,0
mex,2003,0
mex,2004,0
mex,2005,0
mex,2006,0
mex,2007,0
mex,2008,0
mex,2009,0
mex,2010,0
mex,2011,0
mex,2012,0
mex,2013,0
mex,2014,0
mex,2015,0
mex,2016,0
mex,2017,0
mex,2018,0
mex,2019,0
mkd,1990,0
mkd,1991,0
mkd,1992,0
mkd,1993,0
mkd,1994,0
mkd,1995,0
mkd,1996,0
mkd,1997,0
mkd,1998,0
mkd,1999,0
mkd,2000,0
mkd,2001,0
mkd,2002,0
mkd,2003,0
mkd,2004,0
mkd,2005,0
mkd,2006,0
mkd,2007,0
mkd,2008,0
mkd,2009,0
mkd,2010,0
mkd,2011,0
mkd,2012,0
mkd,2013,0
mkd,2014,0
mkd,2015,0
mkd,2016,0
mkd,2017,0
mkd,2018,0
mkd,2019,0
mys,1965,0
mys,1966,0
mys,1967,0
mys,1968,0
mys,1969,0
mys,1970,0
mys,1971,0
mys,1972,0
mys,1973,0
mys,1974,0
mys,1975,0
mys,1976,0
mys,1977,0
mys,1978,0
mys,1979,0
mys,1980,0
mys,1981,0
mys,1982,0
mys,1983,0
mys,1984,0
mys,1985,0
mys,1986,0
mys,1987,0
mys,1988,0
mys,1989,0
mys,1990,0
mys,1991,0
mys,1992,0
mys,1993,0
mys,1994,0
mys,1995,0
mys,1996,0
mys,1997,0
mys,1998,0
mys,1999,0
mys,2000,0
mys,2001,0
mys,2002,0
mys,2003,0
mys,2004,0
mys,2005,0
mys,2006,0
mys,2007,0
mys,2008,0
mys,2009,0
mys,2010,0
mys,2011,0
mys,2012,0
mys,2013,0
mys,2014,0
mys,2015,0
mys,2016,0
mys,2017,0
mys,2018,0
mys,2019,0
nld,1965,0
nld,1966,0
nld,1967,0
nld,1968,0
nld,1969,0
nld,1970,0
nld,1971,0
nld,1972,0
nld,1973,0
nld,1974,0
nld,1975,0
nld,1976,0
nld,1977,0
nld,1978,0
nld,1979,0
nld,1980,0
nld,1981,0
nld,1982,0
nld,1983,0
nld,1984,0
nld,1985,0
nld,1986,0
nld,1987,0
nld,1988,0
nld,1989,0
nld,1990,0
nld,1991,0
nld,1992,0
nld,1993,0
nld,1994,0
nld,1995,0
nld,1996,0
nld,1997,0
nld,1998,0
nld,1999,0
nld,2000,0
nld,2001,0
nld,2002,0
nld,2003,0
nld,2004,0
nld,2005,0
nld,2006,0
nld,2007,0
nld,2008,0
nld,2009,0
nld,2010,0
nld,2011,0
nld,2012,0
nld,2013,0
nld,2014,0
nld,2015,0
nld,2016,0
nld,2017,0
nld,2018,0
nld,2019,0
nor,1965,0
nor,1966,0
nor,1967,0
nor,1968,0
nor,1969,0
nor,1970,0
nor,1971,0
nor,1972,0
nor,1973,0
nor,1974,0
nor,1975,0
nor,1976,0
nor,1977,0
nor,1978,0
nor,1979,0
nor,1980,0
nor,1981,0
nor,1982,0
nor,1983,0
nor,1984,0
nor,1985,0
nor,1986,0
nor,1987,0
nor,1988,0
nor,1989,0
nor,1990,0
nor,1991,0
nor,1992,0
nor,1993,0
nor,1994,0
nor,1995,0
nor,1996,0
nor,1997,0
nor,1998,0
nor,1999,0
nor,2000,0
nor,2001,0
nor,2002,0
nor,2003,0
nor,2004,0
nor,2005,0
nor,2006,0
nor,2007,0
nor,2008,0
nor,2009,0
nor,2010,0
nor,2011,0
nor,2012,0
nor,2013,0
nor,2014,0
nor,2015,0
nor,2016,0
nor,2017,0
nor,2018,0
nor,2019,0
nzl,1965,0
nzl,1966,0
nzl,1967,0
nzl,1968,0
nzl,1969,0
nzl,1970,0
nzl,1971,0
nzl,1972,0
nzl,1973,0
nzl,1974,0
nzl,1975,0
nzl,1976,0
nzl,1977,0
nzl,1978,0
nzl,1979,0
nzl,1980,0
nzl,1981,0
nzl,1982,0
nzl,1983,0
nzl,1984,0
nzl,1985,0
nzl,1986,0
nzl,1987,0
nzl,1988,0
nzl,1989,0
nzl,1990,0
nzl,1991,0
nzl,1992,0
nzl,1993,0
nzl,1994,0
nzl,1995,0
nzl,1996,0
nzl,1997,0
nzl,1998,0
nzl,1999,0
nzl,2000,0
nzl,2001,0
nzl,2002,0
nzl,2003,0
nzl,2004,0
nzl,2005,0
nzl,2006,0
nzl,2007,0
nzl,2008,0
nzl,2009,0
nzl,2010,0
nzl,2011,0
nzl,2012,0
nzl,2013,0
nzl,2014,0
nzl,2015,0
nzl,2016,0
nzl,2017,0
nzl,2018,0
nzl,2019,0
omn,1965,0
omn,1966,0
omn,1967,0
omn,1968,0
omn,1969,0
omn,1970,0
omn,1971,0
omn,1972,0
omn,1973,0
omn,1974,0
omn,1975,0
omn,1976,0
omn,1977,0
omn,1978,0
omn,1979,0
omn,1980,0
omn,1981,0
omn,1982,0
omn,1983,0
omn,1984,0
omn,1985,0
omn,1986,0
omn,1987,0
omn,1988,0
omn,1989,0
omn,1990,0
omn,1991,0
omn,1992,0
omn,1993,0
omn,1994,0
omn,1995,0
omn,1996,0
omn,1997,0
omn,1998,0
omn,1999,0
omn,2000,0
omn,2001,0
omn,2002,0
omn,2003,0
omn,2004,0
omn,2005,0
omn,2006,0
omn,2007,0
omn,2008,0
omn,2009,0
omn,2010,0
omn,2011,0
omn,2012,0
omn,2013,0
omn,2014,0
omn,2015,0
omn,2016,0
omn,2017,0
omn,2018,0
omn,2019,0
pak,1965,0
pak,1966,0
pak,1967,0
pak,1968,0
pak,1969,0
pak,1970,0
pak,1971,0
pak,1972,0
pak,1973,0
pak,1974,0
pak,1975,0
pak,1976,0
pak,1977,0
pak,1978,0
pak,1979,0
pak,1980,0
pak,1981,0
pak,1982,0
pak,1983,0
pak,1984,0
pak,1985,0
pak,1986,0
pak,1987,0
pak,1988,0
pak,1989,0
pak,1990,0
pak,1991,0
pak,1992,0
pak,1993,0
pak,1994,0
pak,1995,0
pak,1996,0
pak,1997,0
pak,1998,0
pak,1999,0
pak,2000,0
pak,2001,0
pak,2002,0
pak,2003,0
pak,2004,0
pak,2005,0
pak,2006,0
pak,2007,0
pak,2008,0
pak,2009,0
pak,2010,0
pak,2011,0
pak,2012,0
pak,2013,0
pak,2014,0
pak,2015,0
pak,2016,0
pak,2017,0
pak,2018,0
pak,2019,0
per,1965,0
per,1966,0
per,1967,0
per,1968,0
per,1969,0
per,1970,0
per,1971,0
per,1972,0
per,1973,0
per,1974,0
per,1975,0
per,1976,0
per,1977,0
per,1978,0
per,1979,0
per,1980,0
per,1981,0
per,1982,0
per,1983,0
per,1984,0
per,1985,0
per,1986,0
per,1987,0
per,1988,0
per,1989,0
per,1990,0
per,1991,0
per,1992,0
per,1993,0
per,1994,0
per,1995,0
per,1996,0
per,1997,0
per,1998,0
per,1999,0
per,2000,0
per,2001,0
per,2002,0
per,2003,0
per,2004,0
per,2005,0
per,2006,0
per,2007,0
per,2008,0
per,2009,0
per,2010,0
per,2011,0
per,2012,0
per,2013,0
per,2014,0
per,2015,0
per,2016,0
per,2017,0
per,2018,0
per,2019,0
phl,1965,0
phl,1966,0
phl,1967,0
phl,1968,0
phl,1969,0
phl,1970,0
phl,1971,0
phl,1972,0
phl,1973,0
phl,1974,0
phl,1975,0
phl,1976,0
phl,1977,0
phl,1978,0
phl,1979,0
phl,1980,0
phl,1981,0
phl,1982,0
phl,1983,0
phl,1984,0
phl,1985,0
phl,1986,0
phl,1987,0
phl,1988,0
phl,1989,0
phl,1990,0
phl,1991,0
phl,1992,0
phl,1993,0
phl,1994,0
phl,1995,0
phl,1996,0
phl,1997,0
phl,1998,0
phl,1999,0
phl,2000,0
phl,2001,0
phl,2002,0
phl,2003,0
phl,2004,0
phl,2005,0
phl,2006,0
phl,2007,0
phl,2008,0
phl,2009,0
phl,2010,0
phl,2011,0
phl,2012,0
phl,2013,0
phl,2014,0
phl,2015,0
phl,2016,0
phl,2017,0
phl,2018,0
phl,2019,0
pol,1965,0
pol,1966,0
pol,1967,0
pol,1968,0
pol,1969,0
pol,1970,0
pol,1971,0
pol,1972,0
pol,1973,0
pol,1974,0
pol,1975,0
pol,1976,0
pol,1977,0
pol,1978,0
pol,1979,0
pol,1980,0
pol,1981,0
pol,1982,0
pol,1983,0
pol,1984,0
pol,1985,0
pol,1986,0
pol,1987,0
pol,1988,0
pol,1989,0
pol,1990,0
pol,1991,0
pol,1992,0
pol,1993,0
pol,1994,0
pol,1995,0
pol,1996,0
pol,1997,0
pol,1998,0
pol,1999,0
pol,2000,0
pol,2001,0
pol,2002,0
pol,2003,0
pol,2004,0
pol,2005,0
pol,2006,0
pol,2007,0
pol,2008,0
pol,2009,0
pol,2010,0
pol,2011,0
pol,2012,0
pol,2013,0
pol,2014,0
pol,2015,0
pol,2016,0
pol,2017,0
pol,2018,0
pol,2019,0
prt,1965,0
prt,1966,0
prt,1967,0
prt,1968,0
prt,1969,0
prt,1970,0
prt,1971,0
prt,1972,0
prt,1973,0
prt,1974,0
prt,1975,0
prt,1976,0
prt,1977,0
prt,1978,0
prt,1979,0
prt,1980,0
prt,1981,0
prt,1982,0
prt,1983,0
prt,1984,0
prt,1985,0
prt,1986,0
prt,1987,0
prt,1988,0
prt,1989,0
prt,1990,0
prt,1991,0
prt,1992,0
prt,1993,0
prt,1994,0
prt,1995,0
prt,1996,0
prt,1997,0
prt,1998,0
prt,1999,0
prt,2000,0
prt,2001,0
prt,2002,0
prt,2003,0
prt,2004,0
prt,2005,0
prt,2006,0
prt,2007,0
prt,2008,0
prt,2009,0
prt,2010,0
prt,2011,0
prt,2012,0
prt,2013,0
prt,2014,0
prt,2015,0
prt,2016,0
prt,2017,0
prt,2018,0
prt,2019,0
qat,1965,0
qat,1966,0
qat,1967,0
qat,1968,0
qat,1969,0
qat,1970,0
qat,1971,0
qat,1972,0
qat,1973,0
qat,1974,0
qat,1975,0
qat,1976,0
qat,1977,0
qat,1978,0
qat,1979,0
qat,1980,0
qat,1981,0
qat,1982,0
qat,1983,0
qat,1984,0
qat,1985,0
qat,1986,0
qat,1987,0
qat,1988,0
qat,1989,0
qat,1990,0
qat,1991,0
qat,1992,0
qat,1993,0
qat,1994,0
qat,1995,0
qat,1996,0
qat,1997,0
qat,1998,0
qat,1999,0
qat,2000,0
qat,2001,0
qat,2002,0
qat,2003,0
qat,2004,0
qat,2005,0
qat,2006,0
qat,2007,0
qat,2008,0
qat,2009,0
qat,2010,0
qat,2011,0
qat,2012,0
qat,2013,0
qat,2014,0
qat,2015,0
qat,2016,0
qat,2017,0
qat,2018,0
qat,2019,0
rou,1965,0
rou,1966,0
rou,1967,0
rou,1968,0
rou,1969,0
rou,1970,0
rou,1971,0
rou,1972,0
rou,1973,0
rou,1974,0
rou,1975,0
rou,1976,0
rou,1977,0
rou,1978,0
rou,1979,0
rou,1980,0
rou,1981,0
rou,1982,0
rou,1983,0
rou,1984,0
rou,1985,0
rou,1986,0
rou,1987,0
rou,1988,0
rou,1989,0
rou,1990,0
rou,1991,0
rou,1992,0
rou,1993,0
rou,1994,0
rou,1995,0
rou,1996,0
rou,1997,0
rou,1998,0
rou,1999,0
rou,2000,0
rou,2001,0
rou,2002,0
rou,2003,0
rou,2004,0
rou,2005,0
rou,2006,0
rou,2007,0
rou,2008,0
rou,2009,0
rou,2010,0
rou,2011,0
rou,2012,0
rou,2013,0
rou,2014,0
rou,2015,0
rou,2016,0
rou,2017,0
rou,2018,0
rou,2019,0
rus,1985,0
rus,1986,0
rus,1987,0
rus,1988,0
rus,1989,0
rus,1990,0
rus,1991,0
rus,1992,0
rus,1993,0
rus,1994,0
rus,1995,0
rus,1996,0
rus,1997,0
rus,1998,0
rus,1999,0
rus,2000,0
rus,2001,0
rus,2002,0
rus,2003,0
rus,2004,0
rus,2005,0
rus,2006,0
rus,2007,0
rus,2008,0
rus,2009,0
rus,2010,0
rus,2011,0
rus,2012,0
rus,2013,0
rus,2014,0
rus,2015,0
rus,2016,0
rus,2017,0
rus,2018,0
rus,2019,0
sau,1965,0
sau,1966,0
sau,1967,0
sau,1968,0
sau,1969,0
sau,1970,0
sau,1971,0
sau,1972,0
sau,1973,0
sau,1974,0
sau,1975,0
sau,1976,0
sau,1977,0
sau,1978,0
sau,1979,0
sau,1980,0
sau,1981,0
sau,1982,0
sau,1983,0
sau,1984,0
sau,1985,0
sau,1986,0
sau,1987,0
sau,1988,0
sau,1989,0
sau,1990,0
sau,1991,0
sau,1992,0
sau,1993,0
sau,1994,0
sau,1995,0
sau,1996,0
sau,1997,0
sau,1998,0
sau,1999,0
sau,2000,0
sau,2001,0
sau,2002,0
sau,2003,0
sau,2004,0
sau,2005,0
sau,2006,0
sau,2007,0
sau,2008,0
sau,2009,0
sau,2010,0
sau,2011,0
sau,2012,0
sau,2013,0
sau,2014,0
sau,2015,0
sau,2016,0
sau,2017,0
sau,2018,0
sau,2019,0
sgp,1965,0
sgp,1966,0
sgp,1967,0
sgp,1968,0
sgp,1969,0
sgp,1970,0
sgp,1971,0
sgp,1972,0
sgp,1973,0
sgp,1974,0
sgp,1975,0
sgp,1976,0
sgp,1977,0
sgp,1978,0
sgp,1979,0
sgp,1980,0
sgp,1981,0
sgp,1982,0
sgp,1983,0
sgp,1984,0
sgp,1985,0
sgp,1986,0
sgp,1987,0
sgp,1988,0
sgp,1989,0
sgp,1990,0
sgp,1991,0
sgp,1992,0
sgp,1993,0
sgp,1994,0
sgp,1995,0
sgp,1996,0
sgp,1997,0
sgp,1998,0
sgp,1999,0
sgp,2000,0
sgp,2001,0
sgp,2002,0
sgp,2003,0
sgp,2004,0
sgp,2005,0
sgp,2006,0
sgp,2007,0
sgp,2008,0
sgp,2009,0
sgp,2010,0
sgp,2011,0
sgp,2012,0
sgp,2013,0
sgp,2014,0
sgp,2015,0
sgp,2016,0
sgp,2017,0
sgp,2018,0
sgp,2019,0
svk,1965,0
svk,1966,0
svk,1967,0
svk,1968,0
svk,1969,0
svk,1970,0
svk,1971,0
svk,1972,0
svk,1973,0
svk,1974,0
svk,1975,0
svk,1976,0
svk,1977,0
svk,1978,0
svk,1979,0
svk,1980,0
svk,1981,0
svk,1982,0
svk,1983,0
svk,1984,0
svk,1985,0
svk,1986,0
svk,1987,0
svk,1988,0
svk,1989,0
svk,1990,0
svk,1991,0
svk,1992,0
svk,1993,0
svk,1994,0
svk,1995,0
svk,1996,0
svk,1997,0
svk,1998,0
svk,1999,0
svk,2000,0
svk,2001,0
svk,2002,0
svk,2003,0
svk,2004,0
svk,2005,0
svk,2006,0
svk,2007,0
svk,2008,0
svk,2009,0
svk,2010,0
svk,2011,0
svk,2012,0
svk,2013,0
svk,2014,0
svk,2015,0
svk,2016,0
svk,2017,0
svk,2018,0
svk,2019,0
svn,1990,0
svn,1991,0
svn,1992,0
svn,1993,0
svn,1994,0
svn,1995,0
svn,1996,0
svn,1997,0
svn,1998,0
svn,1999,0
svn,2000,0
svn,2001,0
svn,2002,0
svn,2003,0
svn,2004,0
svn,2005,0
svn,2006,0
svn,2007,0
svn,2008,0
svn,2009,0
svn,2010,0
svn,2011,0
svn,2012,0
svn,2013,0
svn,2014,0
svn,2015,0
svn,2016,0
svn,2017,0
svn,2018,0
svn,2019,0
swe,1965,0
swe,1966,0
swe,1967,0
swe,1968,0
swe,1969,0
swe,1970,0
swe,1971,0
swe,1972,0
swe,1973,0
swe,1974,0
swe,1975,0
swe,1976,0
swe,1977,0
swe,1978,0
swe,1979,0
swe,1980,0
swe,1981,0
swe,1982,0
swe,1983,0
swe,1984,0
swe,1985,0
swe,1986,0
swe,1987,0
swe,1988,0
swe,1989,0
swe,1990,0
swe,1991,0
swe,1992,0
swe,1993,0
swe,1994,0
swe,1995,0
swe,1996,0
swe,1997,0
swe,1998,0
swe,1999,0
swe,2000,0
swe,2001,0
swe,2002,0
swe,2003,0
swe,2004,0
swe,2005,0
swe,2006,0
swe,2007,0
swe,2008,0
swe,2009,0
swe,2010,0
swe,2011,0
swe,2012,0
swe,2013,0
swe,2014,0
swe,2015,0
swe,2016,0
swe,2017,0
swe,2018,0
swe,2019,0
tha,1965,0
tha,1966,0
tha,1967,0
tha,1968,0
tha,1969,0
tha,1970,0
tha,1971,0
tha,1972,0
tha,1973,0
tha,1974,0
tha,1975,0
tha,1976,0
tha,1977,0
tha,1978,0
tha,1979,0
tha,1980,0
tha,1981,0
tha,1982,0
tha,1983,0
tha,1984,0
tha,1985,0
tha,1986,0
tha,1987,0
tha,1988,0
tha,1989,0
tha,1990,0
tha,1991,0
tha,1992,0
tha,1993,0
tha,1994,0
tha,1995,0
tha,1996,0
tha,1997,0
tha,1998,0
tha,1999,0
tha,2000,0
tha,2001,0
tha,2002,0
tha,2003,0
tha,2004,0
tha,2005,0
tha,2006,0
tha,2007,0
tha,2008,0
tha,2009,0
tha,2010,0
tha,2011,0
tha,2012,0
tha,2013,0
tha,2014,0
tha,2015,0
tha,2016,0
tha,2017,0
tha,2018,0
tha,2019,0
tkm,1985,0
tkm,1986,0
tkm,1987,0
tkm,1988,0
tkm,1989,0
tkm,1990,0
tkm,1991,0
tkm,1992,0
tkm,1993,0
tkm,1994,0
tkm,1995,0
tkm,1996,0
tkm,1997,0
tkm,1998,0
tkm,1999,0
tkm,2000,0
tkm,2001,0
tkm,2002,0
tkm,2003,0
tkm,2004,0
tkm,2005,0
tkm,2006,0
tkm,2007,0
tkm,2008,0
tkm,2009,0
tkm,2010,0
tkm,2011,0
tkm,2012,0
tkm,2013,0
tkm,2014,0
tkm,2015,0
tkm,2016,0
tkm,2017,0
tkm,2018,0
tkm,2019,0
tto,1965,0
tto,1966,0
tto,1967,0
tto,1968,0
tto,1969,0
tto,1970,0
tto,1971,0
tto,1972,0
tto,1973,0
tto,1974,0
tto,1975,0
tto,1976,0
tto,1977,0
tto,1978,0
tto,1979,0
tto,1980,0
tto,1981,0
tto,1982,0
tto,1983,0
tto,1984,0
tto,1985,0
tto,1986,0
tto,1987,0
tto,1988,0
tto,1989,0
tto,1990,0
tto,1991,0
tto,1992,0
tto,1993,0
tto,1994,0
tto,1995,0
tto,1996,0
tto,1997,0
tto,1998,0
tto,1999,0
tto,2000,0
tto,2001,0
tto,2002,0
tto,2003,0
tto,2004,0
tto,2005,0
tto,2006,0
tto,2007,0
tto,2008,0
tto,2009,0
tto,2010,0
tto,2011,0
tto,2012,0
tto,2013,0
tto,2014,0
tto,2015,0
tto,2016,0
tto,2017,0
tto,2018,0
tto,2019,0
tur,1965,0
tur,1966,0
tur,1967,0
tur,1968,0
tur,1969,0
tur,1970,0
tur,1971,0
tur,1972,0
tur,1973,0
tur,1974,0
tur,1975,0
tur,1976,0
tur,1977,0
tur,1978,0
tur,1979,0
tur,1980,0
tur,1981,0
tur,1982,0
tur,1983,0
tur,1984,0
tur,1985,0
tur,1986,0
tur,1987,0
tur,1988,0
tur,1989,0
tur,1990,0
tur,1991,0
tur,1992,0
tur,1993,0
tur,1994,0
tur,1995,0
tur,1996,0
tur,1997,0
tur,1998,0
tur,1999,0
tur,2000,0
tur,2001,0
tur,2002,0
tur,2003,0
tur,2004,0
tur,2005,0
tur,2006,0
tur,2007,0
tur,2008,0
tur,2009,0
tur,2010,0
tur,2011,0
tur,2012,0
tur,2013,0
tur,2014,0
tur,2015,0
tur,2016,0
tur,2017,0
tur,2018,0
tur,2019,0
twn,1965,0
twn,1966,0
twn,1967,0
twn,1968,0
twn,1969,0
twn,1970,0
twn,1971,0
twn,1972,0
twn,1973,0
twn,1974,0
twn,1975,0
twn,1976,0
twn,1977,0
twn,1978,0
twn,1979,0
twn,1980,0
twn,1981,0
twn,1982,0
twn,1983,0
twn,1984,0
twn,1985,0
twn,1986,0
twn,1987,0
twn,1988,0
twn,1989,0
twn,1990,0
twn,1991,0
twn,1992,0
twn,1993,0
twn,1994,0
twn,1995,0
twn,1996,0
twn,1997,0
twn,1998,0
twn,1999,0
twn,2000,0
twn,2001,0
twn,2002,0
twn,2003,0
twn,2004,0
twn,2005,0
twn,2006,0
twn,2007,0
twn,2008,0
twn,2009,0
twn,2010,0
twn,2011,0
twn,2012,0
twn,2013,0
twn,2014,0
twn,2015,0
twn,2016,0
twn,2017,0
twn,2018,0
twn,2019,0
ukr,1985,0
ukr,1986,0
ukr,1987,0
ukr,1988,0
ukr,1989,0
ukr,1990,0
ukr,1991,0
ukr,1992,0
ukr,1993,0
ukr,1994,0
ukr,1995,0
ukr,1996,0
ukr,1997,0
ukr,1998,0
ukr,1999,0
ukr,2000,0
ukr,2001,0
ukr,2002,0
ukr,2003,0
ukr,2004,0
ukr,2005,0
ukr,2006,0
ukr,2007,0
ukr,2008,0
ukr,2009,0
ukr,2010,0
ukr,2011,0
ukr,2012,0
ukr,2013,0
ukr,2014,0
ukr,2015,0
ukr,2016,0
ukr,2017,0
ukr,2018,0
ukr,2019,0
usa,1965,0
usa,1966,0
usa,1967,0
usa,1968,0
usa,1969,0
usa,1970,0
usa,1971,0
usa,1972,0
usa,1973,0
usa,1974,0
usa,1975,0
usa,1976,0
usa,1977,0
usa,1978,0
usa,1979,0
usa,1980,0
usa,1981,0
usa,1982,0
usa,1983,0
usa,1984,0
usa,1985,0
usa,1986,0
usa,1987,0
usa,1988,0
usa,1989,0
usa,1990,0
usa,1991,0
usa,1992,0
usa,1993,0
usa,1994,0
usa,1995,0
usa,1996,0
usa,1997,0
usa,1998,0
usa,1999,0
usa,2000,0
usa,2001,0
usa,2002,0
usa,2003,0
usa,2004,0
usa,2005,0
usa,2006,0
usa,2007,0
usa,2008,0
usa,2009,0
usa,2010,0
usa,2011,0
usa,2012,0
usa,2013,0
usa,2014,0
usa,2015,0
usa,2016,0
usa,2017,0
usa,2018,0
usa,2019,0
uzb,1985,0
uzb,1986,0
uzb,1987,0
uzb,1988,0
uzb,1989,0
uzb,1990,0
uzb,1991,0
uzb,1992,0
uzb,1993,0
uzb,1994,0
uzb,1995,0
uzb,1996,0
uzb,1997,0
uzb,1998,0
uzb,1999,0
uzb,2000,0
uzb,2001,0
uzb,2002,0
uzb,2003,0
uzb,2004,0
uzb,2005,0
uzb,2006,0
uzb,2007,0
uzb,2008,0
uzb,2009,0
uzb,2010,0
uzb,2011,0
uzb,2012,0
uzb,2013,0
uzb,2014,0
uzb,2015,0
uzb,2016,0
uzb,2017,0
uzb,2018,0
uzb,2019,0
ven,1965,0
ven,1966,0
ven,1967,0
ven,1968,0
ven,1969,0
ven,1970,0
ven,1971,0
ven,1972,0
ven,1973,0
ven,1974,0
ven,1975,0
ven,1976,0
ven,1977,0
ven,1978,0
ven,1979,0
ven,1980,0
ven,1981,0
ven,1982,0
ven,1983,0
ven,1984,0
ven,1985,0
ven,1986,0
ven,1987,0
ven,1988,0
ven,1989,0
ven,1990,0
ven,1991,0
ven,1992,0
ven,1993,0
ven,1994,0
ven,1995,0
ven,1996,0
ven,1997,0
ven,1998,0
ven,1999,0
ven,2000,0
ven,2001,0
ven,2002,0
ven,2003,0
ven,2004,0
ven,2005,0
ven,2006,0
ven,2007,0
ven,2008,0
ven,2009,0
ven,2010,0
ven,2011,0
ven,2012,0
ven,2013,0
ven,2014,0
ven,2015,0
ven,2016,0
ven,2017,0
ven,2018,0
ven,2019,0
vnm,1965,0
vnm,1966,0
vnm,1967,0
vnm,1968,0
vnm,1969,0
vnm,1970,0
vnm,1971,0
vnm,1972,0
vnm,1973,0
vnm,1974,0
vnm,1975,0
vnm,1976,0
vnm,1977,0
vnm,1978,0
vnm,1979,0
vnm,1980,0
vnm,1981,0
vnm,1982,0
vnm,1983,0
vnm,1984,0
vnm,1985,0
vnm,1986,0
vnm,1987,0
vnm,1988,0
vnm,1989,0
vnm,1990,0
vnm,1991,0
vnm,1992,0
vnm,1993,0
vnm,1994,0
vnm,1995,0
vnm,1996,0
vnm,1997,0
vnm,1998,0
vnm,1999,0
vnm,2000,0
vnm,2001,0
vnm,2002,0
vnm,2003,0
vnm,2004,0
vnm,2005,0
vnm,2006,0
vnm,2007,0
vnm,2008,0
vnm,2009,0
vnm,2010,0
vnm,2011,0
vnm,2012,0
vnm,2013,0
vnm,2014,0
vnm,2015,0
vnm,2016,0
vnm,2017,0
vnm,2018,0
vnm,2019,0
zaf,1965,0
zaf,1966,0
zaf,1967,0
zaf,1968,0
zaf,1969,0
zaf,1970,0
zaf,1971,0
zaf,1972,0
zaf,1973,0
zaf,1974,0
zaf,1975,0
zaf,1976,0
zaf,1977,0
zaf,1978,0
zaf,1979,0
zaf,1980,0
zaf,1981,0
zaf,1982,0
zaf,1983,0
zaf,1984,0
zaf,1985,0
zaf,1986,0
zaf,1987,0
zaf,1988,0
zaf,1989,0
zaf,1990,0
zaf,1991,0
zaf,1992,0
zaf,1993,0
zaf,1994,0
zaf,1995,0
zaf,1996,0
zaf,1997,0
zaf,1998,0
zaf,1999,0
zaf,2000,0
zaf,2001,0
zaf,2002,0
zaf,2003,0
zaf,2004,0
zaf,2005,0
zaf,2006,0
zaf,2007,0
zaf,2008,0
zaf,2009,0
zaf,2010,0
zaf,2011,0
zaf,2012,0
zaf,2013,0
zaf,2014,0
zaf,2015,0
zaf,2016,0
zaf,2017,0
zaf,2018,0
zaf,2019,0
