geo,time,natural_gas_production_per_person
are,1965,0
are,1966,0
are,1967,0.09386
are,1968,0.11532
are,1969,0.10196
are,1970,0.12572
are,1971,0.16824
are,1972,0.14635
are,1973,0.15388
are,1974,0.13516
are,1975,0.10627
are,1976,0.10674
are,1977,0.16134
are,1978,0.16846
are,1979,0.16425
are,1980,0.16939
are,1981,0.19877
are,1982,0.19647
are,1983,0.17001
are,1984,0.22189
are,1985,0.26001
are,1986,0.29825
are,1987,0.32089
are,1988,0.3059
are,1989,0.35127
are,1990,0.32462
are,1991,0.36891
are,1992,0.32058
are,1993,0.31722
are,1994,0.34742
are,1995,0.36029
are,1996,0.37531
are,1997,0.38104
are,1998,0.37917
are,1999,0.37182
are,2000,0.352
are,2001,0.34306
are,2002,0.36767
are,2003,0.35819
are,2004,0.3469
are,2005,0.32168
are,2006,0.28715
are,2007,0.27976
are,2008,0.29438
are,2009,0.26185
are,2010,0.24957
are,2011,0.24801
are,2012,0.25176
are,2013,0.25343
are,2014,0.24784
are,2015,0.27807
are,2016,0.27968
are,2017,0.28336
are,2018,0.27805
are,2019,0.27999
arg,1965,0.0067
arg,1966,0.00715
arg,1967,0.00736
arg,1968,0.00808
arg,1969,0.00793
arg,1970,0.00883
arg,1971,0.00938
arg,1972,0.01036
arg,1973,0.0116
arg,1974,0.01208
arg,1975,0.01218
arg,1976,0.0135
arg,1977,0.01389
arg,1978,0.01331
arg,1979,0.01348
arg,1980,0.01447
arg,1981,0.01489
arg,1982,0.01665
arg,1983,0.01761
arg,1984,0.01845
arg,1985,0.01855
arg,1986,0.01973
arg,1987,0.01943
arg,1988,0.02235
arg,1989,0.02313
arg,1990,0.02178
arg,1991,0.02187
arg,1992,0.02333
arg,1993,0.02431
arg,1994,0.02468
arg,1995,0.02713
arg,1996,0.03076
arg,1997,0.02802
arg,1998,0.02962
arg,1999,0.03107
arg,2000,0.03153
arg,2001,0.0292
arg,2002,0.02812
arg,2003,0.03179
arg,2004,0.03443
arg,2005,0.03637
arg,2006,0.03725
arg,2007,0.03875
arg,2008,0.03879
arg,2009,0.0372
arg,2010,0.03705
arg,2011,0.03819
arg,2012,0.03937
arg,2013,0.03927
arg,2014,0.03897
arg,2015,0.03899
arg,2016,0.03989
arg,2017,0.03957
arg,2018,0.03952
arg,2019,0.03818
aus,1965,0.00001
aus,1966,0.00001
aus,1967,0.00001
aus,1968,0.00009
aus,1969,0.00119
aus,1970,0.00487
aus,1971,0.00713
aus,1972,0.01008
aus,1973,0.01262
aus,1974,0.01421
aus,1975,0.01507
aus,1976,0.01759
aus,1977,0.01987
aus,1978,0.02115
aus,1979,0.02407
aus,1980,0.02731
aus,1981,0.02922
aus,1982,0.02811
aus,1983,0.03011
aus,1984,0.02925
aus,1985,0.03079
aus,1986,0.03309
aus,1987,0.03323
aus,1988,0.03348
aus,1989,0.03594
aus,1990,0.03561
aus,1991,0.03368
aus,1992,0.03442
aus,1993,0.03528
aus,1994,0.03875
aus,1995,0.0387
aus,1996,0.03856
aus,1997,0.03746
aus,1998,0.03815
aus,1999,0.03866
aus,2000,0.03896
aus,2001,0.04158
aus,2002,0.04233
aus,2003,0.04218
aus,2004,0.04247
aus,2005,0.0415
aus,2006,0.0455
aus,2007,0.04995
aus,2008,0.04816
aus,2009,0.04822
aus,2010,0.0549
aus,2011,0.05636
aus,2012,0.05563
aus,2013,0.05755
aus,2014,0.06118
aus,2015,0.06334
aus,2016,0.06191
aus,2017,0.06039
aus,2018,0.0599
aus,2019,0.07676
aut,1965,0.00864
aut,1966,0.00922
aut,1967,0.00878
aut,1968,0.0093
aut,1969,0.01123
aut,1970,0.01355
aut,1971,0.0155
aut,1972,0.01668
aut,1973,0.01827
aut,1974,0.01976
aut,1975,0.0197
aut,1976,0.02243
aut,1977,0.02287
aut,1978,0.02382
aut,1979,0.02365
aut,1980,0.02274
aut,1981,0.02169
aut,1982,0.021
aut,1983,0.02143
aut,1984,0.02385
aut,1985,0.02553
aut,1986,0.02475
aut,1987,0.02577
aut,1988,0.02462
aut,1989,0.02635
aut,1990,0.02887
aut,1991,0.03041
aut,1992,0.02964
aut,1993,0.03093
aut,1994,0.0316
aut,1995,0.03431
aut,1996,0.0364
aut,1997,0.03501
aut,1998,0.03591
aut,1999,0.03663
aut,2000,0.03489
aut,2001,0.03685
aut,2002,0.03606
aut,2003,0.03947
aut,2004,0.03965
aut,2005,0.04156
aut,2006,0.0389
aut,2007,0.03668
aut,2008,0.03914
aut,2009,0.03797
aut,2010,0.04115
aut,2011,0.03851
aut,2012,0.03652
aut,2013,0.0345
aut,2014,0.03139
aut,2015,0.03305
aut,2016,0.03433
aut,2017,0.03702
aut,2018,0.03517
aut,2019,0.03578
aze,1985,0.07161
aze,1986,0.07824
aze,1987,0.07599
aze,1988,0.07379
aze,1989,0.07626
aze,1990,0.07653
aze,1991,0.07208
aze,1992,0.05521
aze,1993,0.04016
aze,1994,0.03707
aze,1995,0.03621
aze,1996,0.02626
aze,1997,0.02479
aze,1998,0.02294
aze,1999,0.02439
aze,2000,0.02338
aze,2001,0.03323
aze,2002,0.033
aze,2003,0.0335
aze,2004,0.03887
aze,2005,0.03973
aze,2006,0.04155
aze,2007,0.03619
aze,2008,0.04095
aze,2009,0.03456
aze,2010,0.03246
aze,2011,0.03511
aze,2012,0.03638
aze,2013,0.03607
aze,2014,0.03732
aze,2015,0.0417
aze,2016,0.04042
aze,2017,0.03882
aze,2018,0.03913
aze,2019,0.04224
bel,1965,0.00028
bel,1966,0.0005
bel,1967,0.00191
bel,1968,0.00463
bel,1969,0.0095
bel,1970,0.01486
bel,1971,0.02042
bel,1972,0.02567
bel,1973,0.03077
bel,1974,0.03596
bel,1975,0.03544
bel,1976,0.03735
bel,1977,0.03666
bel,1978,0.03628
bel,1979,0.03957
bel,1980,0.0378
bel,1981,0.03482
bel,1982,0.02901
bel,1983,0.03012
bel,1984,0.03105
bel,1985,0.03117
bel,1986,0.02795
bel,1987,0.03078
bel,1988,0.03033
bel,1989,0.03363
bel,1990,0.03443
bel,1991,0.0366
bel,1992,0.03758
bel,1993,0.03917
bel,1994,0.03991
bel,1995,0.04401
bel,1996,0.04881
bel,1997,0.0465
bel,1998,0.05086
bel,1999,0.05422
bel,2000,0.05436
bel,2001,0.05351
bel,2002,0.05499
bel,2003,0.05828
bel,2004,0.05904
bel,2005,0.05766
bel,2006,0.05895
bel,2007,0.05896
bel,2008,0.05812
bel,2009,0.05826
bel,2010,0.06386
bel,2011,0.05401
bel,2012,0.05436
bel,2013,0.05336
bel,2014,0.0464
bel,2015,0.05055
bel,2016,0.05133
bel,2017,0.05174
bel,2018,0.05291
bel,2019,0.05423
bgd,1965,0
bgd,1966,0
bgd,1967,0
bgd,1968,0
bgd,1969,0
bgd,1970,0
bgd,1971,0
bgd,1972,0.00024
bgd,1973,0.00032
bgd,1974,0.00035
bgd,1975,0.00035
bgd,1976,0.00044
bgd,1977,0.00048
bgd,1978,0.00052
bgd,1979,0.00058
bgd,1980,0.00064
bgd,1981,0.0006
bgd,1982,0.00076
bgd,1983,0.00082
bgd,1984,0.00092
bgd,1985,0.00102
bgd,1986,0.00112
bgd,1987,0.00129
bgd,1988,0.00147
bgd,1989,0.00152
bgd,1990,0.0016
bgd,1991,0.00161
bgd,1992,0.00171
bgd,1993,0.00188
bgd,1994,0.00195
bgd,1995,0.00211
bgd,1996,0.00221
bgd,1997,0.00213
bgd,1998,0.00226
bgd,1999,0.00241
bgd,2000,0.00255
bgd,2001,0.00281
bgd,2002,0.0029
bgd,2003,0.00307
bgd,2004,0.00324
bgd,2005,0.00343
bgd,2006,0.00367
bgd,2007,0.00387
bgd,2008,0.00409
bgd,2009,0.00462
bgd,2010,0.0047
bgd,2011,0.00472
bgd,2012,0.00509
bgd,2013,0.00517
bgd,2014,0.00536
bgd,2015,0.00596
bgd,2016,0.00603
bgd,2017,0.006
bgd,2018,0.00612
bgd,2019,0.00759
bgr,1965,0.00025
bgr,1966,0.00036
bgr,1967,0.0011
bgr,1968,0.00168
bgr,1969,0.00173
bgr,1970,0.00155
bgr,1971,0.00121
bgr,1972,0.00081
bgr,1973,0.00081
bgr,1974,0.00176
bgr,1975,0.00465
bgr,1976,0.00811
bgr,1977,0.01031
bgr,1978,0.01097
bgr,1979,0.0117
bgr,1980,0.015
bgr,1981,0.01627
bgr,1982,0.01795
bgr,1983,0.01881
bgr,1984,0.01975
bgr,1985,0.02152
bgr,1986,0.02138
bgr,1987,0.02387
bgr,1988,0.02325
bgr,1989,0.02404
bgr,1990,0.02566
bgr,1991,0.02185
bgr,1992,0.01955
bgr,1993,0.01841
bgr,1994,0.01863
bgr,1995,0.02274
bgr,1996,0.02348
bgr,1997,0.01892
bgr,1998,0.01597
bgr,1999,0.01396
bgr,2000,0.01533
bgr,2001,0.013
bgr,2002,0.01162
bgr,2003,0.01238
bgr,2004,0.01218
bgr,2005,0.0153
bgr,2006,0.01588
bgr,2007,0.01612
bgr,2008,0.01623
bgr,2009,0.01169
bgr,2010,0.01296
bgr,2011,0.01493
bgr,2012,0.014
bgr,2013,0.0136
bgr,2014,0.01359
bgr,2015,0.015
bgr,2016,0.01573
bgr,2017,0.01629
bgr,2018,0.01543
bgr,2019,0.01456
blr,1985,0.03146
blr,1986,0.03186
blr,1987,0.03574
blr,1988,0.04116
blr,1989,0.04316
blr,1990,0.04586
blr,1991,0.04795
blr,1992,0.05572
blr,1993,0.0518
blr,1994,0.0454
blr,1995,0.04117
blr,1996,0.0435
blr,1997,0.04994
blr,1998,0.05077
blr,1999,0.05195
blr,2000,0.05541
blr,2001,0.05543
blr,2002,0.05741
blr,2003,0.05683
blr,2004,0.06938
blr,2005,0.07154
blr,2006,0.07337
blr,2007,0.07394
blr,2008,0.07594
blr,2009,0.06462
blr,2010,0.07921
blr,2011,0.07351
blr,2012,0.0742
blr,2013,0.07362
blr,2014,0.07298
blr,2015,0.06826
blr,2016,0.06779
blr,2017,0.06936
blr,2018,0.07356
blr,2019,0.07337
bra,1965,0.00002
bra,1966,0.00003
bra,1967,0.00003
bra,1968,0.00003
bra,1969,0.00003
bra,1970,0.00003
bra,1971,0.00005
bra,1972,0.00006
bra,1973,0.00007
bra,1974,0.00013
bra,1975,0.00014
bra,1976,0.00016
bra,1977,0.00019
bra,1978,0.00025
bra,1979,0.00027
bra,1980,0.0003
bra,1981,0.00027
bra,1982,0.00037
bra,1983,0.00049
bra,1984,0.00056
bra,1985,0.00068
bra,1986,0.00078
bra,1987,0.00086
bra,1988,0.00084
bra,1989,0.00085
bra,1990,0.00076
bra,1991,0.00078
bra,1992,0.00086
bra,1993,0.001
bra,1994,0.00107
bra,1995,0.00116
bra,1996,0.00126
bra,1997,0.00135
bra,1998,0.00139
bra,1999,0.00163
bra,2000,0.002
bra,2001,0.0025
bra,2002,0.00291
bra,2003,0.00322
bra,2004,0.00378
bra,2005,0.00389
bra,2006,0.00405
bra,2007,0.00413
bra,2008,0.00481
bra,2009,0.00384
bra,2010,0.00507
bra,2011,0.00501
bra,2012,0.00588
bra,2013,0.00687
bra,2014,0.00722
bra,2015,0.00756
bra,2016,0.00648
bra,2017,0.00652
bra,2018,0.00617
bra,2019,0.00611
can,1965,0.03974
can,1966,0.04275
can,1967,0.04462
can,1968,0.04885
can,1969,0.05368
can,1970,0.05833
can,1971,0.06126
can,1972,0.06782
can,1973,0.07102
can,1974,0.07074
can,1975,0.07206
can,1976,0.07178
can,1977,0.0744
can,1978,0.07427
can,1979,0.07459
can,1980,0.07335
can,1981,0.07045
can,1982,0.07386
can,1983,0.06972
can,1984,0.07656
can,1985,0.07937
can,1986,0.07542
can,1987,0.0753
can,1988,0.08172
can,1989,0.08712
can,1990,0.08334
can,1991,0.08287
can,1992,0.0868
can,1993,0.09106
can,1994,0.09324
can,1995,0.09536
can,1996,0.096
can,1997,0.09696
can,1998,0.09444
can,1999,0.10002
can,2000,0.10501
can,2001,0.09798
can,2002,0.10099
can,2003,0.10265
can,2004,0.09937
can,2005,0.09687
can,2006,0.09432
can,2007,0.09938
can,2008,0.09647
can,2009,0.09235
can,2010,0.09307
can,2011,0.10166
can,2012,0.10021
can,2013,0.10634
can,2014,0.11062
can,2015,0.10967
can,2016,0.10507
can,2017,0.10714
can,2018,0.11485
can,2019,0.11577
che,1965,0
che,1966,0
che,1967,0
che,1968,0
che,1969,0
che,1970,0.00023
che,1971,0.00054
che,1972,0.00068
che,1973,0.00091
che,1974,0.00192
che,1975,0.00308
che,1976,0.00321
che,1977,0.00368
che,1978,0.00405
che,1979,0.00455
che,1980,0.0052
che,1981,0.0056
che,1982,0.00589
che,1983,0.00643
che,1984,0.00713
che,1985,0.00742
che,1986,0.00756
che,1987,0.00806
che,1988,0.00806
che,1989,0.00871
che,1990,0.00924
che,1991,0.01027
che,1992,0.01068
che,1993,0.01108
che,1994,0.01082
che,1995,0.01183
che,1996,0.01272
che,1997,0.01223
che,1998,0.01255
che,1999,0.0144
che,2000,0.01426
che,2001,0.01477
che,2002,0.01441
che,2003,0.01514
che,2004,0.0155
che,2005,0.01577
che,2006,0.01519
che,2007,0.01464
che,2008,0.01542
che,2009,0.01462
che,2010,0.01614
che,2011,0.01414
che,2012,0.0153
che,2013,0.01591
che,2014,0.01362
che,2015,0.01439
che,2016,0.01497
che,2017,0.0149
che,2018,0.01402
che,2019,0.01425
chl,1965,0.00247
chl,1966,0.00254
chl,1967,0.00221
chl,1968,0.00186
chl,1969,0.00241
chl,1970,0.00236
chl,1971,0.00237
chl,1972,0.00212
chl,1973,0.00164
chl,1974,0.00168
chl,1975,0.00188
chl,1976,0.00202
chl,1977,0.00205
chl,1978,0.00188
chl,1979,0.0022
chl,1980,0.00222
chl,1981,0.00215
chl,1982,0.0022
chl,1983,0.00234
chl,1984,0.00236
chl,1985,0.00232
chl,1986,0.00209
chl,1987,0.002
chl,1988,0.00276
chl,1989,0.00424
chl,1990,0.00448
chl,1991,0.00519
chl,1992,0.00571
chl,1993,0.00582
chl,1994,0.00552
chl,1995,0.00521
chl,1996,0.00522
chl,1997,0.00701
chl,1998,0.00956
chl,1999,0.0129
chl,2000,0.01646
chl,2001,0.01845
chl,2002,0.0184
chl,2003,0.0197
chl,2004,0.02116
chl,2005,0.02026
chl,2006,0.01855
chl,2007,0.01082
chl,2008,0.00596
chl,2009,0.00596
chl,2010,0.01211
chl,2011,0.01219
chl,2012,0.01097
chl,2013,0.01088
chl,2014,0.00892
chl,2015,0.00967
chl,2016,0.0117
chl,2017,0.01094
chl,2018,0.01233
chl,2019,0.01231
chn,1965,0.00006
chn,1966,0.00007
chn,1967,0.00007
chn,1968,0.00006
chn,1969,0.00009
chn,1970,0.00013
chn,1971,0.00016
chn,1972,0.0002
chn,1973,0.00024
chn,1974,0.0003
chn,1975,0.00035
chn,1976,0.00039
chn,1977,0.00046
chn,1978,0.00051
chn,1979,0.00053
chn,1980,0.00052
chn,1981,0.00046
chn,1982,0.00042
chn,1983,0.00042
chn,1984,0.00043
chn,1985,0.00044
chn,1986,0.00046
chn,1987,0.00045
chn,1988,0.00045
chn,1989,0.00047
chn,1990,0.00047
chn,1991,0.00047
chn,1992,0.00047
chn,1993,0.0005
chn,1994,0.00052
chn,1995,0.00052
chn,1996,0.00054
chn,1997,0.00056
chn,1998,0.00058
chn,1999,0.00061
chn,2000,0.00069
chn,2001,0.00077
chn,2002,0.00081
chn,2003,0.00094
chn,2004,0.00109
chn,2005,0.00127
chn,2006,0.00155
chn,2007,0.0019
chn,2008,0.00218
chn,2009,0.00239
chn,2010,0.00286
chn,2011,0.00353
chn,2012,0.00392
chn,2013,0.00445
chn,2014,0.00485
chn,2015,0.00498
chn,2016,0.00533
chn,2017,0.00609
chn,2018,0.00714
chn,2019,0.00772
col,1965,0.00172
col,1966,0.00174
col,1967,0.0021
col,1968,0.00208
col,1969,0.00221
col,1970,0.00209
col,1971,0.00213
col,1972,0.00254
col,1973,0.00257
col,1974,0.00262
col,1975,0.00241
col,1976,0.00252
col,1977,0.00275
col,1978,0.00334
col,1979,0.00352
col,1980,0.0038
col,1981,0.00401
col,1982,0.00423
col,1983,0.00458
col,1984,0.00446
col,1985,0.00438
col,1986,0.00437
col,1987,0.00434
col,1988,0.00427
col,1989,0.004
col,1990,0.00407
col,1991,0.00411
col,1992,0.00397
col,1993,0.00404
col,1994,0.00393
col,1995,0.0041
col,1996,0.00438
col,1997,0.00541
col,1998,0.00618
col,1999,0.00525
col,2000,0.00521
col,2001,0.00531
col,2002,0.00528
col,2003,0.00499
col,2004,0.00525
col,2005,0.00544
col,2006,0.00564
col,2007,0.00589
col,2008,0.00592
col,2009,0.00674
col,2010,0.00696
col,2011,0.00671
col,2012,0.0074
col,2013,0.00811
col,2014,0.00873
col,2015,0.00849
col,2016,0.00904
col,2017,0.0091
col,2018,0.00958
col,2019,0.00962
cyp,1965,0
cyp,1966,0
cyp,1967,0
cyp,1968,0
cyp,1969,0
cyp,1970,0
cyp,1971,0
cyp,1972,0
cyp,1973,0
cyp,1974,0
cyp,1975,0
cyp,1976,0
cyp,1977,0
cyp,1978,0
cyp,1979,0
cyp,1980,0
cyp,1981,0
cyp,1982,0
cyp,1983,0
cyp,1984,0
cyp,1985,0
cyp,1986,0
cyp,1987,0
cyp,1988,0
cyp,1989,0
cyp,1990,0
cyp,1991,0
cyp,1992,0
cyp,1993,0
cyp,1994,0
cyp,1995,0
cyp,1996,0
cyp,1997,0
cyp,1998,0
cyp,1999,0
cyp,2000,0
cyp,2001,0
cyp,2002,0
cyp,2003,0
cyp,2004,0
cyp,2005,0
cyp,2006,0
cyp,2007,0
cyp,2008,0
cyp,2009,0
cyp,2010,0
cyp,2011,0
cyp,2012,0
cyp,2013,0
cyp,2014,0
cyp,2015,0
cyp,2016,0
cyp,2017,0
cyp,2018,0
cyp,2019,0
cze,1965,0.00157
cze,1966,0.00165
cze,1967,0.00198
cze,1968,0.00244
cze,1969,0.00268
cze,1970,0.00294
cze,1971,0.00364
cze,1972,0.00393
cze,1973,0.0043
cze,1974,0.00521
cze,1975,0.00592
cze,1976,0.0065
cze,1977,0.00734
cze,1978,0.00817
cze,1979,0.00912
cze,1980,0.01047
cze,1981,0.01049
cze,1982,0.01111
cze,1983,0.01305
cze,1984,0.01391
cze,1985,0.0171
cze,1986,0.01807
cze,1987,0.01971
cze,1988,0.01983
cze,1989,0.02046
cze,1990,0.02125
cze,1991,0.02049
cze,1992,0.02345
cze,1993,0.02396
cze,1994,0.02339
cze,1995,0.02648
cze,1996,0.0305
cze,1997,0.03106
cze,1998,0.03117
cze,1999,0.03139
cze,2000,0.03052
cze,2001,0.03274
cze,2002,0.0317
cze,2003,0.03207
cze,2004,0.03184
cze,2005,0.03144
cze,2006,0.03087
cze,2007,0.02926
cze,2008,0.02881
cze,2009,0.02716
cze,2010,0.03207
cze,2011,0.02698
cze,2012,0.02713
cze,2013,0.02747
cze,2014,0.02444
cze,2015,0.0256
cze,2016,0.02766
cze,2017,0.02833
cze,2018,0.02694
cze,2019,0.02804
deu,1965,0.00146
deu,1966,0.00174
deu,1967,0.00223
deu,1968,0.00365
deu,1969,0.00517
deu,1970,0.00732
deu,1971,0.00964
deu,1972,0.01247
deu,1973,0.01607
deu,1974,0.02011
deu,1975,0.02124
deu,1976,0.0225
deu,1977,0.02392
deu,1978,0.02568
deu,1979,0.02843
deu,1980,0.02809
deu,1981,0.02691
deu,1982,0.02503
deu,1983,0.02608
deu,1984,0.02726
deu,1985,0.02694
deu,1986,0.02683
deu,1987,0.02901
deu,1988,0.02845
deu,1989,0.02899
deu,1990,0.029
deu,1991,0.03031
deu,1992,0.02979
deu,1993,0.03134
deu,1994,0.03175
deu,1995,0.03449
deu,1996,0.03851
deu,1997,0.03675
deu,1998,0.03709
deu,1999,0.03699
deu,2000,0.03667
deu,2001,0.03865
deu,2002,0.03855
deu,2003,0.03898
deu,2004,0.03916
deu,2005,0.03983
deu,2006,0.04065
deu,2007,0.03926
deu,2008,0.03975
deu,2009,0.03757
deu,2010,0.03923
deu,2011,0.036
deu,2012,0.03606
deu,2013,0.03769
deu,2014,0.03266
deu,2015,0.03387
deu,2016,0.03718
deu,2017,0.03821
deu,2018,0.03718
deu,2019,0.03822
dnk,1965,0
dnk,1966,0
dnk,1967,0
dnk,1968,0
dnk,1969,0
dnk,1970,0
dnk,1971,0
dnk,1972,0
dnk,1973,0
dnk,1974,0
dnk,1975,0
dnk,1976,0
dnk,1977,0
dnk,1978,0
dnk,1979,0
dnk,1980,0
dnk,1981,0
dnk,1982,0
dnk,1983,0.0001
dnk,1984,0.00083
dnk,1985,0.00473
dnk,1986,0.00842
dnk,1987,0.01069
dnk,1988,0.01302
dnk,1989,0.01386
dnk,1990,0.01474
dnk,1991,0.01697
dnk,1992,0.01778
dnk,1993,0.01991
dnk,1994,0.02216
dnk,1995,0.02555
dnk,1996,0.02998
dnk,1997,0.03119
dnk,1998,0.03348
dnk,1999,0.03497
dnk,2000,0.03439
dnk,2001,0.03582
dnk,2002,0.03606
dnk,2003,0.03636
dnk,2004,0.03608
dnk,2005,0.03453
dnk,2006,0.03503
dnk,2007,0.03126
dnk,2008,0.03125
dnk,2009,0.02985
dnk,2010,0.0336
dnk,2011,0.02803
dnk,2012,0.02605
dnk,2013,0.02445
dnk,2014,0.02091
dnk,2015,0.02094
dnk,2016,0.02121
dnk,2017,0.0203
dnk,2018,0.01965
dnk,2019,0.01821
dza,1965,0.00213
dza,1966,0.00215
dza,1967,0.00203
dza,1968,0.00207
dza,1969,0.00265
dza,1970,0.00242
dza,1971,0.00267
dza,1972,0.00302
dza,1973,0.00409
dza,1974,0.00461
dza,1975,0.00618
dza,1976,0.0071
dza,1977,0.00735
dza,1978,0.01147
dza,1979,0.01574
dza,1980,0.0205
dza,1981,0.02583
dza,1982,0.02841
dza,1983,0.03015
dza,1984,0.02568
dza,1985,0.02468
dza,1986,0.02625
dza,1987,0.02609
dza,1988,0.02859
dza,1989,0.0262
dza,1990,0.02727
dza,1991,0.02628
dza,1992,0.0265
dza,1993,0.02326
dza,1994,0.02401
dza,1995,0.02531
dza,1996,0.02555
dza,1997,0.02349
dza,1998,0.02393
dza,1999,0.02411
dza,2000,0.02215
dza,2001,0.02259
dza,2002,0.02202
dza,2003,0.02298
dza,2004,0.02333
dza,2005,0.02428
dza,2006,0.02445
dza,2007,0.02464
dza,2008,0.0253
dza,2009,0.02671
dza,2010,0.02534
dza,2011,0.02631
dza,2012,0.02877
dza,2013,0.03032
dza,2014,0.03338
dza,2015,0.03436
dza,2016,0.03426
dza,2017,0.03432
dza,2018,0.03701
dza,2019,0.03783
ecu,1965,0
ecu,1966,0
ecu,1967,0
ecu,1968,0
ecu,1969,0
ecu,1970,0.00041
ecu,1971,0.0004
ecu,1972,0.00057
ecu,1973,0.00032
ecu,1974,0.00062
ecu,1975,0.00075
ecu,1976,0.00066
ecu,1977,0.00041
ecu,1978,0.00041
ecu,1979,0.00029
ecu,1980,0.00022
ecu,1981,0.00035
ecu,1982,0.00044
ecu,1983,0.00053
ecu,1984,0.00074
ecu,1985,0.00074
ecu,1986,0.00072
ecu,1987,0.00065
ecu,1988,0.00074
ecu,1989,0.00057
ecu,1990,0.00092
ecu,1991,0.0011
ecu,1992,0.00108
ecu,1993,0.00122
ecu,1994,0.00108
ecu,1995,0.00102
ecu,1996,0.00106
ecu,1997,0.00094
ecu,1998,0.00094
ecu,1999,0.00087
ecu,2000,0.00093
ecu,2001,0.00093
ecu,2002,0.00036
ecu,2003,0.00062
ecu,2004,0.00142
ecu,2005,0.00144
ecu,2006,0.00155
ecu,2007,0.00138
ecu,2008,0.00124
ecu,2009,0.00143
ecu,2010,0.00148
ecu,2011,0.00132
ecu,2012,0.00174
ecu,2013,0.00195
ecu,2014,0.00197
ecu,2015,0.00182
ecu,2016,0.00193
ecu,2017,0.00177
ecu,2018,0.00149
ecu,2019,0.00131
egy,1965,0.00006
egy,1966,0.00006
egy,1967,0.00006
egy,1968,0.00006
egy,1969,0.00007
egy,1970,0.00009
egy,1971,0.00008
egy,1972,0.00007
egy,1973,0.00005
egy,1974,0.00006
egy,1975,0.00004
egy,1976,0.00033
egy,1977,0.0004
egy,1978,0.00062
egy,1979,0.00092
egy,1980,0.00174
egy,1981,0.0019
egy,1982,0.00203
egy,1983,0.00232
egy,1984,0.0029
egy,1985,0.00347
egy,1986,0.00389
egy,1987,0.00419
egy,1988,0.00449
egy,1989,0.0049
egy,1990,0.00498
egy,1991,0.00548
egy,1992,0.0058
egy,1993,0.00653
egy,1994,0.00681
egy,1995,0.007
egy,1996,0.00708
egy,1997,0.00716
egy,1998,0.00717
egy,1999,0.00842
egy,2000,0.01007
egy,2001,0.0121
egy,2002,0.01284
egy,2003,0.01413
egy,2004,0.01481
egy,2005,0.0145
egy,2006,0.01645
egy,2007,0.01699
egy,2008,0.01777
egy,2009,0.01817
egy,2010,0.01889
egy,2011,0.02034
egy,2012,0.02109
egy,2013,0.02016
egy,2014,0.0184
egy,2015,0.01792
egy,2016,0.01881
egy,2017,0.02088
egy,2018,0.0218
egy,2019,0.02114
esp,1965,0
esp,1966,0
esp,1967,0
esp,1968,0
esp,1969,0.0001
esp,1970,0.00008
esp,1971,0.00042
esp,1972,0.00122
esp,1973,0.00116
esp,1974,0.00143
esp,1975,0.00146
esp,1976,0.00166
esp,1977,0.00158
esp,1978,0.0016
esp,1979,0.00153
esp,1980,0.00195
esp,1981,0.00221
esp,1982,0.0024
esp,1983,0.00258
esp,1984,0.00211
esp,1985,0.00222
esp,1986,0.00261
esp,1987,0.00279
esp,1988,0.00359
esp,1989,0.0046
esp,1990,0.00531
esp,1991,0.00596
esp,1992,0.00622
esp,1993,0.00608
esp,1994,0.00665
esp,1995,0.00812
esp,1996,0.00906
esp,1997,0.01182
esp,1998,0.01209
esp,1999,0.01375
esp,2000,0.01561
esp,2001,0.01661
esp,2002,0.01872
esp,2003,0.02098
esp,2004,0.02433
esp,2005,0.02838
esp,2006,0.02923
esp,2007,0.02929
esp,2008,0.03172
esp,2009,0.02806
esp,2010,0.02777
esp,2011,0.02573
esp,2012,0.02542
esp,2013,0.02326
esp,2014,0.02118
esp,2015,0.02201
esp,2016,0.02248
esp,2017,0.02447
esp,2018,0.02426
esp,2019,0.02782
est,1985,0.0248
est,1986,0.02234
est,1987,0.02396
est,1988,0.02559
est,1989,0.0255
est,1990,0.03269
est,1991,0.03319
est,1992,0.01975
est,1993,0.01001
est,1994,0.01468
est,1995,0.01702
est,1996,0.01897
est,1997,0.01854
est,1998,0.01764
est,1999,0.0172
est,2000,0.01984
est,2001,0.02141
est,2002,0.01805
est,2003,0.02004
est,2004,0.0238
est,2005,0.0247
est,2006,0.02512
est,2007,0.02508
est,2008,0.02411
est,2009,0.01642
est,2010,0.01768
est,2011,0.01599
est,2012,0.0167
est,2013,0.01727
est,2014,0.01353
est,2015,0.01204
est,2016,0.01322
est,2017,0.01253
est,2018,0.0128
est,2019,0.01168
fin,1965,0
fin,1966,0
fin,1967,0
fin,1968,0
fin,1969,0
fin,1970,0
fin,1971,0
fin,1972,0
fin,1973,0
fin,1974,0.00341
fin,1975,0.00561
fin,1976,0.00655
fin,1977,0.00665
fin,1978,0.00722
fin,1979,0.00717
fin,1980,0.00673
fin,1981,0.00533
fin,1982,0.00501
fin,1983,0.00483
fin,1984,0.0055
fin,1985,0.00695
fin,1986,0.00838
fin,1987,0.01104
fin,1988,0.01184
fin,1989,0.01548
fin,1990,0.01816
fin,1991,0.01906
fin,1992,0.01969
fin,1993,0.02024
fin,1994,0.02223
fin,1995,0.02298
fin,1996,0.02396
fin,1997,0.02351
fin,1998,0.02686
fin,1999,0.02683
fin,2000,0.02735
fin,2001,0.0296
fin,2002,0.02932
fin,2003,0.03237
fin,2004,0.0311
fin,2005,0.02836
fin,2006,0.03021
fin,2007,0.02783
fin,2008,0.02834
fin,2009,0.02519
fin,2010,0.02771
fin,2011,0.02412
fin,2012,0.02124
fin,2013,0.01966
fin,2014,0.01751
fin,2015,0.01503
fin,2016,0.01313
fin,2017,0.01197
fin,2018,0.01369
fin,2019,0.01315
fra,1965,0.0037
fra,1966,0.00386
fra,1967,0.00437
fra,1968,0.00519
fra,1969,0.00599
fra,1970,0.00677
fra,1971,0.00797
fra,1972,0.00935
fra,1973,0.01088
fra,1974,0.01127
fra,1975,0.01249
fra,1976,0.01335
fra,1977,0.01388
fra,1978,0.01474
fra,1979,0.01627
fra,1980,0.01682
fra,1981,0.01701
fra,1982,0.01627
fra,1983,0.01724
fra,1984,0.01749
fra,1985,0.01862
fra,1986,0.01863
fra,1987,0.01875
fra,1988,0.01856
fra,1989,0.01807
fra,1990,0.01923
fra,1991,0.02098
fra,1992,0.02085
fra,1993,0.02124
fra,1994,0.0202
fra,1995,0.02142
fra,1996,0.02359
fra,1997,0.02254
fra,1998,0.02394
fra,1999,0.0243
fra,2000,0.02537
fra,2001,0.02647
fra,2002,0.02624
fra,2003,0.02732
fra,2004,0.02769
fra,2005,0.0281
fra,2006,0.02697
fra,2007,0.02605
fra,2008,0.02684
fra,2009,0.02575
fra,2010,0.02838
fra,2011,0.0245
fra,2012,0.02517
fra,2013,0.02544
fra,2014,0.02126
fra,2015,0.02276
fra,2016,0.02479
fra,2017,0.02485
fra,2018,0.02366
fra,2019,0.02401
gbr,1965,0.00057
gbr,1966,0.00055
gbr,1967,0.00093
gbr,1968,0.00208
gbr,1969,0.00404
gbr,1970,0.00766
gbr,1971,0.01232
gbr,1972,0.01743
gbr,1973,0.01882
gbr,1974,0.02248
gbr,1975,0.02353
gbr,1976,0.02494
gbr,1977,0.0265
gbr,1978,0.02749
gbr,1979,0.03011
gbr,1980,0.03002
gbr,1981,0.03042
gbr,1982,0.03026
gbr,1983,0.03152
gbr,1984,0.03222
gbr,1985,0.0346
gbr,1986,0.03511
gbr,1987,0.03597
gbr,1988,0.03417
gbr,1989,0.0333
gbr,1990,0.03458
gbr,1991,0.03725
gbr,1992,0.03697
gbr,1993,0.04202
gbr,1994,0.04314
gbr,1995,0.04587
gbr,1996,0.05327
gbr,1997,0.05459
gbr,1998,0.05657
gbr,1999,0.06002
gbr,2000,0.06192
gbr,2001,0.06141
gbr,2002,0.0604
gbr,2003,0.06033
gbr,2004,0.06132
gbr,2005,0.05935
gbr,2006,0.05579
gbr,2007,0.05583
gbr,2008,0.05667
gbr,2009,0.05227
gbr,2010,0.05587
gbr,2011,0.04606
gbr,2012,0.0429
gbr,2013,0.04228
gbr,2014,0.03855
gbr,2015,0.03938
gbr,2016,0.04381
gbr,2017,0.0424
gbr,2018,0.0425
gbr,2019,0.04203
grc,1965,0
grc,1966,0
grc,1967,0
grc,1968,0
grc,1969,0
grc,1970,0
grc,1971,0
grc,1972,0
grc,1973,0
grc,1974,0
grc,1975,0
grc,1976,0
grc,1977,0
grc,1978,0
grc,1979,0
grc,1980,0
grc,1981,0
grc,1982,0.00031
grc,1983,0.00029
grc,1984,0.00032
grc,1985,0.0003
grc,1986,0.00041
grc,1987,0.00047
grc,1988,0.00056
grc,1989,0.00056
grc,1990,0.00057
grc,1991,0.00055
grc,1992,0.00051
grc,1993,0.00037
grc,1994,0.00019
grc,1995,0.00017
grc,1996,0.00019
grc,1997,0.00066
grc,1998,0.00267
grc,1999,0.00477
grc,2000,0.00637
grc,2001,0.00625
grc,2002,0.0067
grc,2003,0.00755
grc,2004,0.00828
grc,2005,0.00835
grc,2006,0.00988
grc,2007,0.01258
grc,2008,0.01321
grc,2009,0.01118
grc,2010,0.01233
grc,2011,0.01529
grc,2012,0.01411
grc,2013,0.0125
grc,2014,0.00957
grc,2015,0.01037
grc,2016,0.01356
grc,2017,0.01642
grc,2018,0.01615
grc,2019,0.01769
hkg,1965,0
hkg,1966,0
hkg,1967,0
hkg,1968,0
hkg,1969,0
hkg,1970,0
hkg,1971,0
hkg,1972,0
hkg,1973,0
hkg,1974,0
hkg,1975,0
hkg,1976,0
hkg,1977,0
hkg,1978,0
hkg,1979,0
hkg,1980,0
hkg,1981,0
hkg,1982,0
hkg,1983,0
hkg,1984,0
hkg,1985,0
hkg,1986,0
hkg,1987,0
hkg,1988,0
hkg,1989,0
hkg,1990,0
hkg,1991,0
hkg,1992,0
hkg,1993,0
hkg,1994,0
hkg,1995,0.00018
hkg,1996,0.01121
hkg,1997,0.01719
hkg,1998,0.01583
hkg,1999,0.01718
hkg,2000,0.01533
hkg,2001,0.01534
hkg,2002,0.01449
hkg,2003,0.00929
hkg,2004,0.01338
hkg,2005,0.01336
hkg,2006,0.01458
hkg,2007,0.01355
hkg,2008,0.01558
hkg,2009,0.01504
hkg,2010,0.01857
hkg,2011,0.01471
hkg,2012,0.01347
hkg,2013,0.01261
hkg,2014,0.01204
hkg,2015,0.01526
hkg,2016,0.01554
hkg,2017,0.01535
hkg,2018,0.01474
hkg,2019,0.01509
hrv,1990,0.01924
hrv,1991,0.01788
hrv,1992,0.01864
hrv,1993,0.01982
hrv,1994,0.01881
hrv,1995,0.01754
hrv,1996,0.01984
hrv,1997,0.02075
hrv,1998,0.02013
hrv,1999,0.02057
hrv,2000,0.02089
hrv,2001,0.02199
hrv,2002,0.02258
hrv,2003,0.02248
hrv,2004,0.02334
hrv,2005,0.0226
hrv,2006,0.02239
hrv,2007,0.02577
hrv,2008,0.02504
hrv,2009,0.02318
hrv,2010,0.02546
hrv,2011,0.02495
hrv,2012,0.02352
hrv,2013,0.02234
hrv,2014,0.01987
hrv,2015,0.02059
hrv,2016,0.02159
hrv,2017,0.02496
hrv,2018,0.02441
hrv,2019,0.02567
hun,1965,0.00481
hun,1966,0.00594
hun,1967,0.0076
hun,1968,0.00953
hun,1969,0.0113
hun,1970,0.01262
hun,1971,0.01311
hun,1972,0.01411
hun,1973,0.01671
hun,1974,0.01774
hun,1975,0.01963
hun,1976,0.02346
hun,1977,0.02514
hun,1978,0.02738
hun,1979,0.02881
hun,1980,0.03104
hun,1981,0.03177
hun,1982,0.03328
hun,1983,0.03332
hun,1984,0.0341
hun,1985,0.03498
hun,1986,0.03727
hun,1987,0.03716
hun,1988,0.03689
hun,1989,0.03771
hun,1990,0.03596
hun,1991,0.03571
hun,1992,0.0314
hun,1993,0.03379
hun,1994,0.03413
hun,1995,0.03712
hun,1996,0.04148
hun,1997,0.03943
hun,1998,0.03982
hun,1999,0.04046
hun,2000,0.03956
hun,2001,0.04399
hun,2002,0.04452
hun,2003,0.04907
hun,2004,0.04848
hun,2005,0.0502
hun,2006,0.0477
hun,2007,0.04471
hun,2008,0.04425
hun,2009,0.03847
hun,2010,0.0414
hun,2011,0.0397
hun,2012,0.03555
hun,2013,0.03324
hun,2014,0.02981
hun,2015,0.03207
hun,2016,0.03446
hun,2017,0.03676
hun,2018,0.03568
hun,2019,0.03647
idn,1965,0.00018
idn,1966,0.00018
idn,1967,0.00022
idn,1968,0.00021
idn,1969,0.00039
idn,1970,0.00039
idn,1971,0.00039
idn,1972,0.00037
idn,1973,0.00024
idn,1974,0.00032
idn,1975,0.00065
idn,1976,0.00064
idn,1977,0.00133
idn,1978,0.0015
idn,1979,0.00189
idn,1980,0.00174
idn,1981,0.0017
idn,1982,0.00158
idn,1983,0.00207
idn,1984,0.00236
idn,1985,0.00274
idn,1986,0.00289
idn,1987,0.00293
idn,1988,0.00306
idn,1989,0.00336
idn,1990,0.00341
idn,1991,0.00386
idn,1992,0.00413
idn,1993,0.00431
idn,1994,0.00503
idn,1995,0.00522
idn,1996,0.00535
idn,1997,0.0055
idn,1998,0.00523
idn,1999,0.00561
idn,2000,0.00562
idn,2001,0.00573
idn,2002,0.00615
idn,2003,0.00646
idn,2004,0.00584
idn,2005,0.00579
idn,2006,0.00583
idn,2007,0.00537
idn,2008,0.00607
idn,2009,0.00635
idn,2010,0.00656
idn,2011,0.00628
idn,2012,0.00623
idn,2013,0.00636
idn,2014,0.00621
idn,2015,0.00638
idn,2016,0.00614
idn,2017,0.00588
idn,2018,0.00599
idn,2019,0.00583
ind,1965,0.00002
ind,1966,0.00002
ind,1967,0.00002
ind,1968,0.00003
ind,1969,0.00003
ind,1970,0.00004
ind,1971,0.00004
ind,1972,0.00005
ind,1973,0.00004
ind,1974,0.00005
ind,1975,0.00006
ind,1976,0.00007
ind,1977,0.00008
ind,1978,0.00008
ind,1979,0.0001
ind,1980,0.00006
ind,1981,0.0001
ind,1982,0.00013
ind,1983,0.00015
ind,1984,0.00017
ind,1985,0.0002
ind,1986,0.00027
ind,1987,0.00031
ind,1988,0.00035
ind,1989,0.00041
ind,1990,0.00048
ind,1991,0.00052
ind,1992,0.00057
ind,1993,0.00057
ind,1994,0.0006
ind,1995,0.00068
ind,1996,0.00072
ind,1997,0.00077
ind,1998,0.00083
ind,1999,0.00084
ind,2000,0.00086
ind,2001,0.00085
ind,2002,0.00087
ind,2003,0.00092
ind,2004,0.00098
ind,2005,0.00108
ind,2006,0.00111
ind,2007,0.00118
ind,2008,0.0012
ind,2009,0.00145
ind,2010,0.00172
ind,2011,0.00174
ind,2012,0.00158
ind,2013,0.00138
ind,2014,0.00135
ind,2015,0.00131
ind,2016,0.00138
ind,2017,0.00145
ind,2018,0.00155
ind,2019,0.00157
irl,1965,0
irl,1966,0
irl,1967,0
irl,1968,0
irl,1969,0
irl,1970,0
irl,1971,0
irl,1972,0
irl,1973,0
irl,1974,0
irl,1975,0
irl,1976,0
irl,1977,0
irl,1978,0
irl,1979,0.00298
irl,1980,0.00858
irl,1981,0.01276
irl,1982,0.01855
irl,1983,0.01992
irl,1984,0.02099
irl,1985,0.02153
irl,1986,0.01516
irl,1987,0.01511
irl,1988,0.01814
irl,1989,0.02059
irl,1990,0.02238
irl,1991,0.02289
irl,1992,0.02256
irl,1993,0.02551
irl,1994,0.02579
irl,1995,0.02726
irl,1996,0.03073
irl,1997,0.03184
irl,1998,0.03188
irl,1999,0.03369
irl,2000,0.0381
irl,2001,0.03913
irl,2002,0.03949
irl,2003,0.03849
irl,2004,0.03769
irl,2005,0.03515
irl,2006,0.03906
irl,2007,0.04148
irl,2008,0.04256
irl,2009,0.03969
irl,2010,0.04322
irl,2011,0.03771
irl,2012,0.03664
irl,2013,0.03484
irl,2014,0.03368
irl,2015,0.03386
irl,2016,0.03772
irl,2017,0.03801
irl,2018,0.03893
irl,2019,0.0392
irn,1965,0.00113
irn,1966,0.00115
irn,1967,0.00117
irn,1968,0.00122
irn,1969,0.0014
irn,1970,0.00322
irn,1971,0.00363
irn,1972,0.00405
irn,1973,0.00478
irn,1974,0.00473
irn,1975,0.00469
irn,1976,0.00512
irn,1977,0.00508
irn,1978,0.0038
irn,1979,0.00492
irn,1980,0.00422
irn,1981,0.00441
irn,1982,0.0058
irn,1983,0.00636
irn,1984,0.00711
irn,1985,0.00736
irn,1986,0.0068
irn,1987,0.00801
irn,1988,0.00839
irn,1989,0.01026
irn,1990,0.01456
irn,1991,0.01656
irn,1992,0.01869
irn,1993,0.00995
irn,1994,0.01551
irn,1995,0.01867
irn,1996,0.02166
irn,1997,0.02267
irn,1998,0.02602
irn,1999,0.03054
irn,2000,0.03261
irn,2001,0.03605
irn,2002,0.04185
irn,2003,0.04242
irn,2004,0.04869
irn,2005,0.05008
irn,2006,0.05398
irn,2007,0.05983
irn,2008,0.06279
irn,2009,0.06654
irn,2010,0.07047
irn,2011,0.07389
irn,2012,0.0727
irn,2013,0.07241
irn,2014,0.08058
irn,2015,0.0844
irn,2016,0.08883
irn,2017,0.09332
irn,2018,0.09864
irn,2019,0.09709
irq,1965,0.00203
irq,1966,0.0024
irq,1967,0.00185
irq,1968,0.00179
irq,1969,0.00272
irq,1970,0.00269
irq,1971,0.00308
irq,1972,0.00302
irq,1973,0.00284
irq,1974,0.00253
irq,1975,0.00379
irq,1976,0.00511
irq,1977,0.00323
irq,1978,0.00325
irq,1979,0.00452
irq,1980,0.00321
irq,1981,0.00151
irq,1982,0.00161
irq,1983,0.00108
irq,1984,0.00133
irq,1985,0.00187
irq,1986,0.00333
irq,1987,0.00789
irq,1988,0.01153
irq,1989,0.01298
irq,1990,0.00781
irq,1991,0.00333
irq,1992,0.00422
irq,1993,0.0046
irq,1994,0.00555
irq,1995,0.00538
irq,1996,0.00533
irq,1997,0.00487
irq,1998,0.00456
irq,1999,0.00477
irq,2000,0.00458
irq,2001,0.0039
irq,2002,0.00324
irq,2003,0.00208
irq,2004,0.0013
irq,2005,0.00184
irq,2006,0.00181
irq,2007,0.00586
irq,2008,0.00819
irq,2009,0.00851
irq,2010,0.00864
irq,2011,0.00738
irq,2012,0.00716
irq,2013,0.00768
irq,2014,0.00788
irq,2015,0.00739
irq,2016,0.00973
irq,2017,0.01095
irq,2018,0.01368
irq,2019,0.01825
isl,1965,0
isl,1966,0
isl,1967,0
isl,1968,0
isl,1969,0
isl,1970,0
isl,1971,0
isl,1972,0
isl,1973,0
isl,1974,0
isl,1975,0
isl,1976,0
isl,1977,0
isl,1978,0
isl,1979,0
isl,1980,0
isl,1981,0
isl,1982,0
isl,1983,0
isl,1984,0
isl,1985,0
isl,1986,0
isl,1987,0
isl,1988,0
isl,1989,0
isl,1990,0
isl,1991,0
isl,1992,0
isl,1993,0
isl,1994,0
isl,1995,0
isl,1996,0
isl,1997,0
isl,1998,0
isl,1999,0
isl,2000,0
isl,2001,0
isl,2002,0
isl,2003,0
isl,2004,0
isl,2005,0
isl,2006,0
isl,2007,0
isl,2008,0
isl,2009,0
isl,2010,0
isl,2011,0
isl,2012,0
isl,2013,0
isl,2014,0
isl,2015,0
isl,2016,0
isl,2017,0
isl,2018,0
isl,2019,0
isr,1965,0.00106
isr,1966,0.00134
isr,1967,0.00147
isr,1968,0.00184
isr,1969,0.00185
isr,1970,0.00165
isr,1971,0.0015
isr,1972,0.00143
isr,1973,0.0006
isr,1974,0.00071
isr,1975,0.00063
isr,1976,0.00059
isr,1977,0.00057
isr,1978,0.00055
isr,1979,0.00038
isr,1980,0.00002
isr,1981,0.00002
isr,1982,0.00041
isr,1983,0.00057
isr,1984,0.00049
isr,1985,0.00045
isr,1986,0.00033
isr,1987,0.00037
isr,1988,0.00034
isr,1989,0.0003
isr,1990,0.00025
isr,1991,0.00021
isr,1992,0.00017
isr,1993,0.00016
isr,1994,0.00015
isr,1995,0.00016
isr,1996,0.0001
isr,1997,0.00012
isr,1998,0.00007
isr,1999,0.00006
isr,2000,0.00006
isr,2001,0.00006
isr,2002,0.00005
isr,2003,0.00004
isr,2004,0.00641
isr,2005,0.00866
isr,2006,0.01182
isr,2007,0.01379
isr,2008,0.01851
isr,2009,0.02004
isr,2010,0.02506
isr,2011,0.02284
isr,2012,0.01154
isr,2013,0.03088
isr,2014,0.03322
isr,2015,0.03633
isr,2016,0.04106
isr,2017,0.04321
isr,2018,0.0452
isr,2019,0.04552
ita,1965,0.00514
ita,1966,0.00557
ita,1967,0.00604
ita,1968,0.00704
ita,1969,0.00768
ita,1970,0.00823
ita,1971,0.00844
ita,1972,0.00962
ita,1973,0.01073
ita,1974,0.012
ita,1975,0.01375
ita,1976,0.01656
ita,1977,0.01684
ita,1978,0.01653
ita,1979,0.01693
ita,1980,0.01675
ita,1981,0.0162
ita,1982,0.0161
ita,1983,0.01652
ita,1984,0.01943
ita,1985,0.01972
ita,1986,0.02083
ita,1987,0.0231
ita,1988,0.02506
ita,1989,0.0271
ita,1990,0.02867
ita,1991,0.03043
ita,1992,0.03012
ita,1993,0.03071
ita,1994,0.02966
ita,1995,0.0327
ita,1996,0.0338
ita,1997,0.03519
ita,1998,0.038
ita,1999,0.04137
ita,2000,0.0431
ita,2001,0.04308
ita,2002,0.04256
ita,2003,0.04661
ita,2004,0.04805
ita,2005,0.05113
ita,2006,0.04985
ita,2007,0.04992
ita,2008,0.0494
ita,2009,0.04527
ita,2010,0.04803
ita,2011,0.04484
ita,2012,0.0429
ita,2013,0.03993
ita,2014,0.03514
ita,2015,0.03822
ita,2016,0.04008
ita,2017,0.04247
ita,2018,0.0411
ita,2019,0.04209
jpn,1965,0.00067
jpn,1966,0.00068
jpn,1967,0.00069
jpn,1968,0.00074
jpn,1969,0.00081
jpn,1970,0.00123
jpn,1971,0.0013
jpn,1972,0.00128
jpn,1973,0.00175
jpn,1974,0.00236
jpn,1975,0.0028
jpn,1976,0.00331
jpn,1977,0.00401
jpn,1978,0.00557
jpn,1979,0.00655
jpn,1980,0.00769
jpn,1981,0.00765
jpn,1982,0.00778
jpn,1983,0.00831
jpn,1984,0.01111
jpn,1985,0.01183
jpn,1986,0.01198
jpn,1987,0.01223
jpn,1988,0.01292
jpn,1989,0.01336
jpn,1990,0.01455
jpn,1991,0.01533
jpn,1992,0.01589
jpn,1993,0.01595
jpn,1994,0.01701
jpn,1995,0.01727
jpn,1996,0.01839
jpn,1997,0.01905
jpn,1998,0.01959
jpn,1999,0.02054
jpn,2000,0.02136
jpn,2001,0.02191
jpn,2002,0.02141
jpn,2003,0.02347
jpn,2004,0.02263
jpn,2005,0.02321
jpn,2006,0.02482
jpn,2007,0.02673
jpn,2008,0.02775
jpn,2009,0.0259
jpn,2010,0.02799
jpn,2011,0.03138
jpn,2012,0.03454
jpn,2013,0.03466
jpn,2014,0.03504
jpn,2015,0.03339
jpn,2016,0.0328
jpn,2017,0.03303
jpn,2018,0.03275
jpn,2019,0.03068
kaz,1985,0.02074
kaz,1986,0.02481
kaz,1987,0.02562
kaz,1988,0.02644
kaz,1989,0.0271
kaz,1990,0.02879
kaz,1991,0.03024
kaz,1992,0.03123
kaz,1993,0.03017
kaz,1994,0.02214
kaz,1995,0.02572
kaz,1996,0.02179
kaz,1997,0.01736
kaz,1998,0.01745
kaz,1999,0.01998
kaz,2000,0.01262
kaz,2001,0.01109
kaz,2002,0.01163
kaz,2003,0.01357
kaz,2004,0.01485
kaz,2005,0.0194
kaz,2006,0.02036
kaz,2007,0.0244
kaz,2008,0.02401
kaz,2009,0.02275
kaz,2010,0.02442
kaz,2011,0.02655
kaz,2012,0.02784
kaz,2013,0.02868
kaz,2014,0.03116
kaz,2015,0.03142
kaz,2016,0.03191
kaz,2017,0.03336
kaz,2018,0.03733
kaz,2019,0.03474
kor,1965,0
kor,1966,0
kor,1967,0
kor,1968,0
kor,1969,0
kor,1970,0
kor,1971,0
kor,1972,0
kor,1973,0
kor,1974,0
kor,1975,0
kor,1976,0
kor,1977,0
kor,1978,0
kor,1979,0
kor,1980,0
kor,1981,0
kor,1982,0
kor,1983,0
kor,1984,0
kor,1985,0
kor,1986,0.00006
kor,1987,0.0019
kor,1988,0.00243
kor,1989,0.00233
kor,1990,0.00265
kor,1991,0.00304
kor,1992,0.00394
kor,1993,0.00486
kor,1994,0.0064
kor,1995,0.00766
kor,1996,0.01003
kor,1997,0.01207
kor,1998,0.01118
kor,1999,0.0135
kor,2000,0.01505
kor,2001,0.01642
kor,2002,0.01813
kor,2003,0.01889
kor,2004,0.02203
kor,2005,0.02349
kor,2006,0.02467
kor,2007,0.02664
kor,2008,0.02733
kor,2009,0.02589
kor,2010,0.03271
kor,2011,0.03503
kor,2012,0.03777
kor,2013,0.03931
kor,2014,0.03557
kor,2015,0.03234
kor,2016,0.03364
kor,2017,0.03506
kor,2018,0.04067
kor,2019,0.03933
kwt,1965,0.13165
kwt,1966,0.15558
kwt,1967,0.16046
kwt,1968,0.18043
kwt,1969,0.185
kwt,1970,0.09358
kwt,1971,0.0901
kwt,1972,0.09984
kwt,1973,0.10521
kwt,1974,0.10422
kwt,1975,0.10752
kwt,1976,0.1217
kwt,1977,0.1249
kwt,1978,0.1319
kwt,1979,0.16495
kwt,1980,0.10172
kwt,1981,0.1113
kwt,1982,0.08337
kwt,1983,0.08751
kwt,1984,0.09058
kwt,1985,0.08278
kwt,1986,0.10695
kwt,1987,0.08431
kwt,1988,0.11496
kwt,1989,0.13335
kwt,1990,0.06839
kwt,1991,0.00842
kwt,1992,0.04685
kwt,1993,0.10457
kwt,1994,0.12305
kwt,1995,0.19759
kwt,1996,0.19555
kwt,1997,0.18537
kwt,1998,0.17726
kwt,1999,0.15225
kwt,2000,0.16054
kwt,2001,0.15447
kwt,2002,0.13939
kwt,2003,0.15821
kwt,2004,0.16941
kwt,2005,0.1853
kwt,2006,0.1788
kwt,2007,0.15379
kwt,2008,0.16353
kwt,2009,0.15117
kwt,2010,0.16816
kwt,2011,0.1802
kwt,2012,0.18847
kwt,2013,0.18141
kwt,2014,0.17431
kwt,2015,0.19074
kwt,2016,0.19242
kwt,2017,0.18663
kwt,2018,0.18405
kwt,2019,0.20123
lka,1965,0
lka,1966,0
lka,1967,0
lka,1968,0
lka,1969,0
lka,1970,0
lka,1971,0
lka,1972,0
lka,1973,0
lka,1974,0
lka,1975,0
lka,1976,0
lka,1977,0
lka,1978,0
lka,1979,0
lka,1980,0
lka,1981,0
lka,1982,0
lka,1983,0
lka,1984,0
lka,1985,0
lka,1986,0
lka,1987,0
lka,1988,0
lka,1989,0
lka,1990,0
lka,1991,0
lka,1992,0
lka,1993,0
lka,1994,0
lka,1995,0
lka,1996,0
lka,1997,0
lka,1998,0
lka,1999,0
lka,2000,0
lka,2001,0
lka,2002,0
lka,2003,0
lka,2004,0
lka,2005,0
lka,2006,0
lka,2007,0
lka,2008,0
lka,2009,0
lka,2010,0
lka,2011,0
lka,2012,0
lka,2013,0
lka,2014,0
lka,2015,0
lka,2016,0
lka,2017,0
lka,2018,0
lka,2019,0
ltu,1985,0.04122
ltu,1986,0.04095
ltu,1987,0.04237
ltu,1988,0.0438
ltu,1989,0.04618
ltu,1990,0.053
ltu,1991,0.05484
ltu,1992,0.03141
ltu,1993,0.01707
ltu,1994,0.01986
ltu,1995,0.02342
ltu,1996,0.0252
ltu,1997,0.02342
ltu,1998,0.02066
ltu,1999,0.02151
ltu,2000,0.02468
ltu,2001,0.02587
ltu,2002,0.02638
ltu,2003,0.02887
ltu,2004,0.02908
ltu,2005,0.03101
ltu,2006,0.03111
ltu,2007,0.03715
ltu,2008,0.03383
ltu,2009,0.02884
ltu,2010,0.0334
ltu,2011,0.03692
ltu,2012,0.03649
ltu,2013,0.03012
ltu,2014,0.0291
ltu,2015,0.02952
ltu,2016,0.02668
ltu,2017,0.0282
ltu,2018,0.02877
ltu,2019,0.02814
lux,1965,0
lux,1966,0
lux,1967,0
lux,1968,0
lux,1969,0.00031
lux,1970,0.00077
lux,1971,0.00154
lux,1972,0.01223
lux,1973,0.02424
lux,1974,0.0323
lux,1975,0.0371
lux,1976,0.04217
lux,1977,0.04409
lux,1978,0.04821
lux,1979,0.05017
lux,1980,0.04401
lux,1981,0.03399
lux,1982,0.02818
lux,1983,0.02672
lux,1984,0.02884
lux,1985,0.0315
lux,1986,0.03063
lux,1987,0.03468
lux,1988,0.0358
lux,1989,0.04033
lux,1990,0.04697
lux,1991,0.04826
lux,1992,0.04965
lux,1993,0.05087
lux,1994,0.05053
lux,1995,0.05693
lux,1996,0.06157
lux,1997,0.0622
lux,1998,0.06194
lux,1999,0.06344
lux,2000,0.06445
lux,2001,0.07098
lux,2002,0.10066
lux,2003,0.10108
lux,2004,0.11082
lux,2005,0.10757
lux,2006,0.11064
lux,2007,0.10125
lux,2008,0.09429
lux,2009,0.0938
lux,2010,0.09864
lux,2011,0.08322
lux,2012,0.0829
lux,2013,0.06867
lux,2014,0.06366
lux,2015,0.05681
lux,2016,0.05125
lux,2017,0.04903
lux,2018,0.04737
lux,2019,0.04651
lva,1985,0.02944
lva,1986,0.03053
lva,1987,0.03146
lva,1988,0.03358
lva,1989,0.03341
lva,1990,0.0347
lva,1991,0.03359
lva,1992,0.0194
lva,1993,0.01231
lva,1994,0.0125
lva,1995,0.0152
lva,1996,0.0141
lva,1997,0.01424
lva,1998,0.01626
lva,1999,0.01572
lva,2000,0.01923
lva,2001,0.02021
lva,2002,0.02328
lva,2003,0.02343
lva,2004,0.02616
lva,2005,0.02572
lva,2006,0.0269
lva,2007,0.02635
lva,2008,0.02613
lva,2009,0.02426
lva,2010,0.02928
lva,2011,0.0261
lva,2012,0.02483
lva,2013,0.02476
lva,2014,0.02251
lva,2015,0.02297
lva,2016,0.02406
lva,2017,0.02207
lva,2018,0.0256
lva,2019,0.02477
mar,1965,0.00012
mar,1966,0.00012
mar,1967,0.00012
mar,1968,0.00011
mar,1969,0.00011
mar,1970,0.00011
mar,1971,0.00011
mar,1972,0.00012
mar,1973,0.00014
mar,1974,0.00016
mar,1975,0.00014
mar,1976,0.00015
mar,1977,0.00016
mar,1978,0.00015
mar,1979,0.00014
mar,1980,0.00012
mar,1981,0.00015
mar,1982,0.00013
mar,1983,0.00014
mar,1984,0.00013
mar,1985,0.00015
mar,1986,0.00014
mar,1987,0.00011
mar,1988,0.00011
mar,1989,0.00008
mar,1990,0.00007
mar,1991,0.00005
mar,1992,0.00003
mar,1993,0.00003
mar,1994,0.00003
mar,1995,0.00002
mar,1996,0.00002
mar,1997,0.00004
mar,1998,0.00004
mar,1999,0.00005
mar,2000,0.00006
mar,2001,0.00005
mar,2002,0.00006
mar,2003,0.00006
mar,2004,0.00008
mar,2005,0.0005
mar,2006,0.00062
mar,2007,0.00069
mar,2008,0.00067
mar,2009,0.00073
mar,2010,0.00078
mar,2011,0.00097
mar,2012,0.00128
mar,2013,0.00122
mar,2014,0.00117
mar,2015,0.00117
mar,2016,0.00118
mar,2017,0.00115
mar,2018,0.00103
mar,2019,0.00096
mex,1965,0.00658
mex,1966,0.00673
mex,1967,0.00561
mex,1968,0.00584
mex,1969,0.00703
mex,1970,0.00697
mex,1971,0.00703
mex,1972,0.00729
mex,1973,0.00785
mex,1974,0.00802
mex,1975,0.00794
mex,1976,0.00757
mex,1977,0.00779
mex,1978,0.00955
mex,1979,0.01131
mex,1980,0.01185
mex,1981,0.01254
mex,1982,0.01317
mex,1983,0.01328
mex,1984,0.013
mex,1985,0.01304
mex,1986,0.01136
mex,1987,0.01133
mex,1988,0.0113
mex,1989,0.01084
mex,1990,0.0115
mex,1991,0.01189
mex,1992,0.01168
mex,1993,0.01151
mex,1994,0.01202
mex,1995,0.01205
mex,1996,0.01209
mex,1997,0.01196
mex,1998,0.01255
mex,1999,0.01248
mex,2000,0.01307
mex,2001,0.01299
mex,2002,0.01454
mex,2003,0.01554
mex,2004,0.01654
mex,2005,0.0179
mex,2006,0.01951
mex,2007,0.01881
mex,2008,0.01949
mex,2009,0.02086
mex,2010,0.02084
mex,2011,0.02203
mex,2012,0.02261
mex,2013,0.02357
mex,2014,0.02358
mex,2015,0.02387
mex,2016,0.02424
mex,2017,0.02482
mex,2018,0.02498
mex,2019,0.02559
mkd,1990,0
mkd,1991,0
mkd,1992,0
mkd,1993,0
mkd,1994,0
mkd,1995,0
mkd,1996,0
mkd,1997,0
mkd,1998,0.00034
mkd,1999,0.00063
mkd,2000,0.00102
mkd,2001,0.00135
mkd,2002,0.00138
mkd,2003,0.00123
mkd,2004,0.00119
mkd,2005,0.00127
mkd,2006,0.00136
mkd,2007,0.00173
mkd,2008,0.00197
mkd,2009,0.0013
mkd,2010,0.00193
mkd,2011,0.00223
mkd,2012,0.00231
mkd,2013,0.00261
mkd,2014,0.00224
mkd,2015,0.00225
mkd,2016,0.00354
mkd,2017,0.00455
mkd,2018,0.0042
mkd,2019,0.00489
mys,1965,0
mys,1966,0
mys,1967,0
mys,1968,0
mys,1969,0
mys,1970,0.00003
mys,1971,0.00027
mys,1972,0.00037
mys,1973,0.00036
mys,1974,0.00073
mys,1975,0.00086
mys,1976,0.001
mys,1977,0.00089
mys,1978,0.00645
mys,1979,0.00782
mys,1980,0.00679
mys,1981,0.00557
mys,1982,0.00685
mys,1983,0.00938
mys,1984,0.01133
mys,1985,0.01066
mys,1986,0.01608
mys,1987,0.01558
mys,1988,0.01542
mys,1989,0.01715
mys,1990,0.01579
mys,1991,0.02286
mys,1992,0.02421
mys,1993,0.02319
mys,1994,0.02349
mys,1995,0.02379
mys,1996,0.02791
mys,1997,0.03377
mys,1998,0.03327
mys,1999,0.03696
mys,2000,0.04463
mys,2001,0.04207
mys,2002,0.04177
mys,2003,0.04411
mys,2004,0.04672
mys,2005,0.05237
mys,2006,0.0534
mys,2007,0.05443
mys,2008,0.05756
mys,2009,0.05195
mys,2010,0.04853
mys,2011,0.04815
mys,2012,0.05204
mys,2013,0.05444
mys,2014,0.05389
mys,2015,0.0557
mys,2016,0.05279
mys,2017,0.05213
mys,2018,0.04686
mys,2019,0.04765
nld,1965,0.00441
nld,1966,0.0083
nld,1967,0.01449
nld,1968,0.02408
nld,1969,0.03508
nld,1970,0.04884
nld,1971,0.06313
nld,1972,0.08125
nld,1973,0.08942
nld,1974,0.09423
nld,1975,0.09742
nld,1976,0.10034
nld,1977,0.09998
nld,1978,0.09954
nld,1979,0.09852
nld,1980,0.08955
nld,1981,0.08479
nld,1982,0.08059
nld,1983,0.08576
nld,1984,0.09067
nld,1985,0.09508
nld,1986,0.09427
nld,1987,0.09671
nld,1988,0.08691
nld,1989,0.08858
nld,1990,0.08854
nld,1991,0.09814
nld,1992,0.09493
nld,1993,0.09698
nld,1994,0.09304
nld,1995,0.09496
nld,1996,0.1046
nld,1997,0.09743
nld,1998,0.09566
nld,1999,0.09293
nld,2000,0.09266
nld,2001,0.09399
nld,2002,0.09251
nld,2003,0.09262
nld,2004,0.09433
nld,2005,0.09118
nld,2006,0.08717
nld,2007,0.08463
nld,2008,0.08776
nld,2009,0.08955
nld,2010,0.1009
nld,2011,0.08803
nld,2012,0.08422
nld,2013,0.08359
nld,2014,0.07346
nld,2015,0.07243
nld,2016,0.07452
nld,2017,0.07649
nld,2018,0.07463
nld,2019,0.07758
nor,1965,0
nor,1966,0
nor,1967,0
nor,1968,0
nor,1969,0
nor,1970,0
nor,1971,0
nor,1972,0
nor,1973,0
nor,1974,0
nor,1975,0
nor,1976,0
nor,1977,0.00355
nor,1978,0.00594
nor,1979,0.00676
nor,1980,0.00724
nor,1981,0.00888
nor,1982,0.00955
nor,1983,0.01072
nor,1984,0.01028
nor,1985,0.0108
nor,1986,0.01185
nor,1987,0.01299
nor,1988,0.01629
nor,1989,0.01795
nor,1990,0.01892
nor,1991,0.0212
nor,1992,0.0227
nor,1993,0.02374
nor,1994,0.02534
nor,1995,0.02544
nor,1996,0.02745
nor,1997,0.0315
nor,1998,0.03198
nor,1999,0.03037
nor,2000,0.0339
nor,2001,0.03125
nor,2002,0.03318
nor,2003,0.03556
nor,2004,0.03738
nor,2005,0.03396
nor,2006,0.03317
nor,2007,0.03185
nor,2008,0.03241
nor,2009,0.0306
nor,2010,0.03007
nor,2011,0.02924
nor,2012,0.02873
nor,2013,0.02817
nor,2014,0.03011
nor,2015,0.03122
nor,2016,0.02998
nor,2017,0.03116
nor,2018,0.03023
nor,2019,0.03008
nzl,1965,0
nzl,1966,0
nzl,1967,0
nzl,1968,0
nzl,1969,0
nzl,1970,0.00091
nzl,1971,0.00113
nzl,1972,0.00201
nzl,1973,0.00229
nzl,1974,0.00327
nzl,1975,0.00355
nzl,1976,0.01001
nzl,1977,0.01657
nzl,1978,0.0156
nzl,1979,0.00999
nzl,1980,0.00903
nzl,1981,0.01129
nzl,1982,0.02084
nzl,1983,0.02245
nzl,1984,0.02876
nzl,1985,0.03676
nzl,1986,0.04445
nzl,1987,0.04262
nzl,1988,0.0466
nzl,1989,0.02572
nzl,1990,0.04711
nzl,1991,0.05053
nzl,1992,0.0526
nzl,1993,0.05042
nzl,1994,0.0465
nzl,1995,0.04375
nzl,1996,0.04929
nzl,1997,0.0526
nzl,1998,0.04599
nzl,1999,0.0521
nzl,2000,0.05483
nzl,2001,0.05713
nzl,2002,0.05378
nzl,2003,0.03998
nzl,2004,0.03596
nzl,2005,0.03274
nzl,2006,0.03285
nzl,2007,0.0359
nzl,2008,0.03291
nzl,2009,0.03349
nzl,2010,0.0363
nzl,2011,0.03276
nzl,2012,0.03597
nzl,2013,0.03731
nzl,2014,0.04112
nzl,2015,0.03796
nzl,2016,0.03707
nzl,2017,0.03779
nzl,2018,0.03346
nzl,2019,0.03612
omn,1965,0
omn,1966,0
omn,1967,0
omn,1968,0
omn,1969,0
omn,1970,0
omn,1971,0
omn,1972,0
omn,1973,0
omn,1974,0
omn,1975,0
omn,1976,0
omn,1977,0
omn,1978,0.01055
omn,1979,0.01678
omn,1980,0.02015
omn,1981,0.02246
omn,1982,0.02325
omn,1983,0.02737
omn,1984,0.03272
omn,1985,0.03979
omn,1986,0.04464
omn,1987,0.0482
omn,1988,0.04682
omn,1989,0.04683
omn,1990,0.04862
omn,1991,0.04717
omn,1992,0.04924
omn,1993,0.04523
omn,1994,0.04567
omn,1995,0.05446
omn,1996,0.05864
omn,1997,0.0674
omn,1998,0.07021
omn,1999,0.07509
omn,2000,0.12171
omn,2001,0.1322
omn,2002,0.13612
omn,2003,0.1437
omn,2004,0.12689
omn,2005,0.15451
omn,2006,0.16789
omn,2007,0.16498
omn,2008,0.17485
omn,2009,0.1717
omn,2010,0.19293
omn,2011,0.20058
omn,2012,0.20261
omn,2013,0.20727
omn,2014,0.19002
omn,2015,0.19378
omn,2016,0.18357
omn,2017,0.18012
omn,2018,0.18617
omn,2019,0.18097
pak,1965,0.00104
pak,1966,0.00115
pak,1967,0.00131
pak,1968,0.00143
pak,1969,0.00171
pak,1970,0.0018
pak,1971,0.00175
pak,1972,0.00158
pak,1973,0.00175
pak,1974,0.00188
pak,1975,0.00205
pak,1976,0.00203
pak,1977,0.00215
pak,1978,0.00214
pak,1979,0.00234
pak,1980,0.00277
pak,1981,0.00292
pak,1982,0.00308
pak,1983,0.00293
pak,1984,0.00291
pak,1985,0.00288
pak,1986,0.00299
pak,1987,0.0031
pak,1988,0.00318
pak,1989,0.00329
pak,1990,0.00342
pak,1991,0.00358
pak,1992,0.00342
pak,1993,0.00383
pak,1994,0.0038
pak,1995,0.00379
pak,1996,0.004
pak,1997,0.00388
pak,1998,0.00397
pak,1999,0.0044
pak,2000,0.00454
pak,2001,0.00467
pak,2002,0.00495
pak,2003,0.00601
pak,2004,0.00705
pak,2005,0.00732
pak,2006,0.00731
pak,2007,0.00725
pak,2008,0.00726
pak,2009,0.00712
pak,2010,0.00709
pak,2011,0.00694
pak,2012,0.00703
pak,2013,0.0067
pak,2014,0.00645
pak,2015,0.0066
pak,2016,0.00683
pak,2017,0.00705
pak,2018,0.00739
pak,2019,0.00759
per,1965,0.00112
per,1966,0.00114
per,1967,0.00104
per,1968,0.00112
per,1969,0.00111
per,1970,0.00106
per,1971,0.00123
per,1972,0.00115
per,1973,0.0011
per,1974,0.0011
per,1975,0.00133
per,1976,0.0014
per,1977,0.00135
per,1978,0.00138
per,1979,0.00124
per,1980,0.0013
per,1981,0.00146
per,1982,0.0015
per,1983,0.00096
per,1984,0.00127
per,1985,0.00097
per,1986,0.001
per,1987,0.00097
per,1988,0.0009
per,1989,0.00075
per,1990,0.0007
per,1991,0.00064
per,1992,0.00057
per,1993,0.00059
per,1994,0.0006
per,1995,0.00057
per,1996,0.00057
per,1997,0.00033
per,1998,0.00055
per,1999,0.00055
per,2000,0.00045
per,2001,0.00048
per,2002,0.00057
per,2003,0.00066
per,2004,0.00108
per,2005,0.00189
per,2006,0.00219
per,2007,0.00327
per,2008,0.00412
per,2009,0.00418
per,2010,0.00673
per,2011,0.00774
per,2012,0.00837
per,2013,0.0081
per,2014,0.00889
per,2015,0.00903
per,2016,0.00989
per,2017,0.00858
per,2018,0.00901
per,2019,0.00919
phl,1965,0
phl,1966,0
phl,1967,0
phl,1968,0
phl,1969,0
phl,1970,0
phl,1971,0
phl,1972,0
phl,1973,0
phl,1974,0
phl,1975,0
phl,1976,0
phl,1977,0
phl,1978,0
phl,1979,0
phl,1980,0
phl,1981,0
phl,1982,0
phl,1983,0
phl,1984,0
phl,1985,0
phl,1986,0
phl,1987,0
phl,1988,0
phl,1989,0
phl,1990,0
phl,1991,0
phl,1992,0
phl,1993,0
phl,1994,0
phl,1995,0
phl,1996,0
phl,1997,0
phl,1998,0
phl,1999,0
phl,2000,0
phl,2001,0.00006
phl,2002,0.00075
phl,2003,0.00111
phl,2004,0.00101
phl,2005,0.00131
phl,2006,0.00121
phl,2007,0.00142
phl,2008,0.00147
phl,2009,0.00146
phl,2010,0.00135
phl,2011,0.00143
phl,2012,0.00135
phl,2013,0.00122
phl,2014,0.00127
phl,2015,0.00117
phl,2016,0.00132
phl,2017,0.00129
phl,2018,0.00138
phl,2019,0.00136
pol,1965,0.00197
pol,1966,0.00232
pol,1967,0.00281
pol,1968,0.00383
pol,1969,0.00527
pol,1970,0.00667
pol,1971,0.00728
pol,1972,0.0076
pol,1973,0.00784
pol,1974,0.00799
pol,1975,0.00849
pol,1976,0.00898
pol,1977,0.00944
pol,1978,0.00985
pol,1979,0.01018
pol,1980,0.01033
pol,1981,0.00966
pol,1982,0.00956
pol,1983,0.00969
pol,1984,0.01
pol,1985,0.01006
pol,1986,0.0106
pol,1987,0.01089
pol,1988,0.01077
pol,1989,0.01054
pol,1990,0.00986
pol,1991,0.00916
pol,1992,0.00851
pol,1993,0.00891
pol,1994,0.00896
pol,1995,0.00979
pol,1996,0.01027
pol,1997,0.01023
pol,1998,0.01033
pol,1999,0.01006
pol,2000,0.01082
pol,2001,0.01128
pol,2002,0.011
pol,2003,0.01226
pol,2004,0.01295
pol,2005,0.01335
pol,2006,0.01351
pol,2007,0.01351
pol,2008,0.01468
pol,2009,0.01417
pol,2010,0.01525
pol,2011,0.01547
pol,2012,0.0164
pol,2013,0.01643
pol,2014,0.01608
pol,2015,0.01618
pol,2016,0.0173
pol,2017,0.01819
pol,2018,0.01892
pol,2019,0.01936
prt,1965,0
prt,1966,0
prt,1967,0
prt,1968,0
prt,1969,0
prt,1970,0
prt,1971,0
prt,1972,0
prt,1973,0
prt,1974,0
prt,1975,0
prt,1976,0
prt,1977,0
prt,1978,0
prt,1979,0
prt,1980,0
prt,1981,0
prt,1982,0
prt,1983,0
prt,1984,0
prt,1985,0
prt,1986,0
prt,1987,0
prt,1988,0
prt,1989,0
prt,1990,0
prt,1991,0
prt,1992,0
prt,1993,0
prt,1994,0
prt,1995,0
prt,1996,0
prt,1997,0.00036
prt,1998,0.00283
prt,1999,0.00789
prt,2000,0.00807
prt,2001,0.00896
prt,2002,0.01086
prt,2003,0.01042
prt,2004,0.01301
prt,2005,0.01469
prt,2006,0.01406
prt,2007,0.01495
prt,2008,0.01632
prt,2009,0.01619
prt,2010,0.01763
prt,2011,0.01789
prt,2012,0.01558
prt,2013,0.01484
prt,2014,0.01426
prt,2015,0.01674
prt,2016,0.01771
prt,2017,0.02218
prt,2018,0.02036
prt,2019,0.02158
qat,1965,0.04099
qat,1966,0.03827
qat,1967,0.04879
qat,1968,0.20547
qat,1969,0.31468
qat,1970,0.34193
qat,1971,0.31358
qat,1972,0.31493
qat,1973,0.41404
qat,1974,0.31482
qat,1975,0.45419
qat,1976,0.23464
qat,1977,0.31698
qat,1978,0.28709
qat,1979,0.79216
qat,1980,0.78991
qat,1981,0.64953
qat,1982,0.67941
qat,1983,0.63063
qat,1984,0.64744
qat,1985,0.54852
qat,1986,0.54334
qat,1987,0.49515
qat,1988,0.4922
qat,1989,0.50036
qat,1990,0.49286
qat,1991,0.58334
qat,1992,0.94918
qat,1993,1.00305
qat,1994,0.99205
qat,1995,0.97968
qat,1996,0.66856
qat,1997,0.69776
qat,1998,0.73135
qat,1999,0.81121
qat,2000,0.68645
qat,2001,0.61298
qat,2002,0.64341
qat,2003,0.69029
qat,2004,0.75086
qat,2005,0.7443
qat,2006,0.62512
qat,2007,0.56904
qat,2008,0.51865
qat,2009,0.46271
qat,2010,0.4927
qat,2011,0.50705
qat,2012,0.55079
qat,2013,0.54765
qat,2014,0.56412
qat,2015,0.59514
qat,2016,0.54534
qat,2017,0.52731
qat,2018,0.53527
qat,2019,0.5221
rou,1965,0.0261
rou,1966,0.02785
rou,1967,0.03034
rou,1968,0.03172
rou,1969,0.03638
rou,1970,0.03736
rou,1971,0.0395
rou,1972,0.03966
rou,1973,0.04147
rou,1974,0.04236
rou,1975,0.04557
rou,1976,0.04974
rou,1977,0.05219
rou,1978,0.05347
rou,1979,0.05113
rou,1980,0.05274
rou,1981,0.05512
rou,1982,0.05583
rou,1983,0.05541
rou,1984,0.05501
rou,1985,0.05096
rou,1986,0.05164
rou,1987,0.05047
rou,1988,0.0504
rou,1989,0.05004
rou,1990,0.0514
rou,1991,0.04248
rou,1992,0.03796
rou,1993,0.03668
rou,1994,0.03361
rou,1995,0.03508
rou,1996,0.03565
rou,1997,0.02948
rou,1998,0.02793
rou,1999,0.02578
rou,2000,0.02587
rou,2001,0.02509
rou,2002,0.02611
rou,2003,0.02839
rou,2004,0.02704
rou,2005,0.02722
rou,2006,0.028
rou,2007,0.0254
rou,2008,0.02444
rou,2009,0.02146
rou,2010,0.02206
rou,2011,0.02286
rou,2012,0.02231
rou,2013,0.02046
rou,2014,0.01954
rou,2015,0.01874
rou,2016,0.01908
rou,2017,0.02068
rou,2018,0.02134
rou,2019,0.02024
rus,1985,0.08967
rus,1986,0.09006
rus,1987,0.09457
rus,1988,0.09913
rus,1989,0.10002
rus,1990,0.10107
rus,1991,0.10337
rus,1992,0.09988
rus,1993,0.09951
rus,1994,0.09351
rus,1995,0.09046
rus,1996,0.09109
rus,1997,0.08417
rus,1998,0.08784
rus,1999,0.08784
rus,2000,0.09004
rus,2001,0.09187
rus,2002,0.09338
rus,2003,0.09599
rus,2004,0.09885
rus,2005,0.10033
rus,2006,0.10587
rus,2007,0.10775
rus,2008,0.10624
rus,2009,0.09991
rus,2010,0.10636
rus,2011,0.10913
rus,2012,0.10716
rus,2013,0.10598
rus,2014,0.10506
rus,2015,0.10147
rus,2016,0.10424
rus,2017,0.10664
rus,2018,0.11227
rus,2019,0.10965
sau,1965,0.00446
sau,1966,0.00518
sau,1967,0.00603
sau,1968,0.00699
sau,1969,0.0081
sau,1970,0.00948
sau,1971,0.00756
sau,1972,0.00818
sau,1973,0.00917
sau,1974,0.01104
sau,1975,0.01249
sau,1976,0.01282
sau,1977,0.01715
sau,1978,0.02245
sau,1979,0.02609
sau,1980,0.03431
sau,1981,0.0376
sau,1982,0.0374
sau,1983,0.0343
sau,1984,0.05012
sau,1985,0.04901
sau,1986,0.06248
sau,1987,0.06345
sau,1988,0.06604
sau,1989,0.06505
sau,1990,0.07062
sau,1991,0.07171
sau,1992,0.07569
sau,1993,0.07709
sau,1994,0.08031
sau,1995,0.07877
sau,1996,0.0798
sau,1997,0.0799
sau,1998,0.08094
sau,1999,0.07824
sau,2000,0.08244
sau,2001,0.0866
sau,2002,0.08893
sau,2003,0.09147
sau,2004,0.0971
sau,2005,0.1023
sau,2006,0.10255
sau,2007,0.10106
sau,2008,0.10627
sau,2009,0.10075
sau,2010,0.10933
sau,2011,0.11162
sau,2012,0.11652
sau,2013,0.11384
sau,2014,0.11325
sau,2015,0.11262
sau,2016,0.11686
sau,2017,0.11882
sau,2018,0.11974
sau,2019,0.11939
sgp,1965,0
sgp,1966,0
sgp,1967,0
sgp,1968,0
sgp,1969,0
sgp,1970,0
sgp,1971,0
sgp,1972,0
sgp,1973,0
sgp,1974,0
sgp,1975,0
sgp,1976,0
sgp,1977,0
sgp,1978,0
sgp,1979,0
sgp,1980,0
sgp,1981,0
sgp,1982,0
sgp,1983,0
sgp,1984,0
sgp,1985,0
sgp,1986,0
sgp,1987,0
sgp,1988,0
sgp,1989,0
sgp,1990,0
sgp,1991,0
sgp,1992,0.01176
sgp,1993,0.01552
sgp,1994,0.01502
sgp,1995,0.01455
sgp,1996,0.0141
sgp,1997,0.01367
sgp,1998,0.01329
sgp,1999,0.01297
sgp,2000,0.01481
sgp,2001,0.03846
sgp,2002,0.04129
sgp,2003,0.04456
sgp,2004,0.05332
sgp,2005,0.05221
sgp,2006,0.06664
sgp,2007,0.06408
sgp,2008,0.06569
sgp,2009,0.06654
sgp,2010,0.05849
sgp,2011,0.05668
sgp,2012,0.05987
sgp,2013,0.06611
sgp,2014,0.06769
sgp,2015,0.07454
sgp,2016,0.07579
sgp,2017,0.0775
sgp,2018,0.07682
sgp,2019,0.07902
svk,1965,0.00245
svk,1966,0.00271
svk,1967,0.00322
svk,1968,0.00717
svk,1969,0.00722
svk,1970,0.00962
svk,1971,0.01198
svk,1972,0.01289
svk,1973,0.01403
svk,1974,0.01694
svk,1975,0.0192
svk,1976,0.02098
svk,1977,0.02359
svk,1978,0.02616
svk,1979,0.02673
svk,1980,0.01942
svk,1981,0.02
svk,1982,0.02073
svk,1983,0.02115
svk,1984,0.02387
svk,1985,0.02439
svk,1986,0.02598
svk,1987,0.0273
svk,1988,0.02675
svk,1989,0.03011
svk,1990,0.04028
svk,1991,0.03569
svk,1992,0.03911
svk,1993,0.03859
svk,1994,0.03674
svk,1995,0.04064
svk,1996,0.04275
svk,1997,0.04333
svk,1998,0.044
svk,1999,0.04451
svk,2000,0.04479
svk,2001,0.04783
svk,2002,0.04549
svk,2003,0.04395
svk,2004,0.04264
svk,2005,0.04577
svk,2006,0.04171
svk,2007,0.03947
svk,2008,0.04006
svk,2009,0.0343
svk,2010,0.03879
svk,2011,0.03589
svk,2012,0.03375
svk,2013,0.0352
svk,2014,0.02909
svk,2015,0.02988
svk,2016,0.02997
svk,2017,0.03179
svk,2018,0.0313
svk,2019,0.032
svn,1990,0.01601
svn,1991,0.01521
svn,1992,0.01286
svn,1993,0.0128
svn,1994,0.01397
svn,1995,0.01554
svn,1996,0.01581
svn,1997,0.01682
svn,1998,0.01723
svn,1999,0.01798
svn,2000,0.01738
svn,2001,0.0179
svn,2002,0.01727
svn,2003,0.0191
svn,2004,0.0189
svn,2005,0.01946
svn,2006,0.0188
svn,2007,0.01903
svn,2008,0.01818
svn,2009,0.01711
svn,2010,0.01767
svn,2011,0.01506
svn,2012,0.01444
svn,2013,0.01415
svn,2014,0.01268
svn,2015,0.01343
svn,2016,0.01422
svn,2017,0.01495
svn,2018,0.01478
svn,2019,0.01484
swe,1965,0
swe,1966,0
swe,1967,0
swe,1968,0
swe,1969,0
swe,1970,0
swe,1971,0
swe,1972,0
swe,1973,0
swe,1974,0
swe,1975,0
swe,1976,0
swe,1977,0
swe,1978,0
swe,1979,0
swe,1980,0
swe,1981,0
swe,1982,0
swe,1983,0
swe,1984,0
swe,1985,0.00031
swe,1986,0.00081
swe,1987,0.00107
swe,1988,0.00137
swe,1989,0.00183
swe,1990,0.00253
swe,1991,0.00268
swe,1992,0.003
swe,1993,0.00326
swe,1994,0.00321
swe,1995,0.0032
swe,1996,0.00342
swe,1997,0.00338
swe,1998,0.00335
swe,1999,0.00335
swe,2000,0.00328
swe,2001,0.00369
swe,2002,0.00374
swe,2003,0.00372
swe,2004,0.00369
swe,2005,0.0035
swe,2006,0.00364
swe,2007,0.00373
swe,2008,0.00336
swe,2009,0.00444
swe,2010,0.00593
swe,2011,0.00465
swe,2012,0.00402
swe,2013,0.00383
swe,2014,0.00312
swe,2015,0.00344
swe,2016,0.00366
swe,2017,0.0035
swe,2018,0.00367
swe,2019,0.00376
tha,1965,0
tha,1966,0
tha,1967,0
tha,1968,0
tha,1969,0
tha,1970,0
tha,1971,0
tha,1972,0
tha,1973,0
tha,1974,0
tha,1975,0
tha,1976,0
tha,1977,0
tha,1978,0
tha,1979,0
tha,1980,0
tha,1981,0.00021
tha,1982,0.00103
tha,1983,0.00119
tha,1984,0.00174
tha,1985,0.00225
tha,1986,0.00237
tha,1987,0.00323
tha,1988,0.00374
tha,1989,0.00361
tha,1990,0.00386
tha,1991,0.00472
tha,1992,0.00507
tha,1993,0.00569
tha,1994,0.00624
tha,1995,0.0064
tha,1996,0.00737
tha,1997,0.00914
tha,1998,0.00964
tha,1999,0.01059
tha,2000,0.01212
tha,2001,0.01392
tha,2002,0.015
tha,2003,0.01585
tha,2004,0.01648
tha,2005,0.01764
tha,2006,0.01806
tha,2007,0.01913
tha,2008,0.01999
tha,2009,0.02053
tha,2010,0.02315
tha,2011,0.02363
tha,2012,0.02581
tha,2013,0.02581
tha,2014,0.02627
tha,2015,0.0267
tha,2016,0.02639
tha,2017,0.02605
tha,2018,0.02594
tha,2019,0.02628
tkm,1985,0.09072
tkm,1986,0.1434
tkm,1987,0.13898
tkm,1988,0.13736
tkm,1989,0.13826
tkm,1990,0.09067
tkm,1991,0.08639
tkm,1992,0.0815
tkm,1993,0.07925
tkm,1994,0.08419
tkm,1995,0.06495
tkm,1996,0.10022
tkm,1997,0.06946
tkm,1998,0.08424
tkm,1999,0.0744
tkm,2000,0.05708
tkm,2001,0.08298
tkm,2002,0.05855
tkm,2003,0.08983
tkm,2004,0.08767
tkm,2005,0.08818
tkm,2006,0.08976
tkm,2007,0.08253
tkm,2008,0.05757
tkm,2009,0.12302
tkm,2010,0.1293
tkm,2011,0.14427
tkm,2012,0.15676
tkm,2013,0.12968
tkm,2014,0.13147
tkm,2015,0.16422
tkm,2016,0.15968
tkm,2017,0.15481
tkm,2018,0.1747
tkm,2019,0.19104
tto,1965,0.04512
tto,1966,0.05257
tto,1967,0.05765
tto,1968,0.06012
tto,1969,0.06002
tto,1970,0.07281
tto,1971,0.07019
tto,1972,0.07162
tto,1973,0.06781
tto,1974,0.06105
tto,1975,0.0547
tto,1976,0.06071
tto,1977,0.0704
tto,1978,0.0829
tto,1979,0.08448
tto,1980,0.09403
tto,1981,0.10196
tto,1982,0.12192
tto,1983,0.12431
tto,1984,0.12833
tto,1985,0.12967
tto,1986,0.13122
tto,1987,0.13771
tto,1988,0.15724
tto,1989,0.15641
tto,1990,0.16107
tto,1991,0.16212
tto,1992,0.1557
tto,1993,0.17378
tto,1994,0.1981
tto,1995,0.21187
tto,1996,0.23859
tto,1997,0.25844
tto,1998,0.25806
tto,1999,0.26425
tto,2000,0.27879
tto,2001,0.30842
tto,2002,0.33065
tto,2003,0.3792
tto,2004,0.41495
tto,2005,0.45469
tto,2006,0.53275
tto,2007,0.5405
tto,2008,0.5247
tto,2009,0.52023
tto,2010,0.56217
tto,2011,0.55182
tto,2012,0.54171
tto,2013,0.54133
tto,2014,0.54198
tto,2015,0.51504
tto,2016,0.44281
tto,2017,0.47727
tto,2018,0.45004
tto,2019,0.4527
tur,1965,0
tur,1966,0
tur,1967,0
tur,1968,0
tur,1969,0
tur,1970,0
tur,1971,0
tur,1972,0
tur,1973,0
tur,1974,0
tur,1975,0
tur,1976,0
tur,1977,0
tur,1978,0
tur,1979,0
tur,1980,0
tur,1981,0
tur,1982,0.00003
tur,1983,0.00003
tur,1984,0.00003
tur,1985,0.00003
tur,1986,0.00029
tur,1987,0.00035
tur,1988,0.00079
tur,1989,0.00205
tur,1990,0.00216
tur,1991,0.0026
tur,1992,0.0028
tur,1993,0.00301
tur,1994,0.00314
tur,1995,0.004
tur,1996,0.00459
tur,1997,0.00555
tur,1998,0.00577
tur,1999,0.00685
tur,2000,0.00794
tur,2001,0.00861
tur,2002,0.0092
tur,2003,0.01092
tur,2004,0.01137
tur,2005,0.01364
tur,2006,0.01529
tur,2007,0.01753
tur,2008,0.01805
tur,2009,0.01702
tur,2010,0.01783
tur,2011,0.02051
tur,2012,0.02089
tur,2013,0.02085
tur,2014,0.02174
tur,2015,0.02107
tur,2016,0.02007
tur,2017,0.02289
tur,2018,0.02065
tur,2019,0.01865
twn,1965,0.00064
twn,1966,0.0007
twn,1967,0.00088
twn,1968,0.0012
twn,1969,0.00147
twn,1970,0.00136
twn,1971,0.00266
twn,1972,0.00304
twn,1973,0.00344
twn,1974,0.00356
twn,1975,0.00347
twn,1976,0.00424
twn,1977,0.0044
twn,1978,0.00426
twn,1979,0.00405
twn,1980,0.00412
twn,1981,0.00346
twn,1982,0.0026
twn,1983,0.00266
twn,1984,0.00264
twn,1985,0.00233
twn,1986,0.0021
twn,1987,0.00209
twn,1988,0.00236
twn,1989,0.00235
twn,1990,0.00373
twn,1991,0.00537
twn,1992,0.00528
twn,1993,0.00548
twn,1994,0.0066
twn,1995,0.00733
twn,1996,0.00743
twn,1997,0.00867
twn,1998,0.01022
twn,1999,0.01034
twn,2000,0.01109
twn,2001,0.01187
twn,2002,0.01318
twn,2003,0.01351
twn,2004,0.01633
twn,2005,0.01636
twn,2006,0.01746
twn,2007,0.01844
twn,2008,0.01996
twn,2009,0.01942
twn,2010,0.02403
twn,2011,0.02636
twn,2012,0.02758
twn,2013,0.02757
twn,2014,0.02891
twn,2015,0.03084
twn,2016,0.03196
twn,2017,0.03535
twn,2018,0.0359
twn,2019,0.03522
ukr,1985,0.06009
ukr,1986,0.06322
ukr,1987,0.06441
ukr,1988,0.0681
ukr,1989,0.06873
ukr,1990,0.08462
ukr,1991,0.08041
ukr,1992,0.06861
ukr,1993,0.06169
ukr,1994,0.05418
ukr,1995,0.05101
ukr,1996,0.05955
ukr,1997,0.05404
ukr,1998,0.05048
ukr,1999,0.05412
ukr,2000,0.05469
ukr,2001,0.0535
ukr,2002,0.05312
ukr,2003,0.05463
ukr,2004,0.05462
ukr,2005,0.05544
ukr,2006,0.0541
ukr,2007,0.05129
ukr,2008,0.04894
ukr,2009,0.0383
ukr,2010,0.04289
ukr,2011,0.04429
ukr,2012,0.04106
ukr,2013,0.03792
ukr,2014,0.03217
ukr,2015,0.02564
ukr,2016,0.0253
ukr,2017,0.02443
ukr,2018,0.02487
ukr,2019,0.02308
usa,1965,0.07497
usa,1966,0.07993
usa,1967,0.08357
usa,1968,0.08863
usa,1969,0.09455
usa,1970,0.09878
usa,1971,0.10093
usa,1972,0.10106
usa,1973,0.09934
usa,1974,0.09505
usa,1975,0.08646
usa,1976,0.08738
usa,1977,0.08481
usa,1978,0.08432
usa,1979,0.08632
usa,1980,0.08373
usa,1981,0.08095
usa,1982,0.07454
usa,1983,0.06928
usa,1984,0.07331
usa,1985,0.0699
usa,1986,0.0649
usa,1987,0.06835
usa,1988,0.07082
usa,1989,0.07453
usa,1990,0.07383
usa,1991,0.07473
usa,1992,0.07653
usa,1993,0.07767
usa,1994,0.07868
usa,1995,0.08119
usa,1996,0.08169
usa,1997,0.08116
usa,1998,0.07878
usa,1999,0.0781
usa,2000,0.0803
usa,2001,0.07598
usa,2002,0.07771
usa,2003,0.0748
usa,2004,0.07445
usa,2005,0.07264
usa,2006,0.07092
usa,2007,0.07475
usa,2008,0.0746
usa,2009,0.07259
usa,2010,0.07551
usa,2011,0.07605
usa,2012,0.07888
usa,2013,0.08044
usa,2014,0.08159
usa,2015,0.08342
usa,2016,0.08349
usa,2017,0.08195
usa,2018,0.09024
usa,2019,0.09262
uzb,1985,0.06206
uzb,1986,0.05836
uzb,1987,0.05962
uzb,1988,0.05737
uzb,1989,0.0592
uzb,1990,0.06153
uzb,1991,0.06057
uzb,1992,0.05947
uzb,1993,0.06338
uzb,1994,0.06303
uzb,1995,0.06331
uzb,1996,0.06469
uzb,1997,0.06234
uzb,1998,0.06156
uzb,1999,0.07023
uzb,2000,0.07074
uzb,2001,0.07034
uzb,2002,0.07152
uzb,2003,0.06368
uzb,2004,0.06353
uzb,2005,0.06392
uzb,2006,0.05816
uzb,2007,0.06198
uzb,2008,0.05751
uzb,2009,0.05653
uzb,2010,0.0556
uzb,2011,0.05883
uzb,2012,0.05652
uzb,2013,0.05551
uzb,2014,0.05744
uzb,2015,0.05394
uzb,2016,0.04961
uzb,2017,0.04855
uzb,2018,0.0492
uzb,2019,0.04739
ven,1965,0.02792
ven,1966,0.02832
ven,1967,0.03002
ven,1968,0.02999
ven,1969,0.0299
ven,1970,0.02703
ven,1971,0.02542
ven,1972,0.02453
ven,1973,0.02936
ven,1974,0.03015
ven,1975,0.02849
ven,1976,0.03432
ven,1977,0.03641
ven,1978,0.03572
ven,1979,0.03891
ven,1980,0.03897
ven,1981,0.03813
ven,1982,0.03962
ven,1983,0.03801
ven,1984,0.04096
ven,1985,0.03997
ven,1986,0.04289
ven,1987,0.04074
ven,1988,0.04066
ven,1989,0.04073
ven,1990,0.04471
ven,1991,0.04355
ven,1992,0.04202
ven,1993,0.04436
ven,1994,0.04592
ven,1995,0.05011
ven,1996,0.05307
ven,1997,0.05394
ven,1998,0.05548
ven,1999,0.04614
ven,2000,0.04612
ven,2001,0.04798
ven,2002,0.04524
ven,2003,0.03945
ven,2004,0.04366
ven,2005,0.04145
ven,2006,0.04685
ven,2007,0.04924
ven,2008,0.04546
ven,2009,0.04394
ven,2010,0.03958
ven,2011,0.04153
ven,2012,0.04244
ven,2013,0.03905
ven,2014,0.04077
ven,2015,0.04432
ven,2016,0.04491
ven,2017,0.04727
ven,2018,0.0394
ven,2019,0.0334
vnm,1965,0
vnm,1966,0
vnm,1967,0
vnm,1968,0
vnm,1969,0
vnm,1970,0
vnm,1971,0
vnm,1972,0
vnm,1973,0
vnm,1974,0
vnm,1975,0
vnm,1976,0
vnm,1977,0
vnm,1978,0
vnm,1979,0
vnm,1980,0
vnm,1981,0.00001
vnm,1982,0.00001
vnm,1983,0.00004
vnm,1984,0.00003
vnm,1985,0.00002
vnm,1986,0.00002
vnm,1987,0.00002
vnm,1988,0.00001
vnm,1989,0.00002
vnm,1990,0.00002
vnm,1991,0.00004
vnm,1992,0.0001
vnm,1993,0.00012
vnm,1994,0.00012
vnm,1995,0.00007
vnm,1996,0.00013
vnm,1997,0.00024
vnm,1998,0.0004
vnm,1999,0.00057
vnm,2000,0.0007
vnm,2001,0.00086
vnm,2002,0.00102
vnm,2003,0.001
vnm,2004,0.00174
vnm,2005,0.00267
vnm,2006,0.00287
vnm,2007,0.00288
vnm,2008,0.00302
vnm,2009,0.0032
vnm,2010,0.00371
vnm,2011,0.00331
vnm,2012,0.00362
vnm,2013,0.00373
vnm,2014,0.00387
vnm,2015,0.004
vnm,2016,0.00394
vnm,2017,0.00362
vnm,2018,0.00364
vnm,2019,0.00368
zaf,1965,0
zaf,1966,0
zaf,1967,0
zaf,1968,0
zaf,1969,0
zaf,1970,0
zaf,1971,0.0001
zaf,1972,0.00014
zaf,1973,0.00015
zaf,1974,0.00017
zaf,1975,0.00022
zaf,1976,0.00022
zaf,1977,0.0002
zaf,1978,0.0002
zaf,1979,0.00024
zaf,1980,0.00027
zaf,1981,0.00025
zaf,1982,0.00022
zaf,1983,0.00025
zaf,1984,0.00024
zaf,1985,0.00022
zaf,1986,0.00023
zaf,1987,0.00021
zaf,1988,0.0002
zaf,1989,0.0002
zaf,1990,0.00193
zaf,1991,0.0019
zaf,1992,0.00171
zaf,1993,0.00116
zaf,1994,0.00113
zaf,1995,0.00112
zaf,1996,0.00096
zaf,1997,0.00078
zaf,1998,0.00077
zaf,1999,0.00096
zaf,2000,0.00091
zaf,2001,0.00109
zaf,2002,0.00109
zaf,2003,0.00081
zaf,2004,0.00185
zaf,2005,0.0026
zaf,2006,0.00278
zaf,2007,0.00278
zaf,2008,0.00284
zaf,2009,0.00237
zaf,2010,0.0029
zaf,2011,0.00296
zaf,2012,0.00297
zaf,2013,0.00272
zaf,2014,0.00284
zaf,2015,0.00281
zaf,2016,0.00291
zaf,2017,0.0028
zaf,2018,0.00279
zaf,2019,0.00263
